payment_id,order_id,customer_id,payment_amount,payment_method,payment_status,payment_timestamp
PAY-O-00001,O2026091400001,C0095,1478.31,CARD,SUCCESS,2026-09-14 01:46:19
PAY-O-00002,O2026091400002,C0043,11897.2,WALLET,SUCCESS,2026-09-14 18:12:45
PAY-O-00003,O2026091400003,C0070,9362.1,UPI,SUCCESS,2026-09-14 20:47:51
PAY-O-00004,O2026091400004,C0019,4942.4,CARD,SUCCESS,2026-09-14 10:11:38
PAY-O-00005,O2026091400005,C0090,11682.32,WALLET,SUCCESS,2026-09-14 08:42:47
PAY-O-00006,O2026091400006,C0070,13667.36,UPI,SUCCESS,2026-09-14 15:40:39
PAY-O-00007,O2026091400007,C0031,17959.56,CARD,SUCCESS,2026-09-14 09:17:33
PAY-O-00008,O2026091400008,C0014,12459.3,UPI,SUCCESS,2026-09-14 11:45:48
PAY-O-00009,O2026091400009,C0048,10530.72,NET_BANKING,SUCCESS,2026-09-14 04:19:17
PAY-O-00010,O2026091400010,C0055,3916.94,NET_BANKING,SUCCESS,2026-09-14 23:45:23
PAY-O-00011,O2026091400011,C0036,2974.3,CARD,SUCCESS,2026-09-14 02:30:15
PAY-O-00012,O2026091400012,C0039,3596.68,WALLET,SUCCESS,2026-09-14 00:28:02
PAY-O-00013,O2026091400013,C0049,6725.62,CARD,SUCCESS,2026-09-14 09:06:58
PAY-O-00014,O2026091400014,C0068,8719.95,CARD,SUCCESS,2026-09-14 20:04:27
PAY-O-00015,O2026091400015,C0095,5778.55,WALLET,SUCCESS,2026-09-14 10:58:02
PAY-O-00016,O2026091400016,C0002,7391.55,WALLET,SUCCESS,2026-09-14 19:26:58
PAY-O-00017,O2026091400017,C0060,2286.35,NET_BANKING,SUCCESS,2026-09-14 16:02:04
PAY-O-00018,O2026091400018,C0088,4391.58,WALLET,SUCCESS,2026-09-14 12:35:57
PAY-O-00019,O2026091400019,C0069,8719.95,NET_BANKING,SUCCESS,2026-09-14 18:58:59
PAY-O-00021,O2026091400021,C0077,1236.42,NET_BANKING,SUCCESS,2026-09-14 09:52:50
PAY-O-00022,O2026091400022,C0016,9884.8,WALLET,SUCCESS,2026-09-14 12:16:58
PAY-O-00023,O2026091400023,C0035,11831.34,NET_BANKING,SUCCESS,2026-09-14 03:59:59
PAY-O-00024,O2026091400024,C0023,5032.56,WALLET,SUCCESS,2026-09-14 06:10:24
PAY-O-00025,O2026091400025,C0090,3353.73,UPI,SUCCESS,2026-09-14 20:38:13
PAY-O-00026,O2026091400026,C0059,15127.6,WALLET,SUCCESS,2026-09-14 17:47:59
PAY-O-00027,O2026091400027,C0035,19484.68,CARD,SUCCESS,2026-09-14 21:27:16
PAY-O-00028,O2026091400028,C0060,13469.67,WALLET,SUCCESS,2026-09-14 22:57:57
PAY-O-00029,O2026091400029,C0067,1579.54,NET_BANKING,SUCCESS,2026-09-14 03:16:44
PAY-O-00030,O2026091400030,C0100,275.41,NET_BANKING,SUCCESS,2026-09-14 17:12:53
PAY-O-00032,O2026091400032,C0058,8086.44,UPI,SUCCESS,2026-09-14 00:41:43
PAY-O-00033,O2026091400033,C0010,4196.17,NET_BANKING,SUCCESS,2026-09-14 12:57:49
PAY-O-00035,O2026091400035,C0033,10169.48,NET_BANKING,SUCCESS,2026-09-14 02:29:27
PAY-O-00036,O2026091400036,C0084,8922.9,WALLET,SUCCESS,2026-09-14 16:48:39
PAY-O-00037,O2026091400037,C0011,4381.17,CARD,SUCCESS,2026-09-14 23:49:25
PAY-O-00038,O2026091400038,C0062,1761.72,WALLET,SUCCESS,2026-09-14 22:06:43
PAY-O-00039,O2026091400039,C0007,7487.12,CARD,SUCCESS,2026-09-14 18:22:47
PAY-O-00040,O2026091400040,C0016,7487.12,WALLET,SUCCESS,2026-09-14 21:00:41
PAY-O-00041,O2026091400041,C0005,9412.38,NET_BANKING,SUCCESS,2026-09-14 10:39:48
PAY-O-00042,O2026091400042,C0058,455.19,CARD,SUCCESS,2026-09-14 06:35:40
PAY-O-00044,O2026091400044,C0011,2667.06,CARD,SUCCESS,2026-09-14 15:00:44
PAY-O-00045,O2026091400045,C0022,3701.94,UPI,SUCCESS,2026-09-14 21:43:52
PAY-O-00046,O2026091400046,C0049,8388.52,NET_BANKING,SUCCESS,2026-09-14 19:22:58
PAY-O-00047,O2026091400047,C0017,8388.52,CARD,SUCCESS,2026-09-14 14:16:46
PAY-O-00048,O2026091400048,C0091,10394.0,CARD,SUCCESS,2026-09-14 15:04:00
PAY-O-00049,O2026091400049,C0035,2910.04,NET_BANKING,SUCCESS,2026-09-14 17:10:35
PAY-O-00050,O2026091400050,C0062,6062.45,CARD,SUCCESS,2026-09-14 00:19:52
PAY-O-00051,O2026091400051,C0082,4921.16,NET_BANKING,SUCCESS,2026-09-14 11:09:49
PAY-O-00052,O2026091400052,C0005,13609.35,NET_BANKING,SUCCESS,2026-09-14 17:30:28
PAY-O-00053,O2026091400053,C0063,16895.1,NET_BANKING,SUCCESS,2026-09-14 17:59:35
PAY-O-00054,O2026091400054,C0053,4935.92,CARD,SUCCESS,2026-09-14 21:57:53
PAY-O-00055,O2026091400055,C0027,19528.84,CARD,SUCCESS,2026-09-14 11:51:48
PAY-O-00056,O2026091400056,C0023,24355.85,UPI,SUCCESS,2026-09-14 05:46:23
PAY-O-00057,O2026091400057,C0024,9884.8,UPI,SUCCESS,2026-09-14 01:25:21
PAY-O-00058,O2026091400058,C0003,3863.98,UPI,SUCCESS,2026-09-14 19:09:42
PAY-O-00059,O2026091400059,C0017,2974.3,UPI,SUCCESS,2026-09-14 14:26:52
PAY-O-00060,O2026091400060,C0087,19484.68,CARD,SUCCESS,2026-09-14 09:08:53
PAY-O-00061,O2026091400061,C0026,748.31,NET_BANKING,SUCCESS,2026-09-14 15:40:50
PAY-O-00062,O2026091400062,C0069,2414.56,UPI,SUCCESS,2026-09-14 13:58:24
PAY-O-00063,O2026091400063,C0027,14043.0,NET_BANKING,SUCCESS,2026-09-14 02:00:37
PAY-O-00064,O2026091400064,C0049,5304.87,WALLET,SUCCESS,2026-09-14 17:41:20
PAY-O-00065,O2026091400065,C0022,1354.26,WALLET,SUCCESS,2026-09-14 14:40:32
PAY-O-00066,O2026091400066,C0091,14626.15,NET_BANKING,SUCCESS,2026-09-14 00:59:38
PAY-O-00067,O2026091400067,C0076,2917.0,NET_BANKING,SUCCESS,2026-09-14 01:16:57
PAY-O-00068,O2026091400068,C0031,1183.54,UPI,SUCCESS,2026-09-14 15:53:05
PAY-O-00069,O2026091400069,C0010,18041.65,WALLET,SUCCESS,2026-09-14 15:17:03
PAY-O-00070,O2026091400070,C0074,1105.87,CARD,SUCCESS,2026-09-14 13:54:11
PAY-O-00071,O2026091400071,C0097,6318.16,NET_BANKING,SUCCESS,2026-09-14 09:52:06
PAY-O-00072,O2026091400072,C0066,7522.68,WALLET,SUCCESS,2026-09-14 04:31:32
PAY-O-00073,O2026091400073,C0097,3453.22,UPI,SUCCESS,2026-09-14 12:49:02
PAY-O-00074,O2026091400074,C0027,2424.98,UPI,SUCCESS,2026-09-14 08:04:18
PAY-O-00075,O2026091400075,C0043,9764.42,CARD,SUCCESS,2026-09-14 00:21:57
PAY-O-00076,O2026091400076,C0001,7020.48,CARD,SUCCESS,2026-09-14 18:59:34
PAY-O-00077,O2026091400077,C0039,12828.03,NET_BANKING,SUCCESS,2026-09-14 00:59:46
PAY-O-00078,O2026091400078,C0093,4100.7,WALLET,SUCCESS,2026-09-14 01:13:58
PAY-O-00079,O2026091400079,C0010,18824.76,NET_BANKING,SUCCESS,2026-09-14 03:57:07
PAY-O-00080,O2026091400080,C0079,1906.3,WALLET,SUCCESS,2026-09-14 11:07:26
PAY-O-00081,O2026091400081,C0048,5398.98,NET_BANKING,SUCCESS,2026-09-14 13:11:15
PAY-O-00082,O2026091400082,C0078,17551.2,CARD,SUCCESS,2026-09-14 09:51:21
PAY-O-00083,O2026091400083,C0066,12824.2,NET_BANKING,SUCCESS,2026-09-14 11:22:35
PAY-O-00084,O2026091400084,C0089,8051.96,WALLET,SUCCESS,2026-09-14 14:08:21
PAY-O-00085,O2026091400085,C0027,5778.55,UPI,SUCCESS,2026-09-14 15:47:52
PAY-O-00086,O2026091400086,C0091,3353.73,WALLET,SUCCESS,2026-09-14 18:03:36
PAY-O-00087,O2026091400087,C0042,13667.36,WALLET,FAILED,2026-09-14 00:17:25
PAY-O-00088,O2026091400088,C0053,18806.7,UPI,SUCCESS,2026-09-14 11:07:56
PAY-O-00089,O2026091400089,C0025,862.53,UPI,FAILED,2026-09-14 18:30:31
PAY-O-00090,O2026091400090,C0053,15775.12,CARD,SUCCESS,2026-09-14 01:42:54
PAY-O-00091,O2026091400091,C0066,7073.16,NET_BANKING,SUCCESS,2026-09-14 04:23:05
PAY-O-00092,O2026091400092,C0068,12542.76,WALLET,SUCCESS,2026-09-14 06:29:37
PAY-O-00093,O2026091400093,C0061,23686.4,WALLET,SUCCESS,2026-09-14 02:09:52
PAY-O-00094,O2026091400094,C0012,10064.95,UPI,FAILED,2026-09-14 17:57:25
PAY-O-00095,O2026091400095,C0040,859.56,CARD,FAILED,2026-09-14 04:12:33
PAY-O-00096,O2026091400096,C0072,12857.76,CARD,SUCCESS,2026-09-14 15:10:06
PAY-O-00097,O2026091400097,C0046,10679.48,CARD,SUCCESS,2026-09-14 02:27:59
PAY-O-00098,O2026091400098,C0066,9658.24,CARD,SUCCESS,2026-09-14 19:27:33
PAY-O-00099,O2026091400099,C0082,10700.75,CARD,SUCCESS,2026-09-14 14:19:03
PAY-O-00100,O2026091400100,C0059,18806.7,WALLET,SUCCESS,2026-09-14 12:15:52
PAY-O-00101,O2026091400101,C0048,8337.88,WALLET,SUCCESS,2026-09-14 16:04:43
PAY-O-00102,O2026091400102,C0069,5847.8,WALLET,SUCCESS,2026-09-14 10:08:18
PAY-O-00103,O2026091400103,C0090,583.4,CARD,SUCCESS,2026-09-14 05:50:03
PAY-O-00104,O2026091400104,C0095,15228.12,CARD,SUCCESS,2026-09-14 21:41:49
PAY-O-00105,O2026091400105,C0006,3637.47,UPI,SUCCESS,2026-09-14 11:18:08
PAY-O-00106,O2026091400106,C0099,3762.81,NET_BANKING,SUCCESS,2026-09-14 13:48:58
PAY-O-00107,O2026091400107,C0007,19756.95,WALLET,SUCCESS,2026-09-14 10:02:03
PAY-O-00108,O2026091400108,C0046,3453.22,CARD,SUCCESS,2026-09-14 21:18:00
PAY-O-00109,O2026091400109,C0068,471.44,WALLET,SUCCESS,2026-09-14 01:13:55
PAY-O-00110,O2026091400110,C0026,11854.17,WALLET,SUCCESS,2026-09-14 21:31:09
PAY-O-00111,O2026091400111,C0091,17553.75,WALLET,SUCCESS,2026-09-14 20:03:59
PAY-O-00113,O2026091400113,C0092,22209.65,CARD,SUCCESS,2026-09-14 01:31:55
PAY-O-00114,O2026091400114,C0098,15045.36,CARD,SUCCESS,2026-09-14 07:47:25
PAY-O-00115,O2026091400115,C0048,2920.58,NET_BANKING,SUCCESS,2026-09-14 18:53:20
PAY-O-00116,O2026091400116,C0081,838.08,UPI,SUCCESS,2026-09-14 12:45:44
PAY-O-00117,O2026091400117,C0040,24411.05,UPI,SUCCESS,2026-09-14 09:02:11
PAY-O-00118,O2026091400118,C0099,23530.95,CARD,SUCCESS,2026-09-14 08:04:31
PAY-O-00119,O2026091400119,C0025,9026.16,UPI,SUCCESS,2026-09-14 14:04:52
PAY-O-00120,O2026091400120,C0050,4945.68,NET_BANKING,SUCCESS,2026-09-14 22:54:56
PAY-O-00121,O2026091400121,C0051,5875.41,WALLET,SUCCESS,2026-09-14 06:40:47
PAY-O-00122,O2026091400122,C0031,3971.12,UPI,SUCCESS,2026-09-14 02:53:16
PAY-O-00123,O2026091400123,C0094,151.73,NET_BANKING,SUCCESS,2026-09-14 06:20:25
PAY-O-00124,O2026091400124,C0093,19954.52,UPI,SUCCESS,2026-09-14 04:26:59
PAY-O-00125,O2026091400125,C0100,15840.2,CARD,SUCCESS,2026-09-14 13:24:46
PAY-O-00126,O2026091400126,C0073,7198.64,WALLET,SUCCESS,2026-09-14 23:32:56
PAY-O-00127,O2026091400127,C0034,10254.84,NET_BANKING,SUCCESS,2026-09-14 09:37:16
PAY-O-00128,O2026091400128,C0077,2642.58,WALLET,SUCCESS,2026-09-14 06:29:33
PAY-O-00129,O2026091400129,C0058,2516.28,WALLET,SUCCESS,2026-09-14 09:25:59
PAY-O-00130,O2026091400130,C0084,3146.25,UPI,FAILED,2026-09-14 08:41:43
PAY-O-00131,O2026091400131,C0055,3637.55,NET_BANKING,PENDING,2026-09-14 19:19:50
PAY-O-00132,O2026091400132,C0044,9362.1,NET_BANKING,SUCCESS,2026-09-14 00:58:40
PAY-O-00133,O2026091400133,C0065,9213.4,UPI,SUCCESS,2026-09-14 00:06:39
PAY-O-00134,O2026091400134,C0069,2472.84,WALLET,SUCCESS,2026-09-14 20:47:57
PAY-O-00135,O2026091400135,C0051,3523.44,WALLET,SUCCESS,2026-09-14 03:15:19
PAY-O-00136,O2026091400136,C0044,517.02,WALLET,SUCCESS,2026-09-14 16:58:47
PAY-O-00138,O2026091400138,C0032,16161.28,UPI,SUCCESS,2026-09-14 22:43:02
PAY-O-00139,O2026091400139,C0061,861.7,NET_BANKING,SUCCESS,2026-09-14 05:52:02
PAY-O-00140,O2026091400140,C0046,3774.42,WALLET,SUCCESS,2026-09-14 00:09:53
PAY-O-00141,O2026091400141,C0073,3709.26,CARD,PENDING,2026-09-14 10:54:14
PAY-O-00142,O2026091400142,C0028,15435.85,NET_BANKING,SUCCESS,2026-09-14 21:56:25
PAY-O-00143,O2026091400143,C0064,7021.5,UPI,SUCCESS,2026-09-14 00:03:31
PAY-O-00144,O2026091400144,C0007,16723.24,NET_BANKING,SUCCESS,2026-09-14 14:04:42
PAY-O-00145,O2026091400145,C0052,24411.05,NET_BANKING,SUCCESS,2026-09-14 20:22:02
PAY-O-00146,O2026091400146,C0065,4489.89,UPI,SUCCESS,2026-09-14 07:53:29
PAY-O-00147,O2026091400147,C0051,12897.9,UPI,SUCCESS,2026-09-14 23:40:46
PAY-O-00149,O2026091400149,C0074,3916.94,CARD,SUCCESS,2026-09-14 12:30:14
PAY-O-00150,O2026091400150,C0093,15127.6,CARD,SUCCESS,2026-09-14 18:18:48
PAY-O-00151,O2026091400151,C0014,8139.86,CARD,SUCCESS,2026-09-14 03:52:56
PAY-O-00152,O2026091400152,C0073,6038.97,WALLET,SUCCESS,2026-09-14 11:13:52
PAY-O-00153,O2026091400153,C0053,18528.92,NET_BANKING,SUCCESS,2026-09-14 10:07:22
PAY-O-00154,O2026091400154,C0026,7301.95,UPI,SUCCESS,2026-09-14 05:18:58
PAY-O-00155,O2026091400155,C0063,20980.85,WALLET,SUCCESS,2026-09-14 20:16:41
PAY-O-00156,O2026091400156,C0096,20980.85,WALLET,SUCCESS,2026-09-14 20:36:07
PAY-O-00157,O2026091400157,C0022,6758.04,UPI,SUCCESS,2026-09-14 23:26:25
PAY-O-00158,O2026091400158,C0093,3362.81,CARD,SUCCESS,2026-09-14 17:29:01
PAY-O-00159,O2026091400159,C0031,13477.52,WALLET,SUCCESS,2026-09-14 06:25:47
PAY-O-00160,O2026091400160,C0029,16612.4,UPI,SUCCESS,2026-09-14 22:18:39
PAY-O-00161,O2026091400161,C0096,3536.58,UPI,SUCCESS,2026-09-14 07:55:46
PAY-O-00162,O2026091400162,C0034,20349.65,UPI,FAILED,2026-09-14 20:30:33
PAY-O-00163,O2026091400163,C0023,5615.34,UPI,SUCCESS,2026-09-14 02:01:08
PAY-O-00164,O2026091400164,C0004,18213.8,WALLET,SUCCESS,2026-09-14 12:56:27
PAY-O-00165,O2026091400165,C0097,4606.7,WALLET,SUCCESS,2026-09-14 18:22:20
PAY-O-00167,O2026091400167,C0074,4978.71,CARD,SUCCESS,2026-09-14 03:08:31
PAY-O-00168,O2026091400168,C0036,1798.34,WALLET,SUCCESS,2026-09-14 04:50:35
PAY-O-00169,O2026091400169,C0068,21526.3,UPI,SUCCESS,2026-09-14 10:32:28
PAY-O-00170,O2026091400170,C0095,11516.75,NET_BANKING,SUCCESS,2026-09-14 03:45:43
PAY-O-00171,O2026091400171,C0064,3844.44,WALLET,SUCCESS,2026-09-14 11:01:28
PAY-O-00172,O2026091400172,C0084,24180.55,UPI,SUCCESS,2026-09-14 23:26:18
PAY-O-00173,O2026091400173,C0085,1377.05,WALLET,SUCCESS,2026-09-14 06:38:58
PAY-O-00174,O2026091400174,C0024,2211.74,WALLET,SUCCESS,2026-09-14 11:07:04
PAY-O-00175,O2026091400175,C0051,4299.3,WALLET,SUCCESS,2026-09-14 04:30:46
PAY-O-00176,O2026091400176,C0005,2439.14,NET_BANKING,SUCCESS,2026-09-14 21:52:37
PAY-O-00177,O2026091400177,C0095,2667.06,CARD,SUCCESS,2026-09-15 00:02:28
PAY-O-00178,O2026091400178,C0030,2642.58,CARD,SUCCESS,2026-09-14 05:56:25
PAY-O-00179,O2026091400179,C0029,19718.9,NET_BANKING,SUCCESS,2026-09-14 20:23:28
PAY-O-00181,O2026091400181,C0048,24411.05,NET_BANKING,SUCCESS,2026-09-14 03:46:03
PAY-O-00182,O2026091400182,C0016,7036.12,UPI,FAILED,2026-09-14 05:53:44
PAY-O-00183,O2026091400183,C0051,1906.3,NET_BANKING,SUCCESS,2026-09-14 01:32:24
PAY-O-00184,O2026091400184,C0044,3362.81,NET_BANKING,SUCCESS,2026-09-14 19:53:56
PAY-O-00185,O2026091400185,C0098,10703.75,NET_BANKING,PENDING,2026-09-14 04:36:38
PAY-O-00186,O2026091400186,C0055,1212.49,CARD,SUCCESS,2026-09-14 01:40:30
PAY-O-00187,O2026091400187,C0025,211.59,NET_BANKING,SUCCESS,2026-09-14 17:16:59
PAY-O-00188,O2026091400188,C0098,1761.72,WALLET,SUCCESS,2026-09-14 05:02:15
PAY-O-00189,O2026091400189,C0070,2439.14,NET_BANKING,SUCCESS,2026-09-14 04:02:10
PAY-O-00190,O2026091400190,C0022,3353.73,NET_BANKING,SUCCESS,2026-09-14 05:21:11
PAY-O-00191,O2026091400191,C0052,16846.9,CARD,SUCCESS,2026-09-14 07:01:41
PAY-O-00192,O2026091400192,C0098,14796.64,CARD,SUCCESS,2026-09-14 16:23:59
PAY-O-00193,O2026091400193,C0035,2723.79,WALLET,SUCCESS,2026-09-14 18:08:00
PAY-O-00194,O2026091400194,C0001,11700.92,UPI,SUCCESS,2026-09-14 18:49:12
PAY-O-00195,O2026091400195,C0069,3602.67,WALLET,SUCCESS,2026-09-14 11:27:58
PAY-O-00196,O2026091400196,C0028,8719.95,NET_BANKING,PENDING,2026-09-14 04:04:06
PAY-O-00197,O2026091400197,C0079,4299.3,UPI,SUCCESS,2026-09-14 02:59:28
PAY-O-00198,O2026091400198,C0068,2286.35,CARD,SUCCESS,2026-09-14 05:07:46
PAY-O-00199,O2026091400199,C0040,3089.42,UPI,SUCCESS,2026-09-14 13:55:50
PAY-O-00200,O2026091400200,C0073,3838.05,NET_BANKING,SUCCESS,2026-09-14 23:08:51
PAY-O-00201,O2026091400201,C0019,3369.38,CARD,SUCCESS,2026-09-14 09:11:15
PAY-O-00202,O2026091400202,C0062,10808.01,WALLET,SUCCESS,2026-09-14 04:14:58
PAY-O-00203,O2026091400203,C0092,7251.7,NET_BANKING,SUCCESS,2026-09-14 13:23:09
PAY-O-00204,O2026091400204,C0077,1927.4,WALLET,SUCCESS,2026-09-14 11:37:01
PAY-O-00205,O2026091400205,C0043,1126.0,CARD,SUCCESS,2026-09-14 01:34:05
PAY-O-00206,O2026091400206,C0038,5813.3,CARD,SUCCESS,2026-09-14 22:38:11
PAY-O-00207,O2026091400207,C0009,9637.0,UPI,SUCCESS,2026-09-14 23:37:30
PAY-O-00208,O2026091400208,C0039,1074.45,NET_BANKING,SUCCESS,2026-09-14 12:18:57
PAY-O-00209,O2026091400209,C0086,17767.72,NET_BANKING,SUCCESS,2026-09-14 06:58:35
PAY-O-00210,O2026091400210,C0008,15603.5,UPI,SUCCESS,2026-09-14 12:55:23
PAY-O-00211,O2026091400211,C0014,4187.39,NET_BANKING,SUCCESS,2026-09-14 12:23:01
PAY-O-00212,O2026091400212,C0068,10137.06,WALLET,SUCCESS,2026-09-14 22:11:32
PAY-O-00213,O2026091400213,C0093,20201.6,NET_BANKING,SUCCESS,2026-09-14 04:47:47
PAY-O-00214,O2026091400214,C0074,8139.86,CARD,SUCCESS,2026-09-14 14:40:10
PAY-O-00215,O2026091400215,C0048,151.73,CARD,SUCCESS,2026-09-14 13:59:04
PAY-O-00216,O2026091400216,C0098,19344.44,WALLET,SUCCESS,2026-09-14 03:29:21
PAY-O-00217,O2026091400217,C0054,1354.26,CARD,SUCCESS,2026-09-14 04:07:47
PAY-O-00218,O2026091400218,C0061,23161.15,CARD,SUCCESS,2026-09-14 08:33:59
PAY-O-00219,O2026091400219,C0035,13325.79,WALLET,SUCCESS,2026-09-14 01:55:47
PAY-O-00220,O2026091400220,C0034,14211.84,NET_BANKING,SUCCESS,2026-09-14 20:00:23
PAY-O-00221,O2026091400221,C0062,3943.78,NET_BANKING,SUCCESS,2026-09-14 05:10:54
PAY-O-00222,O2026091400222,C0088,1557.14,WALLET,SUCCESS,2026-09-14 22:14:16
PAY-O-00223,O2026091400223,C0008,3510.75,NET_BANKING,SUCCESS,2026-09-14 06:59:18
PAY-O-00224,O2026091400224,C0052,1896.68,WALLET,SUCCESS,2026-09-14 06:14:18
PAY-O-00225,O2026091400225,C0066,3257.61,UPI,SUCCESS,2026-09-14 00:45:45
PAY-O-00226,O2026091400226,C0043,13023.6,CARD,SUCCESS,2026-09-14 21:18:04
PAY-O-00227,O2026091400227,C0049,8361.62,WALLET,SUCCESS,2026-09-14 21:46:01
PAY-O-00228,O2026091400228,C0028,2872.75,WALLET,SUCCESS,2026-09-14 04:17:53
PAY-O-00229,O2026091400229,C0047,7709.6,NET_BANKING,SUCCESS,2026-09-14 03:58:19
PAY-O-00230,O2026091400230,C0068,3536.58,WALLET,SUCCESS,2026-09-14 19:16:29
PAY-O-00231,O2026091400231,C0062,21429.6,NET_BANKING,SUCCESS,2026-09-14 15:27:29
PAY-O-00233,O2026091400233,C0005,344.68,CARD,SUCCESS,2026-09-14 14:03:39
PAY-O-00234,O2026091400234,C0081,8719.95,NET_BANKING,SUCCESS,2026-09-14 01:50:45
PAY-O-00235,O2026091400235,C0098,6756.92,NET_BANKING,SUCCESS,2026-09-14 21:38:44
PAY-O-00236,O2026091400236,C0085,3599.32,NET_BANKING,SUCCESS,2026-09-14 03:05:29
PAY-O-00237,O2026091400237,C0020,7243.68,CARD,SUCCESS,2026-09-14 13:47:06
PAY-O-00238,O2026091400238,C0008,14072.24,NET_BANKING,SUCCESS,2026-09-14 06:21:13
PAY-O-00239,O2026091400239,C0095,492.28,CARD,SUCCESS,2026-09-14 07:19:31
PAY-O-00240,O2026091400240,C0062,21669.15,CARD,SUCCESS,2026-09-14 03:29:06
PAY-O-00241,O2026091400241,C0049,22625.6,NET_BANKING,SUCCESS,2026-09-14 00:09:24
PAY-O-00244,O2026091400244,C0068,4180.92,UPI,SUCCESS,2026-09-14 03:00:13
PAY-O-00245,O2026091400245,C0066,5467.6,WALLET,SUCCESS,2026-09-14 20:09:42
PAY-O-00246,O2026091400246,C0062,3701.94,NET_BANKING,SUCCESS,2026-09-14 13:14:20
PAY-O-00248,O2026091400248,C0080,3699.16,WALLET,SUCCESS,2026-09-14 11:35:50
PAY-O-00249,O2026091400249,C0077,2925.23,CARD,SUCCESS,2026-09-14 01:54:28
PAY-O-00250,O2026091400250,C0013,10887.48,UPI,SUCCESS,2026-09-14 20:23:13
PAY-O-00251,O2026091400251,C0097,4285.92,UPI,SUCCESS,2026-09-14 02:59:15
PAY-O-00252,O2026091400252,C0071,4305.26,CARD,SUCCESS,2026-09-14 12:32:57
PAY-O-00253,O2026091400253,C0003,3602.67,NET_BANKING,SUCCESS,2026-09-14 07:41:29
PAY-O-00254,O2026091400254,C0093,4305.26,NET_BANKING,SUCCESS,2026-09-14 19:41:23
PAY-O-00255,O2026091400255,C0010,16030.25,CARD,SUCCESS,2026-09-14 02:36:14
PAY-O-00256,O2026091400256,C0027,1464.58,NET_BANKING,SUCCESS,2026-09-14 22:50:52
PAY-O-00258,O2026091400258,C0058,6169.9,CARD,SUCCESS,2026-09-14 11:39:45
PAY-O-00259,O2026091400259,C0077,3741.55,WALLET,SUCCESS,2026-09-14 10:43:21
PAY-O-00260,O2026091400260,C0012,10700.75,UPI,SUCCESS,2026-09-14 19:17:36
PAY-O-00261,O2026091400261,C0096,2335.71,NET_BANKING,SUCCESS,2026-09-14 21:24:23
PAY-O-00262,O2026091400262,C0039,3513.66,NET_BANKING,SUCCESS,2026-09-14 22:25:21
PAY-O-00263,O2026091400263,C0045,3741.55,CARD,SUCCESS,2026-09-14 09:01:18
PAY-O-00264,O2026091400264,C0004,12588.51,WALLET,SUCCESS,2026-09-14 02:22:52
PAY-O-00265,O2026091400265,C0063,1455.02,NET_BANKING,SUCCESS,2026-09-14 16:21:46
PAY-O-00266,O2026091400266,C0043,7727.96,NET_BANKING,SUCCESS,2026-09-14 04:20:30
PAY-O-00267,O2026091400267,C0059,4741.7,UPI,SUCCESS,2026-09-14 10:22:11
PAY-O-00268,O2026091400268,C0019,8337.88,WALLET,SUCCESS,2026-09-14 17:30:50
PAY-O-00269,O2026091400269,C0015,10064.95,NET_BANKING,SUCCESS,2026-09-14 13:47:18
PAY-O-00270,O2026091400270,C0089,415.64,UPI,SUCCESS,2026-09-14 17:09:30
PAY-O-00271,O2026091400271,C0073,6629.94,NET_BANKING,SUCCESS,2026-09-14 17:28:24
PAY-O-00272,O2026091400272,C0076,1761.72,WALLET,SUCCESS,2026-09-14 05:55:44
PAY-O-00273,O2026091400273,C0072,8922.9,CARD,SUCCESS,2026-09-14 05:46:20
PAY-O-00274,O2026091400274,C0005,3762.81,WALLET,SUCCESS,2026-09-14 13:10:04
PAY-O-00275,O2026091400275,C0063,4606.7,UPI,SUCCESS,2026-09-14 19:00:33
PAY-O-00276,O2026091400276,C0032,4622.84,NET_BANKING,SUCCESS,2026-09-14 22:30:59
PAY-O-00277,O2026091400277,C0036,14433.32,NET_BANKING,SUCCESS,2026-09-14 08:53:30
PAY-O-00278,O2026091400278,C0009,3608.33,NET_BANKING,SUCCESS,2026-09-14 20:39:29
PAY-O-00279,O2026091400279,C0083,17590.3,NET_BANKING,SUCCESS,2026-09-14 15:02:57
PAY-O-00280,O2026091400280,C0065,11831.34,UPI,PENDING,2026-09-14 13:36:26
PAY-O-00281,O2026091400281,C0022,8883.86,NET_BANKING,SUCCESS,2026-09-14 16:26:50
PAY-O-00282,O2026091400282,C0021,17351.96,UPI,SUCCESS,2026-09-14 23:03:51
PAY-O-00283,O2026091400283,C0004,17017.05,UPI,SUCCESS,2026-09-14 15:49:34
PAY-O-00284,O2026091400284,C0044,8401.26,CARD,FAILED,2026-09-14 10:42:16
PAY-O-00285,O2026091400285,C0017,1726.61,UPI,SUCCESS,2026-09-14 19:09:37
PAY-O-00286,O2026091400286,C0092,11848.8,UPI,SUCCESS,2026-09-14 18:59:43
PAY-O-00287,O2026091400287,C0021,18100.48,NET_BANKING,SUCCESS,2026-09-14 06:21:50
PAY-O-00288,O2026091400288,C0094,2906.65,NET_BANKING,SUCCESS,2026-09-14 01:42:43
PAY-O-00289,O2026091400289,C0093,1414.32,NET_BANKING,SUCCESS,2026-09-14 10:29:54
PAY-O-00290,O2026091400290,C0051,4391.58,WALLET,FAILED,2026-09-14 10:42:25
PAY-O-00291,O2026091400291,C0097,8598.6,WALLET,SUCCESS,2026-09-14 11:38:22
PAY-O-00292,O2026091400292,C0084,8392.34,UPI,SUCCESS,2026-09-14 11:15:09
PAY-O-00293,O2026091400293,C0045,14602.9,CARD,SUCCESS,2026-09-14 23:23:43
PAY-O-00294,O2026091400294,C0012,16933.32,NET_BANKING,FAILED,2026-09-14 17:09:35
PAY-O-00295,O2026091400295,C0096,7625.2,CARD,SUCCESS,2026-09-14 07:38:36
PAY-O-00296,O2026091400296,C0001,11682.32,NET_BANKING,SUCCESS,2026-09-14 03:56:10
PAY-O-00297,O2026091400297,C0092,3513.66,WALLET,SUCCESS,2026-09-14 02:16:41
PAY-O-00298,O2026091400298,C0087,4921.16,NET_BANKING,SUCCESS,2026-09-14 05:01:32
PAY-O-00299,O2026091400299,C0045,7814.16,NET_BANKING,SUCCESS,2026-09-14 09:16:26
PAY-O-00300,O2026091400300,C0005,7920.1,WALLET,SUCCESS,2026-09-14 14:40:30
PAY-O-00301,O2026091400301,C0019,4471.64,CARD,SUCCESS,2026-09-14 06:44:47
PAY-O-00302,O2026091400302,C0017,577.43,NET_BANKING,SUCCESS,2026-09-14 04:10:17
PAY-O-00303,O2026091400303,C0007,10887.48,WALLET,SUCCESS,2026-09-14 09:48:12
PAY-O-00304,O2026091400304,C0020,12582.78,WALLET,SUCCESS,2026-09-14 16:43:06
PAY-O-00305,O2026091400305,C0026,1464.58,NET_BANKING,SUCCESS,2026-09-14 15:39:54
PAY-O-00306,O2026091400306,C0034,6412.1,WALLET,SUCCESS,2026-09-14 03:16:32
PAY-O-00307,O2026091400307,C0080,9772.83,NET_BANKING,SUCCESS,2026-09-14 16:02:16
PAY-O-00308,O2026091400308,C0015,7205.34,UPI,SUCCESS,2026-09-14 18:28:54
PAY-O-00309,O2026091400309,C0076,2604.72,NET_BANKING,SUCCESS,2026-09-14 20:58:19
PAY-O-00310,O2026091400310,C0074,2910.04,CARD,SUCCESS,2026-09-14 19:08:49
PAY-O-00311,O2026091400311,C0024,8598.6,CARD,SUCCESS,2026-09-14 15:20:46
PAY-O-00312,O2026091400312,C0033,17767.72,CARD,SUCCESS,2026-09-14 15:22:28
PAY-O-00313,O2026091400313,C0085,606.92,WALLET,FAILED,2026-09-14 19:15:40
PAY-O-00314,O2026091400314,C0100,4402.76,CARD,FAILED,2026-09-14 13:05:55
PAY-O-00315,O2026091400315,C0019,14043.0,WALLET,SUCCESS,2026-09-14 07:24:57
PAY-O-00316,O2026091400316,C0031,12542.76,UPI,SUCCESS,2026-09-14 06:25:23
PAY-O-00317,O2026091400317,C0065,13349.35,NET_BANKING,SUCCESS,2026-09-14 12:03:33
PAY-O-00318,O2026091400318,C0018,16161.28,NET_BANKING,SUCCESS,2026-09-14 18:49:52
PAY-O-00319,O2026091400319,C0019,3164.31,WALLET,SUCCESS,2026-09-14 09:53:50
PAY-O-00320,O2026091400320,C0022,4741.7,NET_BANKING,SUCCESS,2026-09-14 20:39:42
PAY-O-00321,O2026091400321,C0070,1377.05,UPI,SUCCESS,2026-09-14 06:02:12
PAY-O-00322,O2026091400322,C0021,2467.96,NET_BANKING,SUCCESS,2026-09-14 12:07:23
PAY-O-00323,O2026091400323,C0092,5041.44,UPI,SUCCESS,2026-09-14 01:40:32
PAY-O-00324,O2026091400324,C0100,644.67,CARD,SUCCESS,2026-09-14 03:44:18
PAY-O-00325,O2026091400325,C0058,1464.58,UPI,SUCCESS,2026-09-14 14:56:17
PAY-O-00326,O2026091400326,C0039,19484.68,UPI,SUCCESS,2026-09-14 05:04:38
PAY-O-00327,O2026091400327,C0088,6515.22,NET_BANKING,SUCCESS,2026-09-14 07:00:40
PAY-O-00328,O2026091400328,C0017,7902.78,WALLET,SUCCESS,2026-09-14 09:52:35
PAY-O-00329,O2026091400329,C0055,315.12,NET_BANKING,SUCCESS,2026-09-14 13:54:08
PAY-O-00330,O2026091400330,C0017,15805.56,WALLET,SUCCESS,2026-09-14 20:40:10
PAY-O-00331,O2026091400331,C0051,17104.04,UPI,SUCCESS,2026-09-14 02:38:48
PAY-O-00332,O2026091400332,C0049,2723.79,CARD,SUCCESS,2026-09-14 18:04:38
PAY-O-00334,O2026091400334,C0036,5390.96,WALLET,SUCCESS,2026-09-14 12:33:19
PAY-O-00335,O2026091400335,C0080,23530.95,UPI,FAILED,2026-09-14 11:01:36
PAY-O-00336,O2026091400336,C0052,8086.44,CARD,SUCCESS,2026-09-14 05:30:22
PAY-O-00337,O2026091400337,C0069,5507.2,UPI,SUCCESS,2026-09-14 00:58:27
PAY-O-00338,O2026091400338,C0068,9531.5,CARD,PENDING,2026-09-14 11:24:13
PAY-O-00339,O2026091400339,C0073,14040.96,CARD,SUCCESS,2026-09-14 21:02:17
PAY-O-00340,O2026091400340,C0019,1437.55,CARD,SUCCESS,2026-09-14 00:46:34
PAY-O-00341,O2026091400341,C0014,13660.35,WALLET,SUCCESS,2026-09-14 03:54:51
PAY-O-00342,O2026091400342,C0026,3741.55,UPI,SUCCESS,2026-09-14 07:42:34
PAY-O-00343,O2026091400343,C0082,3844.44,WALLET,SUCCESS,2026-09-14 07:12:07
PAY-O-00344,O2026091400344,C0038,6420.45,CARD,SUCCESS,2026-09-14 23:36:30
PAY-O-00345,O2026091400345,C0061,16288.05,WALLET,SUCCESS,2026-09-15 00:01:32
PAY-O-00346,O2026091400346,C0099,3637.55,CARD,SUCCESS,2026-09-14 03:48:20
PAY-O-00347,O2026091400347,C0003,14533.25,CARD,SUCCESS,2026-09-14 01:45:58
PAY-O-00349,O2026091400349,C0019,3262.25,WALLET,SUCCESS,2026-09-14 04:37:35
PAY-O-00350,O2026091400350,C0098,11700.92,UPI,SUCCESS,2026-09-14 15:51:33
PAY-O-00351,O2026091400351,C0090,3761.34,CARD,SUCCESS,2026-09-14 16:42:17
PAY-O-00352,O2026091400352,C0025,10254.84,WALLET,SUCCESS,2026-09-14 13:43:38
PAY-O-00353,O2026091400353,C0023,2424.98,WALLET,SUCCESS,2026-09-14 18:21:55
PAY-O-00354,O2026091400354,C0087,4233.33,CARD,SUCCESS,2026-09-14 23:05:06
PAY-O-00355,O2026091400355,C0083,2993.24,WALLET,SUCCESS,2026-09-14 05:59:19
PAY-O-00357,O2026091400357,C0058,471.44,UPI,SUCCESS,2026-09-14 16:13:30
PAY-O-00358,O2026091400358,C0029,2335.71,UPI,SUCCESS,2026-09-14 08:38:07
PAY-O-00359,O2026091400359,C0027,4385.85,NET_BANKING,SUCCESS,2026-09-14 14:09:33
PAY-O-00360,O2026091400360,C0092,2357.2,UPI,SUCCESS,2026-09-14 03:55:16
PAY-O-00361,O2026091400361,C0060,13575.36,CARD,SUCCESS,2026-09-14 08:46:10
PAY-O-00362,O2026091400362,C0079,2367.08,WALLET,SUCCESS,2026-09-14 09:11:18
PAY-O-00363,O2026091400363,C0095,14965.89,NET_BANKING,SUCCESS,2026-09-14 09:17:20
PAY-O-00364,O2026091400364,C0037,5948.6,NET_BANKING,SUCCESS,2026-09-14 16:26:07
PAY-O-00365,O2026091400365,C0047,7887.56,NET_BANKING,SUCCESS,2026-09-14 20:52:00
PAY-O-00366,O2026091400366,C0023,8374.78,UPI,SUCCESS,2026-09-14 10:27:07
PAY-O-00367,O2026091400367,C0043,151.73,UPI,SUCCESS,2026-09-14 03:23:35
PAY-O-00368,O2026091400368,C0068,472.68,CARD,SUCCESS,2026-09-14 02:52:52
PAY-O-00370,O2026091400370,C0063,6515.22,UPI,SUCCESS,2026-09-14 07:28:46
PAY-O-00371,O2026091400371,C0001,5443.74,WALLET,SUCCESS,2026-09-14 14:30:23
PAY-O-00372,O2026091400372,C0024,17104.04,NET_BANKING,SUCCESS,2026-09-14 21:51:56
PAY-O-00373,O2026091400373,C0079,5304.87,CARD,SUCCESS,2026-09-14 07:14:44
PAY-O-00374,O2026091400374,C0040,17104.04,CARD,SUCCESS,2026-09-14 10:47:34
PAY-O-00375,O2026091400375,C0029,2920.58,WALLET,SUCCESS,2026-09-14 11:02:16
PAY-O-00376,O2026091400376,C0058,862.53,CARD,SUCCESS,2026-09-14 01:59:35
PAY-O-00377,O2026091400377,C0089,8775.69,NET_BANKING,SUCCESS,2026-09-14 00:56:23
PAY-O-00378,O2026091400378,C0100,2909.8,CARD,SUCCESS,2026-09-14 16:09:29
PAY-O-00379,O2026091400379,C0002,2097.5,UPI,SUCCESS,2026-09-14 09:38:27
PAY-O-00380,O2026091400380,C0001,8315.2,UPI,SUCCESS,2026-09-14 22:43:58
PAY-O-00381,O2026091400381,C0036,472.68,WALLET,SUCCESS,2026-09-14 21:11:44
PAY-O-00382,O2026091400382,C0027,2140.75,WALLET,PENDING,2026-09-14 21:52:11
PAY-O-00383,O2026091400383,C0064,1074.45,CARD,SUCCESS,2026-09-14 23:21:42
PAY-O-00384,O2026091400384,C0078,2872.75,WALLET,SUCCESS,2026-09-14 00:14:32
PAY-O-00385,O2026091400385,C0049,2209.98,CARD,SUCCESS,2026-09-14 05:23:48
PAY-O-00386,O2026091400386,C0080,1884.79,WALLET,SUCCESS,2026-09-14 03:13:22
PAY-O-00387,O2026091400387,C0046,70.53,CARD,SUCCESS,2026-09-14 00:15:01
PAY-O-00388,O2026091400388,C0030,18528.92,NET_BANKING,SUCCESS,2026-09-14 00:03:49
PAY-O-00389,O2026091400389,C0016,652.45,CARD,SUCCESS,2026-09-14 21:07:35
PAY-O-00390,O2026091400390,C0028,1927.4,NET_BANKING,SUCCESS,2026-09-14 08:58:58
PAY-O-00391,O2026091400391,C0011,2209.98,WALLET,SUCCESS,2026-09-14 21:39:33
PAY-O-00392,O2026091400392,C0010,13896.69,UPI,SUCCESS,2026-09-14 00:04:42
PAY-O-00393,O2026091400393,C0009,6515.22,NET_BANKING,SUCCESS,2026-09-14 06:09:28
PAY-O-00394,O2026091400394,C0082,4540.81,UPI,SUCCESS,2026-09-14 05:22:11
PAY-O-00395,O2026091400395,C0086,211.59,UPI,SUCCESS,2026-09-14 09:01:29
PAY-O-00396,O2026091400396,C0008,2542.37,WALLET,SUCCESS,2026-09-14 05:25:26
PAY-O-00397,O2026091400397,C0083,16846.9,NET_BANKING,SUCCESS,2026-09-14 06:58:47
PAY-O-00398,O2026091400398,C0046,5718.9,NET_BANKING,SUCCESS,2026-09-14 08:22:12
PAY-O-00399,O2026091400399,C0030,7020.48,UPI,SUCCESS,2026-09-14 20:44:43
PAY-O-00400,O2026091400400,C0054,2669.87,UPI,SUCCESS,2026-09-14 17:05:03
PAY-O-00401,O2026091400401,C0077,6422.25,UPI,SUCCESS,2026-09-14 19:58:32
PAY-O-00402,O2026091400402,C0005,4513.08,UPI,SUCCESS,2026-09-14 09:08:19
PAY-O-00403,O2026091400403,C0010,3304.32,WALLET,SUCCESS,2026-09-14 01:31:45
PAY-O-00404,O2026091400404,C0002,4945.68,NET_BANKING,SUCCESS,2026-09-14 04:54:47
PAY-O-00405,O2026091400405,C0078,1906.3,NET_BANKING,SUCCESS,2026-09-14 01:51:09
PAY-O-00406,O2026091400406,C0031,1478.31,NET_BANKING,FAILED,2026-09-14 08:28:28
PAY-O-00407,O2026091400407,C0052,1579.54,CARD,SUCCESS,2026-09-14 23:32:10
PAY-O-00408,O2026091400408,C0031,574.55,UPI,SUCCESS,2026-09-14 19:53:37
PAY-O-00410,O2026091400410,C0079,18013.35,NET_BANKING,SUCCESS,2026-09-14 15:50:38
PAY-O-00411,O2026091400411,C0066,14040.96,CARD,SUCCESS,2026-09-14 08:05:48
PAY-O-00412,O2026091400412,C0021,12828.03,CARD,SUCCESS,2026-09-14 04:11:30
PAY-O-00414,O2026091400414,C0071,4441.93,NET_BANKING,SUCCESS,2026-09-14 06:59:47
PAY-O-00415,O2026091400415,C0011,16564.0,UPI,SUCCESS,2026-09-14 18:14:02
PAY-O-00417,O2026091400417,C0080,1829.08,NET_BANKING,SUCCESS,2026-09-14 14:37:56
PAY-O-00418,O2026091400418,C0014,992.78,CARD,SUCCESS,2026-09-14 04:29:12
PAY-O-00419,O2026091400419,C0008,5273.85,CARD,SUCCESS,2026-09-14 07:26:36
PAY-O-00420,O2026091400420,C0019,14099.56,UPI,SUCCESS,2026-09-14 10:14:32
PAY-O-00421,O2026091400421,C0075,1254.27,UPI,SUCCESS,2026-09-14 01:13:34
PAY-O-00423,O2026091400423,C0099,13609.35,WALLET,SUCCESS,2026-09-14 19:22:19
PAY-O-00424,O2026091400424,C0077,20936.95,NET_BANKING,SUCCESS,2026-09-14 11:26:29
PAY-O-00425,O2026091400425,C0090,9106.9,CARD,SUCCESS,2026-09-14 19:03:18
PAY-O-00426,O2026091400426,C0084,21429.6,UPI,SUCCESS,2026-09-14 06:47:11
PAY-O-00427,O2026091400427,C0049,16723.24,CARD,SUCCESS,2026-09-14 11:49:18
PAY-O-00428,O2026091400428,C0015,6184.96,WALLET,SUCCESS,2026-09-14 20:52:50
PAY-O-00429,O2026091400429,C0071,3743.56,UPI,SUCCESS,2026-09-14 06:32:55
PAY-O-00430,O2026091400430,C0027,20765.5,UPI,SUCCESS,2026-09-14 12:12:03
PAY-O-00431,O2026091400431,C0084,2845.02,UPI,SUCCESS,2026-09-14 07:29:31
PAY-O-00432,O2026091400432,C0079,2978.34,WALLET,SUCCESS,2026-09-14 23:42:51
PAY-O-00433,O2026091400433,C0093,11682.32,WALLET,SUCCESS,2026-09-14 21:14:57
PAY-O-00434,O2026091400434,C0053,9026.16,CARD,SUCCESS,2026-09-14 07:50:31
PAY-O-00435,O2026091400435,C0085,3807.03,NET_BANKING,SUCCESS,2026-09-14 00:17:05
PAY-O-00436,O2026091400436,C0014,11682.32,NET_BANKING,SUCCESS,2026-09-14 21:14:44
PAY-O-00437,O2026091400437,C0090,8165.61,WALLET,SUCCESS,2026-09-14 08:32:25
PAY-O-00438,O2026091400438,C0033,1723.65,WALLET,SUCCESS,2026-09-14 16:09:02
PAY-O-00440,O2026091400440,C0023,6604.14,CARD,SUCCESS,2026-09-14 21:27:40
PAY-O-00441,O2026091400441,C0080,4385.85,NET_BANKING,SUCCESS,2026-09-14 22:24:22
PAY-O-00442,O2026091400442,C0061,4157.6,WALLET,SUCCESS,2026-09-14 07:21:01
PAY-O-00443,O2026091400443,C0010,22625.6,CARD,SUCCESS,2026-09-14 12:09:50
PAY-O-00444,O2026091400444,C0064,11854.17,CARD,SUCCESS,2026-09-14 03:57:04
PAY-O-00445,O2026091400445,C0004,9977.26,WALLET,SUCCESS,2026-09-14 15:58:02
PAY-O-00446,O2026091400446,C0001,2211.74,CARD,SUCCESS,2026-09-14 04:46:52
PAY-O-00447,O2026091400447,C0042,902.84,NET_BANKING,SUCCESS,2026-09-14 00:31:05
PAY-O-00448,O2026091400448,C0085,2367.08,UPI,SUCCESS,2026-09-14 20:22:06
PAY-O-00450,O2026091400450,C0096,8446.15,UPI,SUCCESS,2026-09-14 08:56:40
PAY-O-00451,O2026091400451,C0045,5304.87,CARD,SUCCESS,2026-09-14 04:24:20
PAY-O-00452,O2026091400452,C0027,11049.9,NET_BANKING,SUCCESS,2026-09-14 22:25:41
PAY-O-00453,O2026091400453,C0038,2910.04,NET_BANKING,SUCCESS,2026-09-14 06:56:56
PAY-O-00454,O2026091400454,C0069,7522.68,WALLET,SUCCESS,2026-09-14 10:16:34
PAY-O-00455,O2026091400455,C0044,10700.75,WALLET,SUCCESS,2026-09-14 12:00:03
PAY-O-00456,O2026091400456,C0025,11097.48,WALLET,SUCCESS,2026-09-14 18:55:26
PAY-O-00457,O2026091400457,C0035,961.11,WALLET,SUCCESS,2026-09-14 22:30:03
PAY-O-00458,O2026091400458,C0092,14613.51,WALLET,SUCCESS,2026-09-14 23:13:46
PAY-O-00459,O2026091400459,C0001,4945.68,UPI,SUCCESS,2026-09-14 00:50:51
PAY-O-00460,O2026091400460,C0037,344.68,NET_BANKING,SUCCESS,2026-09-14 10:30:39
PAY-O-00461,O2026091400461,C0086,7309.75,NET_BANKING,SUCCESS,2026-09-14 12:24:57
PAY-O-00462,O2026091400462,C0010,16933.32,CARD,SUCCESS,2026-09-14 05:55:07
PAY-O-00463,O2026091400463,C0098,3206.05,CARD,SUCCESS,2026-09-14 17:21:02
PAY-O-00464,O2026091400464,C0019,4706.19,WALLET,SUCCESS,2026-09-14 11:31:32
PAY-O-00465,O2026091400465,C0018,12915.78,NET_BANKING,SUCCESS,2026-09-14 21:56:36
PAY-O-00466,O2026091400466,C0096,1778.04,WALLET,SUCCESS,2026-09-14 18:17:35
PAY-O-00467,O2026091400467,C0047,3345.36,NET_BANKING,SUCCESS,2026-09-14 22:56:13
PAY-O-00468,O2026091400468,C0035,11006.9,CARD,SUCCESS,2026-09-14 09:37:21
PAY-O-00469,O2026091400469,C0061,6184.96,UPI,SUCCESS,2026-09-14 10:48:48
PAY-O-00470,O2026091400470,C0072,4441.93,UPI,SUCCESS,2026-09-14 00:36:48
PAY-O-00471,O2026091400471,C0062,11514.15,NET_BANKING,SUCCESS,2026-09-14 09:47:03
PAY-O-00472,O2026091400472,C0040,17017.05,UPI,SUCCESS,2026-09-14 01:16:26
PAY-O-00473,O2026091400473,C0041,14602.9,CARD,SUCCESS,2026-09-14 21:15:19
PAY-O-00474,O2026091400474,C0089,8761.74,CARD,SUCCESS,2026-09-14 03:20:10
PAY-O-00475,O2026091400475,C0062,1258.14,CARD,SUCCESS,2026-09-14 15:02:33
PAY-O-00476,O2026091400476,C0033,907.93,CARD,SUCCESS,2026-09-14 02:29:56
PAY-O-00477,O2026091400477,C0076,9081.62,WALLET,SUCCESS,2026-09-14 14:25:07
PAY-O-00478,O2026091400478,C0014,18213.8,WALLET,SUCCESS,2026-09-14 02:35:47
PAY-O-00479,O2026091400479,C0077,7887.56,CARD,SUCCESS,2026-09-14 14:41:12
PAY-O-00480,O2026091400480,C0058,18100.48,CARD,SUCCESS,2026-09-14 01:00:37
PAY-O-00481,O2026091400481,C0085,11880.15,UPI,SUCCESS,2026-09-14 02:27:25
PAY-O-00482,O2026091400482,C0007,9672.22,CARD,SUCCESS,2026-09-14 18:44:43
PAY-O-00483,O2026091400483,C0031,3362.81,WALLET,SUCCESS,2026-09-14 02:44:33
PAY-O-00484,O2026091400484,C0098,2923.9,WALLET,SUCCESS,2026-09-14 10:56:37
PAY-O-00485,O2026091400485,C0009,1258.14,UPI,FAILED,2026-09-14 04:10:43
PAY-O-00486,O2026091400486,C0003,7691.13,WALLET,SUCCESS,2026-09-14 23:36:35
PAY-O-00487,O2026091400487,C0073,2078.8,CARD,SUCCESS,2026-09-14 01:11:27
PAY-O-00488,O2026091400488,C0081,9658.24,WALLET,FAILED,2026-09-14 03:54:20
PAY-O-00489,O2026091400489,C0052,12482.8,NET_BANKING,SUCCESS,2026-09-14 01:38:11
PAY-O-00490,O2026091400490,C0025,7887.56,CARD,FAILED,2026-09-14 02:49:55
PAY-O-00491,O2026091400491,C0059,517.02,UPI,FAILED,2026-09-14 20:12:08
PAY-O-00493,O2026091400493,C0043,3844.44,NET_BANKING,SUCCESS,2026-09-14 14:51:26
PAY-O-00494,O2026091400494,C0041,630.24,WALLET,SUCCESS,2026-09-14 18:50:41
PAY-O-00495,O2026091400495,C0016,3304.32,NET_BANKING,SUCCESS,2026-09-14 13:57:36
PAY-O-00496,O2026091400496,C0012,3120.7,NET_BANKING,SUCCESS,2026-09-14 04:05:47
PAY-O-00497,O2026091400497,C0012,8719.95,WALLET,SUCCESS,2026-09-14 15:10:15
PAY-O-00498,O2026091400498,C0096,1464.58,CARD,SUCCESS,2026-09-14 09:50:18
PAY-O-00499,O2026091400499,C0057,6241.4,UPI,SUCCESS,2026-09-14 20:38:05
PAY-O-00500,O2026091400500,C0099,5813.3,WALLET,SUCCESS,2026-09-14 16:55:44
PAY-O-00501,O2026091400501,C0098,4100.7,NET_BANKING,SUCCESS,2026-09-14 23:45:46
PAY-O-00502,O2026091400502,C0060,5795.97,CARD,SUCCESS,2026-09-14 23:40:29
PAY-O-00503,O2026091400503,C0014,1154.86,UPI,SUCCESS,2026-09-14 05:40:33
PAY-O-00504,O2026091400504,C0007,2012.99,WALLET,SUCCESS,2026-09-14 18:05:00
PAY-O-00505,O2026091400505,C0066,19954.52,UPI,SUCCESS,2026-09-14 00:50:56
PAY-O-00506,O2026091400506,C0071,1761.72,NET_BANKING,SUCCESS,2026-09-14 16:48:24
PAY-O-00507,O2026091400507,C0061,6515.22,UPI,SUCCESS,2026-09-14 18:39:45
PAY-O-00508,O2026091400508,C0087,3741.55,CARD,SUCCESS,2026-09-14 03:21:01
PAY-O-00509,O2026091400509,C0020,8361.84,NET_BANKING,PENDING,2026-09-14 18:49:52
PAY-O-00510,O2026091400510,C0020,1170.6,UPI,SUCCESS,2026-09-14 18:30:06
PAY-O-00511,O2026091400511,C0079,5273.85,WALLET,SUCCESS,2026-09-14 02:20:14
PAY-O-00512,O2026091400512,C0019,7243.68,CARD,SUCCESS,2026-09-14 22:55:09
PAY-O-00513,O2026091400513,C0075,18824.76,CARD,SUCCESS,2026-09-14 00:05:43
PAY-O-00515,O2026091400515,C0069,4194.26,CARD,SUCCESS,2026-09-14 05:51:29
PAY-O-00516,O2026091400516,C0042,5817.62,UPI,SUCCESS,2026-09-14 23:30:53
PAY-O-00517,O2026091400517,C0072,246.14,CARD,SUCCESS,2026-09-14 03:04:57
PAY-O-00519,O2026091400519,C0016,12711.85,UPI,SUCCESS,2026-09-14 10:35:14
PAY-O-00520,O2026091400520,C0037,2900.68,CARD,SUCCESS,2026-09-14 01:37:00
PAY-O-00521,O2026091400521,C0092,14433.32,UPI,SUCCESS,2026-09-14 19:19:31
PAY-O-00522,O2026091400522,C0061,2202.88,UPI,SUCCESS,2026-09-14 13:17:21
PAY-O-00523,O2026091400523,C0085,3362.81,UPI,SUCCESS,2026-09-14 00:27:03
PAY-O-00524,O2026091400524,C0027,17084.2,CARD,SUCCESS,2026-09-14 04:01:49
PAY-O-00525,O2026091400525,C0035,14827.2,NET_BANKING,SUCCESS,2026-09-14 14:55:27
PAY-O-00526,O2026091400526,C0046,12542.76,UPI,SUCCESS,2026-09-14 23:35:13
PAY-O-00527,O2026091400527,C0027,9026.16,NET_BANKING,SUCCESS,2026-09-14 18:39:47
PAY-O-00528,O2026091400528,C0023,1798.34,NET_BANKING,SUCCESS,2026-09-14 10:06:56
PAY-O-00529,O2026091400529,C0074,902.84,NET_BANKING,SUCCESS,2026-09-14 20:24:31
PAY-O-00530,O2026091400530,C0021,9076.56,CARD,SUCCESS,2026-09-14 16:48:19
PAY-O-00531,O2026091400531,C0014,1230.7,UPI,SUCCESS,2026-09-14 12:13:50
PAY-O-00532,O2026091400532,C0055,4942.4,UPI,SUCCESS,2026-09-14 06:31:16
PAY-O-00533,O2026091400533,C0001,9658.24,UPI,SUCCESS,2026-09-14 23:30:32
PAY-O-00535,O2026091400535,C0038,6318.16,UPI,SUCCESS,2026-09-14 07:15:41
PAY-O-00536,O2026091400536,C0061,831.28,UPI,SUCCESS,2026-09-14 23:55:25
PAY-O-00537,O2026091400537,C0096,19190.25,UPI,FAILED,2026-09-14 19:50:01
PAY-O-00538,O2026091400538,C0017,3523.44,NET_BANKING,SUCCESS,2026-09-14 14:59:47
PAY-O-00539,O2026091400539,C0064,6638.28,NET_BANKING,SUCCESS,2026-09-14 19:08:13
PAY-O-00540,O2026091400540,C0052,292.65,WALLET,SUCCESS,2026-09-14 22:02:27
PAY-O-00541,O2026091400541,C0099,12582.78,WALLET,FAILED,2026-09-14 14:03:58
PAY-O-00542,O2026091400542,C0056,429.78,UPI,SUCCESS,2026-09-14 04:35:01
PAY-O-00543,O2026091400543,C0006,1437.55,CARD,SUCCESS,2026-09-14 07:50:09
PAY-O-00544,O2026091400544,C0060,11700.92,UPI,FAILED,2026-09-14 08:10:00
PAY-O-00545,O2026091400545,C0048,303.46,NET_BANKING,SUCCESS,2026-09-14 18:48:41
PAY-O-00546,O2026091400546,C0006,12082.2,NET_BANKING,SUCCESS,2026-09-14 10:27:16
PAY-O-00547,O2026091400547,C0090,732.29,NET_BANKING,SUCCESS,2026-09-14 11:20:45
PAY-O-00548,O2026091400548,C0041,2467.96,WALLET,PENDING,2026-09-14 02:41:33
PAY-O-00549,O2026091400549,C0027,7198.64,CARD,FAILED,2026-09-14 20:49:13
PAY-O-00550,O2026091400550,C0082,3403.41,CARD,SUCCESS,2026-09-14 19:23:09
PAY-O-00552,O2026091400552,C0073,4606.7,WALLET,SUCCESS,2026-09-14 12:08:54
PAY-O-00553,O2026091400553,C0043,914.54,WALLET,SUCCESS,2026-09-14 11:10:06
PAY-O-00554,O2026091400554,C0044,8783.16,UPI,SUCCESS,2026-09-14 14:51:27
PAY-O-00555,O2026091400555,C0058,8783.16,NET_BANKING,SUCCESS,2026-09-14 22:28:39
PAY-O-00556,O2026091400556,C0020,12857.76,CARD,SUCCESS,2026-09-14 22:07:21
PAY-O-00557,O2026091400557,C0059,2140.75,WALLET,SUCCESS,2026-09-14 11:33:38
PAY-O-00558,O2026091400558,C0044,1896.68,UPI,SUCCESS,2026-09-14 11:22:21
PAY-O-00559,O2026091400559,C0080,5778.55,UPI,SUCCESS,2026-09-14 02:39:46
PAY-O-00560,O2026091400560,C0074,1460.39,NET_BANKING,SUCCESS,2026-09-14 23:56:05
PAY-O-00561,O2026091400561,C0016,889.02,NET_BANKING,SUCCESS,2026-09-14 03:14:29
PAY-O-00562,O2026091400562,C0068,1149.1,CARD,SUCCESS,2026-09-14 04:26:10
PAY-O-00563,O2026091400563,C0046,8563.0,UPI,SUCCESS,2026-09-14 22:31:16
PAY-O-00564,O2026091400564,C0041,1377.05,NET_BANKING,FAILED,2026-09-14 03:16:44
PAY-O-00565,O2026091400565,C0026,2298.2,NET_BANKING,SUCCESS,2026-09-14 18:26:27
PAY-O-00566,O2026091400566,C0100,23161.15,UPI,SUCCESS,2026-09-14 09:39:21
PAY-O-00567,O2026091400567,C0022,15775.12,NET_BANKING,SUCCESS,2026-09-14 19:44:21
PAY-O-00568,O2026091400568,C0094,1212.49,NET_BANKING,SUCCESS,2026-09-14 04:38:31
PAY-O-00569,O2026091400569,C0028,10700.75,UPI,SUCCESS,2026-09-14 06:27:31
PAY-O-00570,O2026091400570,C0066,1579.54,UPI,SUCCESS,2026-09-14 14:51:36
PAY-O-00571,O2026091400571,C0066,15805.56,NET_BANKING,SUCCESS,2026-09-14 01:50:59
PAY-O-00572,O2026091400572,C0053,17590.3,UPI,SUCCESS,2026-09-14 00:13:15
PAY-O-00573,O2026091400573,C0007,13896.69,WALLET,PENDING,2026-09-14 04:32:53
PAY-O-00574,O2026091400574,C0079,7625.2,NET_BANKING,SUCCESS,2026-09-14 07:28:34
PAY-O-00575,O2026091400575,C0083,3317.61,NET_BANKING,SUCCESS,2026-09-14 17:12:07
PAY-O-00576,O2026091400576,C0069,12588.51,WALLET,SUCCESS,2026-09-14 08:01:42
PAY-O-00577,O2026091400577,C0046,3025.52,UPI,SUCCESS,2026-09-14 13:30:52
PAY-O-00578,O2026091400578,C0099,5813.3,NET_BANKING,SUCCESS,2026-09-14 06:13:10
PAY-O-00579,O2026091400579,C0063,1105.87,UPI,SUCCESS,2026-09-14 07:26:14
PAY-O-00580,O2026091400580,C0054,1546.24,CARD,SUCCESS,2026-09-14 18:58:40
PAY-O-00581,O2026091400581,C0067,838.08,UPI,PENDING,2026-09-14 23:15:47
PAY-O-00582,O2026091400582,C0041,2256.54,CARD,SUCCESS,2026-09-14 12:29:33
PAY-O-00583,O2026091400583,C0029,914.54,UPI,SUCCESS,2026-09-14 13:34:23
PAY-O-00584,O2026091400584,C0041,24180.55,NET_BANKING,SUCCESS,2026-09-14 11:14:24
PAY-O-00585,O2026091400585,C0071,1171.22,UPI,SUCCESS,2026-09-14 14:42:54
PAY-O-00587,O2026091400587,C0035,8560.6,UPI,SUCCESS,2026-09-14 01:17:13
PAY-O-00588,O2026091400588,C0061,1236.42,UPI,SUCCESS,2026-09-14 01:38:00
PAY-O-00589,O2026091400589,C0025,10254.84,CARD,SUCCESS,2026-09-14 11:13:55
PAY-O-00590,O2026091400590,C0090,4525.12,WALLET,SUCCESS,2026-09-14 09:49:59
PAY-O-00591,O2026091400591,C0056,2815.0,CARD,SUCCESS,2026-09-14 06:30:59
PAY-O-00592,O2026091400592,C0012,2733.8,CARD,SUCCESS,2026-09-14 04:39:44
PAY-O-00593,O2026091400593,C0047,5179.83,NET_BANKING,SUCCESS,2026-09-14 21:13:14
PAY-O-00594,O2026091400594,C0078,13477.4,WALLET,SUCCESS,2026-09-14 06:16:03
PAY-O-00595,O2026091400595,C0041,14626.15,NET_BANKING,SUCCESS,2026-09-14 08:44:24
PAY-O-00597,O2026091400597,C0042,14099.56,NET_BANKING,SUCCESS,2026-09-14 10:32:16
PAY-O-00598,O2026091400598,C0005,18213.8,UPI,SUCCESS,2026-09-14 03:19:43
PAY-O-00599,O2026091400599,C0095,17590.3,CARD,PENDING,2026-09-14 13:00:23
PAY-O-00600,O2026091400600,C0004,4385.85,UPI,SUCCESS,2026-09-14 20:55:25
PAY-O-00601,O2026091400601,C0091,1101.64,UPI,SUCCESS,2026-09-14 15:07:48
PAY-O-00602,O2026091400602,C0036,9106.9,WALLET,SUCCESS,2026-09-14 23:55:24
PAY-O-00603,O2026091400603,C0022,14099.56,WALLET,SUCCESS,2026-09-14 21:42:35
PAY-O-00604,O2026091400604,C0047,1689.0,CARD,SUCCESS,2026-09-14 14:33:54
PAY-O-00605,O2026091400605,C0039,2920.58,CARD,SUCCESS,2026-09-14 01:17:27
PAY-O-00606,O2026091400606,C0032,3379.02,UPI,SUCCESS,2026-09-14 08:55:12
PAY-O-00607,O2026091400607,C0001,14118.57,NET_BANKING,SUCCESS,2026-09-14 02:29:57
PAY-O-00608,O2026091400608,C0018,20904.6,UPI,SUCCESS,2026-09-14 00:56:31
PAY-O-00609,O2026091400609,C0041,3602.67,NET_BANKING,SUCCESS,2026-09-14 14:05:06
PAY-O-00610,O2026091400610,C0094,5390.96,WALLET,SUCCESS,2026-09-14 14:49:19
PAY-O-00613,O2026091400613,C0078,12072.8,WALLET,SUCCESS,2026-09-14 09:09:26
PAY-O-00614,O2026091400614,C0047,6051.04,UPI,SUCCESS,2026-09-14 14:02:13
PAY-O-00615,O2026091400615,C0062,5084.74,CARD,SUCCESS,2026-09-14 08:27:11
PAY-O-00616,O2026091400616,C0062,5273.85,WALLET,SUCCESS,2026-09-14 15:17:12
PAY-O-00617,O2026091400617,C0100,1927.4,WALLET,SUCCESS,2026-09-14 16:02:30
PAY-O-00619,O2026091400619,C0002,344.68,CARD,SUCCESS,2026-09-14 21:47:23
PAY-O-00620,O2026091400620,C0095,211.59,WALLET,SUCCESS,2026-09-14 03:46:28
PAY-O-00621,O2026091400621,C0023,2906.65,UPI,SUCCESS,2026-09-14 08:09:01
PAY-O-00622,O2026091400622,C0073,563.0,WALLET,SUCCESS,2026-09-14 06:39:39
PAY-O-00623,O2026091400623,C0007,8610.52,NET_BANKING,SUCCESS,2026-09-14 18:29:48
PAY-O-00624,O2026091400624,C0072,7625.2,UPI,SUCCESS,2026-09-14 02:49:06
PAY-O-00625,O2026091400625,C0071,16846.9,CARD,SUCCESS,2026-09-14 10:50:20
PAY-O-00629,O2026091400629,C0044,689.36,WALLET,SUCCESS,2026-09-14 01:09:56
PAY-O-00630,O2026091400630,C0042,1254.27,WALLET,SUCCESS,2026-09-14 05:23:56
PAY-O-00631,O2026091400631,C0082,10781.92,CARD,SUCCESS,2026-09-14 01:01:17
PAY-O-00632,O2026091400632,C0036,880.86,CARD,SUCCESS,2026-09-14 21:52:17
PAY-O-00633,O2026091400633,C0038,13613.64,WALLET,SUCCESS,2026-09-14 00:48:04
PAY-O-00634,O2026091400634,C0016,6756.92,CARD,SUCCESS,2026-09-14 05:46:41
PAY-O-00635,O2026091400635,C0039,12824.2,NET_BANKING,SUCCESS,2026-09-14 13:05:42
PAY-O-00636,O2026091400636,C0041,9076.56,WALLET,SUCCESS,2026-09-14 18:22:21
PAY-O-00637,O2026091400637,C0073,1246.92,UPI,SUCCESS,2026-09-14 16:48:04
PAY-O-00638,O2026091400638,C0035,20980.85,UPI,SUCCESS,2026-09-14 04:41:30
PAY-O-00639,O2026091400639,C0048,1371.81,NET_BANKING,FAILED,2026-09-14 22:32:24
PAY-O-00640,O2026091400640,C0054,5067.69,WALLET,SUCCESS,2026-09-14 22:44:15
PAY-O-00641,O2026091400641,C0012,1170.6,CARD,SUCCESS,2026-09-14 02:35:39
PAY-O-00642,O2026091400642,C0093,4445.1,CARD,FAILED,2026-09-14 09:48:16
PAY-O-00643,O2026091400643,C0085,1150.04,CARD,SUCCESS,2026-09-14 21:25:46
PAY-O-00644,O2026091400644,C0086,4739.52,NET_BANKING,SUCCESS,2026-09-14 08:30:44
PAY-O-00645,O2026091400645,C0041,14646.63,CARD,SUCCESS,2026-09-14 16:54:54
PAY-O-00646,O2026091400646,C0040,6174.34,CARD,SUCCESS,2026-09-14 23:37:50
PAY-O-00647,O2026091400647,C0087,21669.15,UPI,SUCCESS,2026-09-14 10:39:34
PAY-O-00648,O2026091400648,C0059,9618.15,NET_BANKING,SUCCESS,2026-09-14 16:15:27
PAY-O-00649,O2026091400649,C0073,5209.44,WALLET,SUCCESS,2026-09-14 13:05:20
PAY-O-00650,O2026091400650,C0023,4381.17,WALLET,SUCCESS,2026-09-14 03:07:39
PAY-O-00651,O2026091400651,C0053,1260.36,NET_BANKING,SUCCESS,2026-09-14 07:26:57
PAY-O-00652,O2026091400652,C0036,2309.72,CARD,SUCCESS,2026-09-14 14:15:56
PAY-O-00653,O2026091400653,C0007,4832.88,WALLET,SUCCESS,2026-09-14 06:36:29
PAY-O-00654,O2026091400654,C0015,13037.04,WALLET,SUCCESS,2026-09-14 20:11:02
PAY-O-00655,O2026091400655,C0070,16296.3,CARD,SUCCESS,2026-09-14 09:18:43
PAY-O-00656,O2026091400656,C0006,2800.42,CARD,SUCCESS,2026-09-14 19:26:23
PAY-O-00657,O2026091400657,C0035,3159.08,CARD,SUCCESS,2026-09-14 01:50:43
PAY-O-00658,O2026091400658,C0048,8839.92,WALLET,SUCCESS,2026-09-14 18:11:04
PAY-O-00660,O2026091400660,C0096,1726.61,NET_BANKING,SUCCESS,2026-09-14 00:46:01
PAY-O-00661,O2026091400661,C0059,13613.64,WALLET,SUCCESS,2026-09-14 14:04:05
PAY-O-00662,O2026091400662,C0083,9884.8,UPI,SUCCESS,2026-09-14 02:26:25
PAY-O-00663,O2026091400663,C0077,9764.42,NET_BANKING,SUCCESS,2026-09-14 13:59:33
PAY-O-00664,O2026091400664,C0079,2917.0,UPI,SUCCESS,2026-09-14 22:42:02
PAY-O-00665,O2026091400665,C0014,2978.34,CARD,SUCCESS,2026-09-14 16:25:21
PAY-O-00666,O2026091400666,C0002,1455.02,NET_BANKING,SUCCESS,2026-09-14 12:36:35
PAY-O-00667,O2026091400667,C0099,7198.64,NET_BANKING,SUCCESS,2026-09-14 19:34:43
PAY-O-00668,O2026091400668,C0073,14508.33,NET_BANKING,SUCCESS,2026-09-14 03:46:49
PAY-O-00669,O2026091400669,C0093,2298.2,CARD,SUCCESS,2026-09-14 10:05:18
PAY-O-00670,O2026091400670,C0023,8361.84,WALLET,SUCCESS,2026-09-14 15:08:12
PAY-O-00671,O2026091400671,C0052,3257.61,WALLET,SUCCESS,2026-09-14 02:06:04
PAY-O-00672,O2026091400672,C0068,5718.9,WALLET,SUCCESS,2026-09-14 12:29:40
PAY-O-00673,O2026091400673,C0070,1236.42,CARD,SUCCESS,2026-09-14 03:55:21
PAY-O-00674,O2026091400674,C0048,14244.42,UPI,SUCCESS,2026-09-14 13:40:40
PAY-O-00675,O2026091400675,C0050,9531.5,CARD,FAILED,2026-09-14 05:00:59
PAY-O-00676,O2026091400676,C0021,1726.61,WALLET,SUCCESS,2026-09-14 23:53:45
PAY-O-00678,O2026091400678,C0076,5209.44,CARD,SUCCESS,2026-09-14 01:08:46
PAY-O-00679,O2026091400679,C0004,12102.08,NET_BANKING,SUCCESS,2026-09-14 16:52:51
PAY-O-00680,O2026091400680,C0063,12482.8,WALLET,SUCCESS,2026-09-14 12:20:50
PAY-O-00681,O2026091400681,C0076,3453.22,CARD,SUCCESS,2026-09-14 09:45:01
PAY-O-00682,O2026091400682,C0065,8719.95,WALLET,FAILED,2026-09-14 13:04:39
PAY-O-00683,O2026091400683,C0043,948.34,UPI,SUCCESS,2026-09-14 10:48:09
PAY-O-00684,O2026091400684,C0018,19800.25,NET_BANKING,SUCCESS,2026-09-14 21:20:14
PAY-O-00685,O2026091400685,C0055,8297.85,UPI,SUCCESS,2026-09-14 10:01:39
PAY-O-00686,O2026091400686,C0082,1246.92,UPI,SUCCESS,2026-09-14 19:29:23
PAY-O-00687,O2026091400687,C0056,2925.23,NET_BANKING,SUCCESS,2026-09-14 10:23:42
PAY-O-00688,O2026091400688,C0029,3089.42,WALLET,SUCCESS,2026-09-14 01:41:12
PAY-O-00689,O2026091400689,C0032,16777.04,CARD,SUCCESS,2026-09-14 12:22:27
PAY-O-00690,O2026091400690,C0052,7691.13,CARD,SUCCESS,2026-09-14 02:36:49
PAY-O-00691,O2026091400691,C0056,11049.9,CARD,SUCCESS,2026-09-14 14:02:49
PAY-O-00692,O2026091400692,C0058,12102.08,WALLET,SUCCESS,2026-09-14 22:24:53
PAY-O-00693,O2026091400693,C0096,7251.7,UPI,SUCCESS,2026-09-14 02:58:19
PAY-O-00694,O2026091400694,C0041,9772.83,UPI,SUCCESS,2026-09-14 22:03:44
PAY-O-00695,O2026091400695,C0028,4168.94,UPI,SUCCESS,2026-09-14 23:50:46
PAY-O-00696,O2026091400696,C0001,2252.0,NET_BANKING,SUCCESS,2026-09-14 07:34:22
PAY-O-00697,O2026091400697,C0086,8552.02,CARD,SUCCESS,2026-09-14 16:46:51
PAY-O-00698,O2026091400698,C0081,14002.1,WALLET,SUCCESS,2026-09-14 02:41:23
PAY-O-00699,O2026091400699,C0013,15045.36,NET_BANKING,SUCCESS,2026-09-14 08:34:57
PAY-O-00700,O2026091400700,C0052,12915.78,WALLET,SUCCESS,2026-09-14 11:54:54
PAY-O-00701,O2026091400701,C0036,4333.83,NET_BANKING,SUCCESS,2026-09-14 23:24:25
PAY-O-00702,O2026091400702,C0098,907.93,WALLET,SUCCESS,2026-09-14 09:16:10
PAY-O-00703,O2026091400703,C0093,9938.4,CARD,SUCCESS,2026-09-14 05:01:50
PAY-O-00704,O2026091400704,C0090,7897.7,WALLET,SUCCESS,2026-09-14 10:36:48
PAY-O-00705,O2026091400705,C0015,17197.2,UPI,SUCCESS,2026-09-14 07:50:28
PAY-O-00706,O2026091400706,C0020,2956.62,CARD,SUCCESS,2026-09-14 16:01:14
PAY-O-00707,O2026091400707,C0065,1732.29,WALLET,SUCCESS,2026-09-14 05:16:32
PAY-O-00708,O2026091400708,C0080,2872.75,CARD,SUCCESS,2026-09-14 14:53:58
PAY-O-00709,O2026091400709,C0027,13477.4,CARD,SUCCESS,2026-09-14 05:49:55
PAY-O-00710,O2026091400710,C0031,2900.68,CARD,SUCCESS,2026-09-14 11:27:16
PAY-O-00712,O2026091400712,C0025,12824.2,UPI,SUCCESS,2026-09-14 02:23:56
PAY-O-00713,O2026091400713,C0045,457.27,UPI,SUCCESS,2026-09-14 09:42:19
PAY-O-00714,O2026091400714,C0062,17959.56,NET_BANKING,SUCCESS,2026-09-14 15:02:02
PAY-O-00715,O2026091400715,C0007,3699.16,UPI,SUCCESS,2026-09-14 14:39:46
PAY-O-00717,O2026091400717,C0034,22704.05,CARD,SUCCESS,2026-09-14 11:07:25
PAY-O-00718,O2026091400718,C0072,11848.8,WALLET,SUCCESS,2026-09-14 23:27:12
PAY-O-00719,O2026091400719,C0089,4441.93,CARD,PENDING,2026-09-14 04:09:57
PAY-O-00720,O2026091400720,C0010,9884.8,NET_BANKING,SUCCESS,2026-09-14 20:47:27
PAY-O-00721,O2026091400721,C0091,3317.61,WALLET,SUCCESS,2026-09-14 01:27:30
PAY-O-00722,O2026091400722,C0081,3661.45,WALLET,SUCCESS,2026-09-14 22:26:03
PAY-O-00723,O2026091400723,C0076,4181.24,NET_BANKING,SUCCESS,2026-09-14 19:34:04
PAY-O-00724,O2026091400724,C0073,10574.67,UPI,SUCCESS,2026-09-14 09:32:49
PAY-O-00725,O2026091400725,C0039,19954.52,NET_BANKING,SUCCESS,2026-09-14 13:53:49
PAY-O-00726,O2026091400726,C0094,8306.2,NET_BANKING,SUCCESS,2026-09-14 00:03:41
PAY-O-00728,O2026091400728,C0007,8552.02,NET_BANKING,SUCCESS,2026-09-14 02:15:08
PAY-O-00729,O2026091400729,C0043,5179.83,UPI,SUCCESS,2026-09-14 10:28:42
PAY-O-00730,O2026091400730,C0064,3637.55,UPI,SUCCESS,2026-09-14 23:19:25
PAY-O-00731,O2026091400731,C0027,15435.85,CARD,SUCCESS,2026-09-14 14:51:49
PAY-O-00732,O2026091400732,C0085,18949.12,WALLET,SUCCESS,2026-09-14 03:54:08
PAY-O-00733,O2026091400733,C0073,1048.75,WALLET,SUCCESS,2026-09-14 19:51:55
PAY-O-00734,O2026091400734,C0038,2012.99,CARD,SUCCESS,2026-09-14 10:51:06
PAY-O-00735,O2026091400735,C0065,6051.04,WALLET,FAILED,2026-09-14 17:49:06
PAY-O-00736,O2026091400736,C0016,8775.69,NET_BANKING,SUCCESS,2026-09-14 17:27:41
PAY-O-00737,O2026091400737,C0090,2235.82,CARD,FAILED,2026-09-14 13:38:51
PAY-O-00738,O2026091400738,C0086,2012.99,CARD,SUCCESS,2026-09-14 21:19:41
PAY-O-00739,O2026091400739,C0099,11880.15,WALLET,SUCCESS,2026-09-14 19:19:36
PAY-O-00740,O2026091400740,C0057,2182.53,UPI,SUCCESS,2026-09-14 04:34:11
PAY-O-00741,O2026091400741,C0038,19756.95,WALLET,SUCCESS,2026-09-14 22:06:30
PAY-O-00742,O2026091400742,C0003,4180.92,NET_BANKING,SUCCESS,2026-09-14 09:15:38
PAY-O-00743,O2026091400743,C0083,3741.55,UPI,SUCCESS,2026-09-14 11:08:08
PAY-O-00744,O2026091400744,C0072,14099.56,WALLET,SUCCESS,2026-09-14 11:33:01
PAY-O-00745,O2026091400745,C0100,1829.08,WALLET,SUCCESS,2026-09-14 15:05:29
PAY-O-00746,O2026091400746,C0100,2196.87,UPI,SUCCESS,2026-09-14 06:51:45
PAY-O-00747,O2026091400747,C0027,3159.08,NET_BANKING,SUCCESS,2026-09-14 08:50:54
PAY-O-00749,O2026091400749,C0017,1304.9,CARD,SUCCESS,2026-09-14 09:51:13
PAY-O-00750,O2026091400750,C0043,1183.54,WALLET,SUCCESS,2026-09-14 19:57:16
PAY-O-00751,O2026091400751,C0008,2563.71,WALLET,SUCCESS,2026-09-14 07:17:46
PAY-O-00752,O2026091400752,C0019,14244.42,UPI,SUCCESS,2026-09-14 23:25:49
PAY-O-00753,O2026091400753,C0088,3844.44,UPI,SUCCESS,2026-09-14 17:43:50
PAY-O-00754,O2026091400754,C0016,19718.9,NET_BANKING,FAILED,2026-09-14 03:35:02
PAY-O-00755,O2026091400755,C0034,282.12,UPI,SUCCESS,2026-09-14 06:52:04
PAY-O-00756,O2026091400756,C0019,948.34,UPI,SUCCESS,2026-09-14 12:13:36
PAY-O-00757,O2026091400757,C0067,7301.95,CARD,SUCCESS,2026-09-14 23:25:54
PAY-O-00758,O2026091400758,C0093,7885.1,UPI,SUCCESS,2026-09-14 23:22:10
PAY-O-00759,O2026091400759,C0029,7049.78,NET_BANKING,SUCCESS,2026-09-14 17:36:58
PAY-O-00760,O2026091400760,C0040,9764.42,NET_BANKING,SUCCESS,2026-09-14 18:28:47
PAY-O-00761,O2026091400761,C0022,1437.55,WALLET,SUCCESS,2026-09-14 00:13:29
PAY-O-00762,O2026091400762,C0062,12120.96,CARD,SUCCESS,2026-09-14 08:38:28
PAY-O-00763,O2026091400763,C0100,8388.52,CARD,SUCCESS,2026-09-14 02:18:18
PAY-O-00764,O2026091400764,C0033,1957.35,WALLET,SUCCESS,2026-09-14 03:56:23
PAY-O-00765,O2026091400765,C0100,6301.8,UPI,SUCCESS,2026-09-14 13:29:52
PAY-O-00767,O2026091400767,C0062,10422.35,CARD,SUCCESS,2026-09-14 08:57:51
PAY-O-00768,O2026091400768,C0053,3262.25,UPI,SUCCESS,2026-09-14 11:05:22
PAY-O-00769,O2026091400769,C0009,14433.32,WALLET,SUCCESS,2026-09-14 11:28:11
PAY-O-00770,O2026091400770,C0083,9358.9,NET_BANKING,SUCCESS,2026-09-14 02:04:21
PAY-O-00771,O2026091400771,C0004,17104.04,UPI,SUCCESS,2026-09-14 05:08:36
PAY-O-00772,O2026091400772,C0014,6910.05,NET_BANKING,SUCCESS,2026-09-14 08:40:54
PAY-O-00773,O2026091400773,C0053,14533.25,NET_BANKING,SUCCESS,2026-09-14 10:51:30
PAY-O-00774,O2026091400774,C0019,151.73,UPI,SUCCESS,2026-09-14 22:57:45
PAY-O-00775,O2026091400775,C0059,2311.42,WALLET,SUCCESS,2026-09-14 05:48:09
PAY-O-00776,O2026091400776,C0005,17197.2,CARD,PENDING,2026-09-14 05:25:07
PAY-O-00777,O2026091400777,C0088,1219.57,CARD,SUCCESS,2026-09-14 03:26:25
PAY-O-00778,O2026091400778,C0026,862.53,CARD,SUCCESS,2026-09-14 16:20:46
PAY-O-00779,O2026091400779,C0065,8315.2,NET_BANKING,SUCCESS,2026-09-14 18:37:09
PAY-O-00780,O2026091400780,C0037,8675.98,NET_BANKING,SUCCESS,2026-09-14 01:46:52
PAY-O-00781,O2026091400781,C0036,3951.39,NET_BANKING,SUCCESS,2026-09-14 04:21:07
PAY-O-00782,O2026091400782,C0049,5304.87,CARD,SUCCESS,2026-09-14 05:39:16
PAY-O-00783,O2026091400783,C0020,6769.62,UPI,SUCCESS,2026-09-14 06:39:07
PAY-O-00784,O2026091400784,C0046,7897.7,WALLET,SUCCESS,2026-09-14 13:09:27
PAY-O-00785,O2026091400785,C0092,3793.36,UPI,SUCCESS,2026-09-14 15:08:16
PAY-O-00787,O2026091400787,C0074,9423.95,NET_BANKING,SUCCESS,2026-09-14 05:06:03
PAY-O-00788,O2026091400788,C0059,8337.88,UPI,SUCCESS,2026-09-14 04:43:59
PAY-O-00789,O2026091400789,C0086,9742.34,NET_BANKING,SUCCESS,2026-09-14 05:26:07
PAY-O-00790,O2026091400790,C0033,4299.3,WALLET,SUCCESS,2026-09-14 18:00:06
PAY-O-00792,O2026091400792,C0013,4281.5,CARD,SUCCESS,2026-09-14 20:09:06
PAY-O-00793,O2026091400793,C0059,17553.75,CARD,SUCCESS,2026-09-14 01:05:11
PAY-O-00794,O2026091400794,C0003,10418.88,UPI,SUCCESS,2026-09-14 12:46:45
PAY-O-00795,O2026091400795,C0031,10210.23,UPI,SUCCESS,2026-09-14 20:47:47
PAY-O-00796,O2026091400796,C0039,6758.04,UPI,SUCCESS,2026-09-14 22:12:08
PAY-O-00797,O2026091400797,C0023,7833.88,CARD,SUCCESS,2026-09-14 22:16:37
PAY-O-00798,O2026091400798,C0001,14508.33,UPI,SUCCESS,2026-09-14 04:41:04
PAY-O-00799,O2026091400799,C0062,652.45,CARD,SUCCESS,2026-09-14 09:12:24
PAY-O-00800,O2026091400800,C0035,6308.08,CARD,SUCCESS,2026-09-14 08:03:55
PAY-O-00801,O2026091400801,C0098,1871.78,CARD,SUCCESS,2026-09-14 02:31:47
PAY-O-00802,O2026091400802,C0002,303.46,UPI,SUCCESS,2026-09-14 05:42:15
PAY-O-00803,O2026091400803,C0083,826.23,NET_BANKING,SUCCESS,2026-09-14 00:57:15
PAY-O-00804,O2026091400804,C0062,575.02,NET_BANKING,SUCCESS,2026-09-14 23:28:33
PAY-O-00805,O2026091400805,C0097,4460.48,UPI,SUCCESS,2026-09-14 07:09:31
PAY-O-00806,O2026091400806,C0046,9531.5,UPI,SUCCESS,2026-09-14 10:41:49
PAY-O-00807,O2026091400807,C0026,14544.05,NET_BANKING,SUCCESS,2026-09-14 19:12:58
PAY-O-00808,O2026091400808,C0085,282.12,CARD,SUCCESS,2026-09-14 18:52:37
PAY-O-00809,O2026091400809,C0087,3774.42,NET_BANKING,SUCCESS,2026-09-14 19:55:51
PAY-O-00810,O2026091400810,C0050,4706.19,CARD,SUCCESS,2026-09-14 19:13:00
PAY-O-00811,O2026091400811,C0051,12102.08,NET_BANKING,SUCCESS,2026-09-14 18:53:05
PAY-O-00812,O2026091400812,C0061,21380.05,NET_BANKING,SUCCESS,2026-09-14 21:16:54
PAY-O-00813,O2026091400813,C0052,1906.3,UPI,SUCCESS,2026-09-14 09:36:51
PAY-O-00814,O2026091400814,C0046,7814.16,UPI,SUCCESS,2026-09-14 01:20:14
PAY-O-00815,O2026091400815,C0051,1212.49,UPI,SUCCESS,2026-09-14 21:44:12
PAY-O-00816,O2026091400816,C0050,6906.44,WALLET,SUCCESS,2026-09-14 00:17:55
PAY-O-00817,O2026091400817,C0077,4181.24,CARD,SUCCESS,2026-09-14 17:28:35
PAY-O-00818,O2026091400818,C0092,6318.16,WALLET,SUCCESS,2026-09-14 02:55:08
PAY-O-00819,O2026091400819,C0091,275.41,NET_BANKING,SUCCESS,2026-09-14 23:20:47
PAY-O-00820,O2026091400820,C0014,3807.03,CARD,SUCCESS,2026-09-14 07:56:43
PAY-O-00821,O2026091400821,C0045,1958.47,CARD,SUCCESS,2026-09-14 17:04:55
PAY-O-00822,O2026091400822,C0014,1461.95,WALLET,SUCCESS,2026-09-14 09:44:28
PAY-O-00823,O2026091400823,C0053,2252.0,WALLET,SUCCESS,2026-09-14 02:42:47
PAY-O-00824,O2026091400824,C0091,6241.4,NET_BANKING,SUCCESS,2026-09-14 14:32:24
PAY-O-00825,O2026091400825,C0034,21496.5,UPI,SUCCESS,2026-09-14 09:09:04
PAY-O-00826,O2026091400826,C0090,10978.95,UPI,SUCCESS,2026-09-14 22:48:15
PAY-O-00827,O2026091400827,C0036,455.19,WALLET,SUCCESS,2026-09-14 21:48:44
PAY-O-00828,O2026091400828,C0099,6420.45,CARD,SUCCESS,2026-09-14 04:48:49
PAY-O-00829,O2026091400829,C0034,4434.93,NET_BANKING,SUCCESS,2026-09-14 16:19:54
PAY-O-00830,O2026091400830,C0025,13037.04,UPI,SUCCESS,2026-09-14 03:32:25
PAY-O-00831,O2026091400831,C0030,3257.61,CARD,SUCCESS,2026-09-14 12:51:10
PAY-O-00832,O2026091400832,C0011,141.06,CARD,SUCCESS,2026-09-14 06:02:50
PAY-O-00833,O2026091400833,C0023,4748.14,NET_BANKING,SUCCESS,2026-09-14 19:38:56
PAY-O-00834,O2026091400834,C0013,4276.01,NET_BANKING,SUCCESS,2026-09-14 09:10:43
PAY-O-00835,O2026091400835,C0007,4734.16,CARD,SUCCESS,2026-09-14 19:27:13
PAY-O-00837,O2026091400837,C0083,3089.42,UPI,SUCCESS,2026-09-14 12:59:24
PAY-O-00838,O2026091400838,C0076,2235.82,UPI,SUCCESS,2026-09-14 10:15:42
PAY-O-00839,O2026091400839,C0052,471.44,UPI,SUCCESS,2026-09-14 00:40:10
PAY-O-00840,O2026091400840,C0053,4553.45,CARD,SUCCESS,2026-09-14 19:14:47
PAY-O-00841,O2026091400841,C0032,20980.85,NET_BANKING,SUCCESS,2026-09-14 21:58:32
PAY-O-00842,O2026091400842,C0028,4489.89,NET_BANKING,SUCCESS,2026-09-14 20:10:44
PAY-O-00843,O2026091400843,C0015,563.0,CARD,SUCCESS,2026-09-14 21:12:57
PAY-O-00844,O2026091400844,C0032,4871.17,NET_BANKING,SUCCESS,2026-09-14 22:48:35
PAY-O-00845,O2026091400845,C0041,7887.56,WALLET,SUCCESS,2026-09-14 09:47:46
PAY-O-00846,O2026091400846,C0018,11635.24,UPI,SUCCESS,2026-09-14 16:35:21
PAY-O-00847,O2026091400847,C0010,738.42,UPI,SUCCESS,2026-09-14 11:12:09
PAY-O-00848,O2026091400848,C0084,732.29,NET_BANKING,FAILED,2026-09-14 23:51:23
PAY-O-00849,O2026091400849,C0092,2182.53,NET_BANKING,SUCCESS,2026-09-14 06:23:41
PAY-O-00850,O2026091400850,C0085,15352.2,WALLET,SUCCESS,2026-09-14 06:25:28
PAY-O-00851,O2026091400851,C0048,8388.52,UPI,SUCCESS,2026-09-14 19:04:06
PAY-O-00852,O2026091400852,C0033,4337.99,NET_BANKING,SUCCESS,2026-09-14 18:56:50
PAY-O-00853,O2026091400853,C0032,3378.46,NET_BANKING,SUCCESS,2026-09-14 18:35:25
PAY-O-00854,O2026091400854,C0056,3854.8,WALLET,SUCCESS,2026-09-14 07:12:39
PAY-O-00855,O2026091400855,C0064,16288.05,WALLET,SUCCESS,2026-09-14 10:10:53
PAY-O-00856,O2026091400856,C0030,1464.58,WALLET,PENDING,2026-09-14 19:50:01
PAY-O-00857,O2026091400857,C0086,10554.18,CARD,SUCCESS,2026-09-14 03:32:07
PAY-O-00858,O2026091400858,C0044,4181.24,NET_BANKING,SUCCESS,2026-09-14 19:32:47
PAY-O-00859,O2026091400859,C0064,1463.25,NET_BANKING,FAILED,2026-09-14 04:46:34
PAY-O-00860,O2026091400860,C0049,5850.46,WALLET,SUCCESS,2026-09-14 15:53:27
PAY-O-00861,O2026091400861,C0066,3854.8,UPI,SUCCESS,2026-09-14 10:32:51
PAY-O-00862,O2026091400862,C0088,3353.73,UPI,SUCCESS,2026-09-14 05:28:38
PAY-O-00863,O2026091400863,C0045,2723.79,UPI,SUCCESS,2026-09-14 19:49:38
PAY-O-00864,O2026091400864,C0075,1871.78,CARD,SUCCESS,2026-09-14 09:18:03
PAY-O-00865,O2026091400865,C0056,862.53,WALLET,SUCCESS,2026-09-14 06:16:28
PAY-O-00866,O2026091400866,C0070,4441.93,NET_BANKING,FAILED,2026-09-14 23:38:35
PAY-O-00867,O2026091400867,C0036,2906.65,UPI,SUCCESS,2026-09-14 13:11:41
PAY-O-00868,O2026091400868,C0020,8361.84,CARD,SUCCESS,2026-09-14 09:07:11
PAY-O-00869,O2026091400869,C0052,4280.3,WALLET,SUCCESS,2026-09-14 08:57:39
PAY-O-00870,O2026091400870,C0089,11635.24,UPI,SUCCESS,2026-09-14 21:10:59
PAY-O-00871,O2026091400871,C0075,12459.3,NET_BANKING,SUCCESS,2026-09-14 22:27:47
PAY-O-00872,O2026091400872,C0096,2424.98,WALLET,SUCCESS,2026-09-14 17:10:50
PAY-O-00873,O2026091400873,C0028,6236.4,CARD,SUCCESS,2026-09-14 23:36:22
PAY-O-00874,O2026091400874,C0089,4423.48,WALLET,SUCCESS,2026-09-14 00:25:50
PAY-O-00875,O2026091400875,C0037,862.53,NET_BANKING,SUCCESS,2026-09-14 07:14:39
PAY-O-00876,O2026091400876,C0006,11282.7,WALLET,SUCCESS,2026-09-14 05:51:47
PAY-O-00877,O2026091400877,C0023,471.44,NET_BANKING,SUCCESS,2026-09-14 11:35:15
PAY-O-00878,O2026091400878,C0087,3513.66,UPI,SUCCESS,2026-09-14 11:11:12
PAY-O-00879,O2026091400879,C0057,14040.96,CARD,SUCCESS,2026-09-14 14:28:35
PAY-O-00880,O2026091400880,C0036,8563.0,NET_BANKING,SUCCESS,2026-09-14 22:09:41
PAY-O-00881,O2026091400881,C0053,7021.5,WALLET,SUCCESS,2026-09-14 06:43:00
PAY-O-00882,O2026091400882,C0018,7625.2,UPI,SUCCESS,2026-09-14 06:02:10
PAY-O-00883,O2026091400883,C0060,13251.2,UPI,SUCCESS,2026-09-14 19:54:14
PAY-O-00884,O2026091400884,C0045,12357.68,WALLET,SUCCESS,2026-09-14 04:56:57
PAY-O-00885,O2026091400885,C0027,11831.34,UPI,SUCCESS,2026-09-14 02:08:47
PAY-O-00886,O2026091400886,C0032,3164.31,CARD,SUCCESS,2026-09-14 03:41:53
PAY-O-00887,O2026091400887,C0022,4333.83,UPI,SUCCESS,2026-09-14 16:57:45
PAY-O-00888,O2026091400888,C0043,4196.17,UPI,SUCCESS,2026-09-14 21:13:07
PAY-O-00889,O2026091400889,C0068,8466.66,CARD,SUCCESS,2026-09-14 17:05:16
PAY-O-00890,O2026091400890,C0080,12120.96,CARD,PENDING,2026-09-14 22:06:05
PAY-O-00891,O2026091400891,C0095,3362.81,NET_BANKING,SUCCESS,2026-09-14 23:27:27
PAY-O-00892,O2026091400892,C0045,11682.32,UPI,SUCCESS,2026-09-14 11:23:31
PAY-O-00893,O2026091400893,C0043,457.27,WALLET,SUCCESS,2026-09-14 19:21:06
PAY-O-00894,O2026091400894,C0080,3699.16,UPI,FAILED,2026-09-14 00:20:46
PAY-O-00895,O2026091400895,C0087,16279.72,CARD,SUCCESS,2026-09-14 16:19:15
PAY-O-00896,O2026091400896,C0057,1236.42,WALLET,SUCCESS,2026-09-14 16:04:45
PAY-O-00897,O2026091400897,C0076,583.4,NET_BANKING,SUCCESS,2026-09-14 20:24:57
PAY-O-00899,O2026091400899,C0051,16814.05,WALLET,SUCCESS,2026-09-14 01:22:43
PAY-O-00900,O2026091400900,C0015,1166.8,CARD,SUCCESS,2026-09-14 08:27:29
PAY-O-00901,O2026091400901,C0022,9764.42,WALLET,SUCCESS,2026-09-14 10:42:08
PAY-O-00902,O2026091400902,C0008,2201.38,CARD,SUCCESS,2026-09-14 07:21:50
PAY-O-00903,O2026091400903,C0024,3916.94,WALLET,SUCCESS,2026-09-14 23:15:01
PAY-O-00905,O2026091400905,C0049,1958.47,UPI,SUCCESS,2026-09-14 16:32:48
PAY-O-00906,O2026091400906,C0012,6518.52,WALLET,SUCCESS,2026-09-14 01:34:18
PAY-O-00907,O2026091400907,C0005,1726.61,WALLET,SUCCESS,2026-09-14 10:13:23
PAY-O-00908,O2026091400908,C0001,16723.68,NET_BANKING,SUCCESS,2026-09-14 09:04:13
PAY-O-00909,O2026091400909,C0089,13609.35,WALLET,SUCCESS,2026-09-14 13:45:38
PAY-O-00910,O2026091400910,C0065,12588.51,CARD,SUCCESS,2026-09-14 03:03:40
PAY-O-00911,O2026091400911,C0028,2845.02,UPI,SUCCESS,2026-09-14 12:35:34
PAY-O-00913,O2026091400913,C0043,9106.9,NET_BANKING,SUCCESS,2026-09-14 01:56:32
PAY-O-00914,O2026091400914,C0075,214.89,UPI,SUCCESS,2026-09-14 21:41:56
PAY-O-00915,O2026091400915,C0085,2140.15,NET_BANKING,PENDING,2026-09-14 14:26:26
PAY-O-00916,O2026091400916,C0092,14602.9,NET_BANKING,SUCCESS,2026-09-14 23:35:01
PAY-O-00917,O2026091400917,C0012,2974.3,UPI,SUCCESS,2026-09-14 16:09:17
PAY-O-00918,O2026091400918,C0079,3943.78,WALLET,SUCCESS,2026-09-14 21:46:12
PAY-O-00919,O2026091400919,C0031,19344.44,UPI,SUCCESS,2026-09-14 15:47:09
PAY-O-00920,O2026091400920,C0088,19800.25,UPI,SUCCESS,2026-09-14 13:57:14
PAY-O-00921,O2026091400921,C0057,902.84,WALLET,SUCCESS,2026-09-14 21:05:54
PAY-O-00922,O2026091400922,C0027,8466.66,WALLET,SUCCESS,2026-09-14 11:35:35
PAY-O-00923,O2026091400923,C0043,7301.95,WALLET,SUCCESS,2026-09-14 02:56:10
PAY-O-00924,O2026091400924,C0043,9772.83,WALLET,SUCCESS,2026-09-14 15:57:54
PAY-O-00926,O2026091400926,C0080,19344.44,CARD,SUCCESS,2026-09-14 19:20:47
PAY-O-00927,O2026091400927,C0032,15840.2,NET_BANKING,SUCCESS,2026-09-14 09:24:33
PAY-O-00928,O2026091400928,C0056,12857.76,CARD,SUCCESS,2026-09-14 16:04:40
PAY-O-00929,O2026091400929,C0078,8315.2,NET_BANKING,SUCCESS,2026-09-14 08:29:31
PAY-O-00930,O2026091400930,C0007,727.51,WALLET,SUCCESS,2026-09-14 14:25:53
PAY-O-00931,O2026091400931,C0050,3536.58,UPI,SUCCESS,2026-09-14 12:16:03
PAY-O-00932,O2026091400932,C0006,4978.71,NET_BANKING,SUCCESS,2026-09-14 12:28:21
PAY-O-00933,O2026091400933,C0099,2084.47,NET_BANKING,SUCCESS,2026-09-14 09:22:04
PAY-O-00934,O2026091400934,C0007,13477.52,CARD,SUCCESS,2026-09-14 23:40:58
PAY-O-00935,O2026091400935,C0016,13451.24,CARD,SUCCESS,2026-09-14 13:38:52
PAY-O-00936,O2026091400936,C0075,11854.17,CARD,SUCCESS,2026-09-14 21:19:58
PAY-O-00937,O2026091400937,C0068,2335.71,WALLET,SUCCESS,2026-09-14 07:27:26
PAY-O-00938,O2026091400938,C0045,12588.51,UPI,SUCCESS,2026-09-14 20:13:33
PAY-O-00939,O2026091400939,C0012,4196.17,NET_BANKING,SUCCESS,2026-09-14 01:29:38
PAY-O-00940,O2026091400940,C0013,1957.35,CARD,SUCCESS,2026-09-14 19:51:35
PAY-O-00941,O2026091400941,C0095,7625.2,WALLET,SUCCESS,2026-09-14 02:30:19
PAY-O-00942,O2026091400942,C0043,948.34,WALLET,SUCCESS,2026-09-14 01:38:15
PAY-O-00943,O2026091400943,C0051,9531.5,UPI,SUCCESS,2026-09-14 21:09:00
PAY-O-00944,O2026091400944,C0036,4196.17,NET_BANKING,SUCCESS,2026-09-14 20:12:24
PAY-O-00945,O2026091400945,C0072,3960.05,UPI,SUCCESS,2026-09-14 21:48:16
PAY-O-00946,O2026091400946,C0065,3345.36,UPI,SUCCESS,2026-09-14 17:12:52
PAY-O-00947,O2026091400947,C0050,6518.52,CARD,SUCCESS,2026-09-14 07:49:51
PAY-O-00948,O2026091400948,C0009,1254.27,NET_BANKING,SUCCESS,2026-09-14 22:44:21
PAY-O-00949,O2026091400949,C0043,12542.43,CARD,SUCCESS,2026-09-14 07:43:30
PAY-O-00951,O2026091400951,C0052,3206.05,CARD,SUCCESS,2026-09-14 02:24:08
PAY-O-00952,O2026091400952,C0084,1885.76,WALLET,SUCCESS,2026-09-14 04:51:18
PAY-O-00953,O2026091400953,C0003,1985.56,NET_BANKING,SUCCESS,2026-09-14 03:43:33
PAY-O-00954,O2026091400954,C0079,3762.81,NET_BANKING,SUCCESS,2026-09-14 08:07:15
PAY-O-00955,O2026091400955,C0041,2309.72,WALLET,SUCCESS,2026-09-14 10:25:51
PAY-O-00956,O2026091400956,C0075,282.12,CARD,SUCCESS,2026-09-14 17:57:07
PAY-O-00957,O2026091400957,C0064,5575.6,NET_BANKING,SUCCESS,2026-09-14 19:01:14
PAY-O-00958,O2026091400958,C0095,8839.92,WALLET,FAILED,2026-09-14 02:06:14
PAY-O-00959,O2026091400959,C0082,1101.64,CARD,SUCCESS,2026-09-14 09:49:16
PAY-O-00960,O2026091400960,C0060,11421.09,NET_BANKING,SUCCESS,2026-09-14 10:42:02
PAY-O-00961,O2026091400961,C0095,1577.02,CARD,SUCCESS,2026-09-14 16:42:53
PAY-O-00962,O2026091400962,C0088,7627.11,WALLET,SUCCESS,2026-09-14 13:42:12
PAY-O-00963,O2026091400963,C0014,12209.79,UPI,SUCCESS,2026-09-14 11:19:25
PAY-O-00964,O2026091400964,C0060,758.65,CARD,SUCCESS,2026-09-14 07:32:26
PAY-O-00965,O2026091400965,C0022,1371.81,NET_BANKING,SUCCESS,2026-09-14 17:37:12
PAY-O-00966,O2026091400966,C0043,12072.8,WALLET,PENDING,2026-09-14 17:09:22
PAY-O-00968,O2026091400968,C0027,2367.08,CARD,SUCCESS,2026-09-14 17:28:46
PAY-O-00969,O2026091400969,C0019,8051.96,WALLET,SUCCESS,2026-09-14 04:29:26
PAY-O-00970,O2026091400970,C0048,344.68,NET_BANKING,SUCCESS,2026-09-14 19:39:48
PAY-O-00971,O2026091400971,C0061,5243.75,WALLET,SUCCESS,2026-09-14 05:48:21
PAY-O-00972,O2026091400972,C0075,13030.44,NET_BANKING,SUCCESS,2026-09-14 19:53:09
PAY-O-00973,O2026091400973,C0059,19800.25,WALLET,SUCCESS,2026-09-14 03:41:25
PAY-O-00974,O2026091400974,C0016,17624.45,WALLET,SUCCESS,2026-09-14 15:07:25
PAY-O-00975,O2026091400975,C0042,3120.7,NET_BANKING,SUCCESS,2026-09-14 18:40:44
PAY-O-00976,O2026091400976,C0063,16723.68,NET_BANKING,SUCCESS,2026-09-14 12:37:01
PAY-O-00977,O2026091400977,C0054,3120.7,NET_BANKING,SUCCESS,2026-09-14 19:21:10
PAY-O-00978,O2026091400978,C0095,14244.42,UPI,SUCCESS,2026-09-14 08:17:56
PAY-O-00980,O2026091400980,C0055,2669.87,NET_BANKING,SUCCESS,2026-09-14 11:19:38
PAY-O-00981,O2026091400981,C0042,1354.26,UPI,SUCCESS,2026-09-14 02:49:45
PAY-O-00982,O2026091400982,C0065,211.59,WALLET,SUCCESS,2026-09-14 21:46:02
PAY-O-00983,O2026091400983,C0027,4978.71,UPI,SUCCESS,2026-09-14 21:13:07
PAY-O-00984,O2026091400984,C0056,2460.58,CARD,SUCCESS,2026-09-14 16:55:19
PAY-O-00986,O2026091400986,C0082,12542.76,WALLET,SUCCESS,2026-09-14 17:16:27
PAY-O-00987,O2026091400987,C0070,3518.06,WALLET,SUCCESS,2026-09-14 11:52:47
PAY-O-00988,O2026091400988,C0016,246.14,UPI,SUCCESS,2026-09-14 23:44:15
PAY-O-00989,O2026091400989,C0035,11854.17,WALLET,SUCCESS,2026-09-14 03:25:39
PAY-O-00990,O2026091400990,C0021,2667.06,WALLET,SUCCESS,2026-09-14 13:04:55
PAY-O-00991,O2026091400991,C0070,17143.68,WALLET,SUCCESS,2026-09-14 18:19:08
PAY-O-00992,O2026091400992,C0013,6738.76,NET_BANKING,SUCCESS,2026-09-14 18:00:33
PAY-O-00993,O2026091400993,C0076,3262.25,CARD,SUCCESS,2026-09-14 15:30:36
PAY-O-00994,O2026091400994,C0012,1254.27,UPI,FAILED,2026-09-14 00:39:35
PAY-O-00995,O2026091400995,C0071,10887.48,NET_BANKING,SUCCESS,2026-09-14 09:01:45
PAY-O-00996,O2026091400996,C0092,9659.95,NET_BANKING,SUCCESS,2026-09-14 18:21:07
PAY-O-00997,O2026091400997,C0047,6051.04,NET_BANKING,SUCCESS,2026-09-14 07:17:10
PAY-O-00998,O2026091400998,C0035,19800.25,NET_BANKING,SUCCESS,2026-09-14 06:31:29
PAY-O-00999,O2026091400999,C0067,471.44,UPI,SUCCESS,2026-09-14 02:27:32
PAY-O-01000,O2026091401000,C0037,7398.32,WALLET,SUCCESS,2026-09-14 04:52:24
PAY-S-00001,SS2026091400001,C0082,11700.92,WALLET,SUCCESS,2026-09-14 11:38:11
PAY-S-00002,SS2026091400002,C0019,14099.56,WALLET,SUCCESS,2026-09-14 00:46:24
PAY-S-00003,SS2026091400003,C0037,7833.88,UPI,SUCCESS,2026-09-14 00:03:23
PAY-S-00004,SS2026091400004,C0021,1689.0,WALLET,SUCCESS,2026-09-14 13:40:41
PAY-S-00005,SS2026091400005,C0063,4737.28,CASH,SUCCESS,2026-09-14 05:39:19
PAY-S-00006,SS2026091400006,C0040,1461.95,UPI,SUCCESS,2026-09-14 18:36:29
PAY-S-00007,SS2026091400007,C0100,10808.01,WALLET,SUCCESS,2026-09-14 22:58:28
PAY-S-00008,SS2026091400008,C0085,24355.85,WALLET,SUCCESS,2026-09-14 15:34:39
PAY-S-00009,SS2026091400009,C0051,1546.24,UPI,SUCCESS,2026-09-14 23:02:25
PAY-S-00010,SS2026091400010,C0015,838.08,CASH,SUCCESS,2026-09-14 01:08:15
PAY-S-00011,SS2026091400011,C0073,15447.1,WALLET,SUCCESS,2026-09-14 22:11:10
PAY-S-00012,SS2026091400012,C0035,1750.2,WALLET,SUCCESS,2026-09-14 09:45:20
PAY-S-00013,SS2026091400013,C0055,2202.88,CARD,SUCCESS,2026-09-14 20:23:51
PAY-S-00014,SS2026091400014,C0081,8610.52,UPI,SUCCESS,2026-09-14 01:10:48
PAY-S-00015,SS2026091400015,C0034,2416.44,UPI,SUCCESS,2026-09-14 19:33:56
PAY-S-00016,SS2026091400016,C0037,3518.06,WALLET,SUCCESS,2026-09-14 20:21:39
PAY-S-00017,SS2026091400017,C0073,4684.88,CARD,SUCCESS,2026-09-14 23:49:06
PAY-S-00018,SS2026091400018,C0008,574.55,WALLET,SUCCESS,2026-09-14 22:13:02
PAY-S-00019,SS2026091400019,C0049,5273.85,CASH,SUCCESS,2026-09-14 23:35:49
PAY-S-00020,SS2026091400020,C0070,16846.9,UPI,SUCCESS,2026-09-14 11:30:59
PAY-S-00021,SS2026091400021,C0090,992.78,CASH,SUCCESS,2026-09-14 00:26:13
PAY-S-00022,SS2026091400022,C0012,1048.75,UPI,SUCCESS,2026-09-14 05:13:26
PAY-S-00023,SS2026091400023,C0031,3089.42,UPI,SUCCESS,2026-09-14 11:16:51
PAY-S-00024,SS2026091400024,C0074,1750.2,CASH,SUCCESS,2026-09-14 13:43:15
PAY-S-00025,SS2026091400025,C0069,1726.61,UPI,SUCCESS,2026-09-14 19:22:31
PAY-S-00026,SS2026091400026,C0071,3709.26,CARD,SUCCESS,2026-09-14 18:51:38
PAY-S-00027,SS2026091400027,C0049,7109.28,CASH,SUCCESS,2026-09-14 21:36:32
PAY-S-00028,SS2026091400028,C0041,9213.4,CASH,SUCCESS,2026-09-14 02:46:44
PAY-S-00029,SS2026091400029,C0043,563.0,CASH,SUCCESS,2026-09-14 07:03:05
PAY-S-00030,SS2026091400030,C0100,5084.74,CARD,SUCCESS,2026-09-14 02:39:13
PAY-S-00031,SS2026091400031,C0026,3536.58,CARD,SUCCESS,2026-09-14 16:30:41
PAY-S-00032,SS2026091400032,C0016,2604.72,CASH,SUCCESS,2026-09-14 12:45:38
PAY-S-00033,SS2026091400033,C0067,5273.85,CASH,SUCCESS,2026-09-14 14:08:23
PAY-S-00034,SS2026091400034,C0065,4157.6,UPI,SUCCESS,2026-09-14 11:57:35
PAY-S-00035,SS2026091400035,C0073,12897.9,CARD,SUCCESS,2026-09-14 23:46:21
PAY-S-00036,SS2026091400036,C0075,8560.6,CASH,SUCCESS,2026-09-14 22:51:14
PAY-S-00037,SS2026091400037,C0099,1579.54,UPI,SUCCESS,2026-09-14 02:31:21
PAY-S-00038,SS2026091400038,C0043,3262.25,UPI,SUCCESS,2026-09-14 00:34:54
PAY-S-00039,SS2026091400039,C0073,10394.0,CARD,SUCCESS,2026-09-14 21:33:29
PAY-S-00040,SS2026091400040,C0090,22449.45,CASH,FAILED,2026-09-14 08:32:33
PAY-S-00041,SS2026091400041,C0018,16724.96,WALLET,SUCCESS,2026-09-14 23:32:30
PAY-S-00042,SS2026091400042,C0084,22704.05,CARD,SUCCESS,2026-09-14 08:27:26
PAY-S-00043,SS2026091400043,C0065,5209.44,CASH,SUCCESS,2026-09-14 00:01:59
PAY-S-00044,SS2026091400044,C0066,3844.44,CASH,SUCCESS,2026-09-14 02:47:08
PAY-S-00045,SS2026091400045,C0038,5041.44,WALLET,SUCCESS,2026-09-14 17:48:32
PAY-S-00046,SS2026091400046,C0058,5443.74,CASH,SUCCESS,2026-09-14 13:12:22
PAY-S-00047,SS2026091400047,C0089,12824.2,CARD,SUCCESS,2026-09-14 09:03:45
PAY-S-00048,SS2026091400048,C0071,4638.72,CASH,SUCCESS,2026-09-14 17:14:47
PAY-S-00049,SS2026091400049,C0051,3781.08,CARD,SUCCESS,2026-09-14 16:00:59
PAY-S-00050,SS2026091400050,C0051,429.78,CASH,SUCCESS,2026-09-14 18:02:13
PAY-S-00051,SS2026091400051,C0027,13609.35,WALLET,SUCCESS,2026-09-14 14:14:07
PAY-S-00052,SS2026091400052,C0027,12082.2,CASH,SUCCESS,2026-09-14 06:22:42
PAY-S-00053,SS2026091400053,C0001,3510.75,CASH,SUCCESS,2026-09-14 23:48:07
PAY-S-00054,SS2026091400054,C0074,4153.1,CARD,SUCCESS,2026-09-14 08:53:54
PAY-S-00055,SS2026091400055,C0007,5084.74,UPI,SUCCESS,2026-09-14 03:10:09
PAY-S-00056,SS2026091400056,C0037,3164.31,CASH,SUCCESS,2026-09-14 16:23:45
PAY-S-00057,SS2026091400057,C0098,4233.33,CARD,SUCCESS,2026-09-14 06:09:52
PAY-S-00058,SS2026091400058,C0100,21166.65,CASH,SUCCESS,2026-09-14 14:58:32
PAY-S-00059,SS2026091400059,C0062,563.0,UPI,SUCCESS,2026-09-14 18:04:05
PAY-S-00060,SS2026091400060,C0100,5615.34,UPI,SUCCESS,2026-09-14 22:06:53
PAY-S-00061,SS2026091400061,C0019,4333.83,CASH,SUCCESS,2026-09-14 11:07:36
PAY-S-00062,SS2026091400062,C0034,2908.81,CARD,SUCCESS,2026-09-14 00:56:28
PAY-S-00063,SS2026091400063,C0055,9792.35,CARD,SUCCESS,2026-09-14 03:57:45
PAY-S-00064,SS2026091400064,C0038,23740.7,UPI,SUCCESS,2026-09-14 14:00:40
PAY-S-00065,SS2026091400065,C0065,5718.9,CASH,SUCCESS,2026-09-14 12:28:13
PAY-S-00066,SS2026091400066,C0087,1154.86,UPI,SUCCESS,2026-09-14 16:51:59
PAY-S-00067,SS2026091400067,C0059,2887.15,UPI,SUCCESS,2026-09-14 10:32:42
PAY-S-00068,SS2026091400068,C0063,1557.14,WALLET,SUCCESS,2026-09-14 16:29:06
PAY-S-00069,SS2026091400069,C0045,3637.25,CARD,SUCCESS,2026-09-14 04:00:37
PAY-S-00070,SS2026091400070,C0042,18824.76,CASH,SUCCESS,2026-09-14 11:34:08
PAY-S-00071,SS2026091400071,C0037,948.34,CASH,SUCCESS,2026-09-14 10:42:09
PAY-S-00072,SS2026091400072,C0035,15228.12,CARD,SUCCESS,2026-09-14 08:41:12
PAY-S-00073,SS2026091400073,C0032,517.02,CARD,SUCCESS,2026-09-14 21:27:18
PAY-S-00074,SS2026091400074,C0023,246.14,UPI,SUCCESS,2026-09-14 23:54:46
PAY-S-00075,SS2026091400075,C0067,7885.1,UPI,SUCCESS,2026-09-14 11:47:44
PAY-S-00076,SS2026091400076,C0064,5032.56,WALLET,SUCCESS,2026-09-14 05:53:08
PAY-S-00077,SS2026091400077,C0071,6587.37,WALLET,SUCCESS,2026-09-14 20:03:03
PAY-S-00078,SS2026091400078,C0091,13030.44,CARD,SUCCESS,2026-09-14 07:20:09
PAY-S-00079,SS2026091400079,C0013,9618.15,CASH,SUCCESS,2026-09-14 01:49:25
PAY-S-00080,SS2026091400080,C0004,4935.92,UPI,SUCCESS,2026-09-14 19:20:42
PAY-S-00081,SS2026091400081,C0037,7398.32,CARD,SUCCESS,2026-09-14 23:02:00
PAY-S-00082,SS2026091400082,C0002,4945.68,CASH,SUCCESS,2026-09-14 05:16:23
PAY-S-00083,SS2026091400083,C0047,4963.9,CARD,FAILED,2026-09-14 22:37:24
PAY-S-00084,SS2026091400084,C0038,10064.95,UPI,FAILED,2026-09-14 01:19:38
PAY-S-00085,SS2026091400085,C0046,4739.52,UPI,SUCCESS,2026-09-14 18:26:46
PAY-S-00086,SS2026091400086,C0008,4805.55,CARD,SUCCESS,2026-09-14 08:47:23
PAY-S-00087,SS2026091400087,C0061,902.84,CARD,SUCCESS,2026-09-14 11:58:52
PAY-S-00088,SS2026091400088,C0036,12482.8,CASH,SUCCESS,2026-09-14 22:48:47
PAY-S-00089,SS2026091400089,C0068,18824.76,UPI,SUCCESS,2026-09-14 15:08:00
PAY-S-00090,SS2026091400090,C0090,6906.44,WALLET,SUCCESS,2026-09-14 07:19:35
PAY-S-00091,SS2026091400091,C0032,7243.68,CASH,SUCCESS,2026-09-14 23:35:54
PAY-S-00092,SS2026091400092,C0063,151.73,CASH,SUCCESS,2026-09-14 00:49:52
PAY-S-00093,SS2026091400093,C0011,3510.24,WALLET,SUCCESS,2026-09-14 00:01:27
PAY-S-00094,SS2026091400094,C0043,2097.5,CASH,SUCCESS,2026-09-14 13:30:44
PAY-S-00095,SS2026091400095,C0093,3510.75,UPI,SUCCESS,2026-09-14 01:20:20
PAY-S-00096,SS2026091400096,C0070,8560.6,CARD,SUCCESS,2026-09-14 19:35:15
PAY-S-00097,SS2026091400097,C0062,15603.5,UPI,SUCCESS,2026-09-14 02:50:53
PAY-S-00098,SS2026091400098,C0066,22767.25,CASH,SUCCESS,2026-09-14 10:29:24
PAY-S-00099,SS2026091400099,C0057,419.04,CARD,SUCCESS,2026-09-14 11:34:23
PAY-S-00100,SS2026091400100,C0097,15840.2,UPI,SUCCESS,2026-09-14 20:33:20
PAY-S-00101,SS2026091400101,C0065,2978.34,UPI,SUCCESS,2026-09-14 20:22:33
PAY-S-00102,SS2026091400102,C0054,7885.1,CASH,SUCCESS,2026-09-14 18:41:51
PAY-S-00103,SS2026091400103,C0063,21166.65,CASH,SUCCESS,2026-09-14 16:02:01
PAY-S-00104,SS2026091400104,C0047,2609.8,WALLET,SUCCESS,2026-09-14 19:58:26
PAY-S-00105,SS2026091400105,C0068,2235.82,WALLET,SUCCESS,2026-09-14 15:44:30
PAY-S-00106,SS2026091400106,C0053,8675.98,CARD,SUCCESS,2026-09-14 04:54:11
PAY-S-00107,SS2026091400107,C0093,13251.2,CASH,SUCCESS,2026-09-14 12:08:30
PAY-S-00108,SS2026091400108,C0012,6038.97,CASH,SUCCESS,2026-09-14 05:25:56
PAY-S-00109,SS2026091400109,C0082,7049.78,CARD,SUCCESS,2026-09-14 18:57:58
PAY-S-00110,SS2026091400110,C0021,2424.98,WALLET,SUCCESS,2026-09-14 14:56:02
PAY-S-00111,SS2026091400111,C0066,16846.9,UPI,SUCCESS,2026-09-14 17:22:02
PAY-S-00112,SS2026091400112,C0081,2978.34,CASH,SUCCESS,2026-09-14 14:33:30
PAY-S-00113,SS2026091400113,C0033,8560.6,CARD,SUCCESS,2026-09-14 07:46:06
PAY-S-00114,SS2026091400114,C0001,11635.24,UPI,SUCCESS,2026-09-14 00:20:06
PAY-S-00115,SS2026091400115,C0090,14043.0,UPI,SUCCESS,2026-09-14 18:50:56
PAY-S-00116,SS2026091400116,C0041,732.29,UPI,SUCCESS,2026-09-14 00:43:18
PAY-S-00117,SS2026091400117,C0052,4945.68,UPI,SUCCESS,2026-09-14 00:07:05
PAY-S-00118,SS2026091400118,C0036,4441.93,CASH,SUCCESS,2026-09-14 18:10:37
PAY-S-00119,SS2026091400119,C0018,4194.26,WALLET,SUCCESS,2026-09-14 19:41:36
PAY-S-00120,SS2026091400120,C0048,2472.84,CARD,SUCCESS,2026-09-14 12:56:13
PAY-S-00121,SS2026091400121,C0047,10250.52,WALLET,SUCCESS,2026-09-14 02:55:12
PAY-S-00122,SS2026091400122,C0078,4805.55,WALLET,SUCCESS,2026-09-14 12:01:05
PAY-S-00123,SS2026091400123,C0064,16724.96,CASH,SUCCESS,2026-09-14 04:58:59
PAY-S-00124,SS2026091400124,C0042,8051.96,UPI,SUCCESS,2026-09-14 16:42:22
PAY-S-00125,SS2026091400125,C0058,992.78,UPI,SUCCESS,2026-09-14 21:47:37
PAY-S-00126,SS2026091400126,C0040,3701.94,CASH,SUCCESS,2026-09-14 06:10:14
PAY-S-00127,SS2026091400127,C0048,6906.44,UPI,SUCCESS,2026-09-14 15:23:43
PAY-S-00128,SS2026091400128,C0058,457.27,UPI,SUCCESS,2026-09-14 15:18:48
PAY-S-00129,SS2026091400129,C0006,10808.01,UPI,SUCCESS,2026-09-14 23:28:55
PAY-S-00130,SS2026091400130,C0024,914.54,CARD,SUCCESS,2026-09-14 06:45:01
PAY-S-00131,SS2026091400131,C0058,4351.02,CASH,SUCCESS,2026-09-14 10:05:10
PAY-S-00132,SS2026091400132,C0077,12543.72,UPI,SUCCESS,2026-09-14 01:44:13
PAY-S-00133,SS2026091400133,C0015,4638.72,CASH,SUCCESS,2026-09-14 18:34:56
PAY-S-00134,SS2026091400134,C0021,4153.1,CASH,SUCCESS,2026-09-14 13:04:39
PAY-S-00135,SS2026091400135,C0041,2604.72,CASH,SUCCESS,2026-09-14 23:34:26
PAY-S-00136,SS2026091400136,C0100,8388.52,CASH,SUCCESS,2026-09-14 18:26:22
PAY-S-00137,SS2026091400137,C0028,13030.44,WALLET,SUCCESS,2026-09-14 08:42:11
PAY-S-00138,SS2026091400138,C0036,3416.84,CARD,SUCCESS,2026-09-14 09:03:38
PAY-S-00139,SS2026091400139,C0090,11854.17,CARD,SUCCESS,2026-09-14 00:58:33
PAY-S-00140,SS2026091400140,C0068,1726.61,WALLET,SUCCESS,2026-09-14 08:26:59
PAY-S-00141,SS2026091400141,C0011,15045.36,WALLET,SUCCESS,2026-09-14 06:48:56
PAY-S-00142,SS2026091400142,C0055,1414.32,WALLET,SUCCESS,2026-09-14 05:05:55
PAY-S-00143,SS2026091400143,C0001,4419.96,CARD,SUCCESS,2026-09-14 16:29:56
PAY-S-00144,SS2026091400144,C0070,6518.52,UPI,SUCCESS,2026-09-14 18:06:56
PAY-S-00145,SS2026091400145,C0041,1761.72,UPI,SUCCESS,2026-09-14 20:46:59
PAY-S-00146,SS2026091400146,C0041,7833.88,WALLET,SUCCESS,2026-09-14 07:58:39
PAY-S-00147,SS2026091400147,C0081,4632.23,WALLET,SUCCESS,2026-09-14 21:28:27
PAY-S-00148,SS2026091400148,C0091,13469.67,CARD,FAILED,2026-09-14 04:42:47
PAY-S-00149,SS2026091400149,C0080,9081.62,CASH,SUCCESS,2026-09-14 04:46:58
PAY-S-00150,SS2026091400150,C0016,11097.48,CASH,SUCCESS,2026-09-14 15:19:40
PAY-S-00151,SS2026091400151,C0100,2800.42,UPI,SUCCESS,2026-09-14 18:18:13
PAY-S-00152,SS2026091400152,C0091,2182.35,CARD,SUCCESS,2026-09-14 19:08:39
PAY-S-00153,SS2026091400153,C0099,1676.16,CASH,FAILED,2026-09-14 20:44:42
PAY-S-00154,SS2026091400154,C0044,4181.24,CARD,SUCCESS,2026-09-14 10:35:58
PAY-S-00155,SS2026091400155,C0080,4025.98,UPI,SUCCESS,2026-09-14 04:01:30
PAY-S-00156,SS2026091400156,C0058,2467.96,CARD,SUCCESS,2026-09-14 21:27:03
PAY-S-00157,SS2026091400157,C0051,22209.65,WALLET,SUCCESS,2026-09-14 20:09:32
PAY-S-00158,SS2026091400158,C0040,1048.75,CARD,SUCCESS,2026-09-14 12:52:49
PAY-S-00159,SS2026091400159,C0052,17590.3,CARD,SUCCESS,2026-09-14 04:02:30
PAY-S-00160,SS2026091400160,C0017,2472.84,WALLET,SUCCESS,2026-09-14 09:23:46
PAY-S-00161,SS2026091400161,C0088,10250.52,UPI,SUCCESS,2026-09-14 15:05:48
PAY-S-00162,SS2026091400162,C0046,4706.19,WALLET,SUCCESS,2026-09-14 18:20:42
PAY-S-00163,SS2026091400163,C0013,4153.1,CARD,SUCCESS,2026-09-14 11:46:25
PAY-S-00164,SS2026091400164,C0075,4739.52,CASH,SUCCESS,2026-09-14 21:31:16
PAY-S-00165,SS2026091400165,C0039,13896.69,CASH,SUCCESS,2026-09-14 19:09:01
PAY-S-00166,SS2026091400166,C0015,22704.05,WALLET,SUCCESS,2026-09-14 04:06:42
PAY-S-00167,SS2026091400167,C0008,12102.08,CARD,SUCCESS,2026-09-14 13:35:29
PAY-S-00168,SS2026091400168,C0026,9264.46,WALLET,SUCCESS,2026-09-14 13:19:35
PAY-S-00169,SS2026091400169,C0001,1105.87,WALLET,SUCCESS,2026-09-14 13:42:52
PAY-S-00170,SS2026091400170,C0032,8998.3,CARD,SUCCESS,2026-09-14 05:51:43
PAY-S-00171,SS2026091400171,C0016,20980.85,CASH,SUCCESS,2026-09-15 00:01:47
PAY-S-00172,SS2026091400172,C0008,14871.5,UPI,SUCCESS,2026-09-14 08:32:49
PAY-S-00173,SS2026091400173,C0058,1101.64,UPI,SUCCESS,2026-09-15 00:00:38
PAY-S-00174,SS2026091400174,C0051,2414.56,WALLET,SUCCESS,2026-09-14 23:15:36
PAY-S-00175,SS2026091400175,C0080,211.59,WALLET,SUCCESS,2026-09-14 01:48:00
PAY-S-00176,SS2026091400176,C0038,15228.12,UPI,SUCCESS,2026-09-14 10:37:22
PAY-S-00177,SS2026091400177,C0035,7036.12,WALLET,SUCCESS,2026-09-14 07:31:15
PAY-S-00178,SS2026091400178,C0059,2335.71,WALLET,SUCCESS,2026-09-14 17:38:52
PAY-S-00179,SS2026091400179,C0060,4829.12,UPI,SUCCESS,2026-09-14 07:14:33
PAY-S-00180,SS2026091400180,C0078,19718.9,WALLET,SUCCESS,2026-09-14 03:42:45
PAY-S-00181,SS2026091400181,C0065,5841.16,WALLET,SUCCESS,2026-09-14 09:52:09
PAY-S-00182,SS2026091400182,C0005,4434.93,WALLET,SUCCESS,2026-09-14 14:10:02
PAY-S-00183,SS2026091400183,C0029,3362.81,UPI,SUCCESS,2026-09-14 09:28:04
PAY-S-00184,SS2026091400184,C0036,13516.08,WALLET,SUCCESS,2026-09-14 06:10:30
PAY-S-00185,SS2026091400185,C0022,3159.08,WALLET,SUCCESS,2026-09-14 06:27:10
PAY-S-00186,SS2026091400186,C0044,4539.65,UPI,SUCCESS,2026-09-14 20:26:59
PAY-S-00187,SS2026091400187,C0078,1577.02,WALLET,SUCCESS,2026-09-14 10:31:24
PAY-S-00188,SS2026091400188,C0073,12072.8,CASH,SUCCESS,2026-09-14 03:03:11
PAY-S-00189,SS2026091400189,C0100,1101.44,WALLET,SUCCESS,2026-09-14 04:15:20
PAY-S-00190,SS2026091400190,C0044,12857.76,CASH,SUCCESS,2026-09-14 14:00:33
PAY-S-00191,SS2026091400191,C0081,3154.04,UPI,SUCCESS,2026-09-14 02:37:27
PAY-S-00192,SS2026091400192,C0014,10108.14,CARD,SUCCESS,2026-09-14 19:40:57
PAY-S-00193,SS2026091400193,C0095,2335.71,UPI,SUCCESS,2026-09-14 09:28:35
PAY-S-00194,SS2026091400194,C0018,15775.12,CARD,SUCCESS,2026-09-14 14:02:33
PAY-S-00195,SS2026091400195,C0033,3114.28,CARD,SUCCESS,2026-09-14 08:32:02
PAY-S-00196,SS2026091400196,C0043,1723.65,CARD,SUCCESS,2026-09-14 14:51:48
PAY-S-00197,SS2026091400197,C0063,3943.78,WALLET,SUCCESS,2026-09-14 20:18:02
PAY-S-00198,SS2026091400198,C0036,3599.32,WALLET,SUCCESS,2026-09-14 12:27:15
PAY-S-00199,SS2026091400199,C0024,1377.05,CASH,SUCCESS,2026-09-14 10:17:16
PAY-S-00200,SS2026091400200,C0050,2974.3,UPI,SUCCESS,2026-09-14 19:58:55
PAY-S-00201,SS2026091400201,C0061,16270.36,CASH,SUCCESS,2026-09-14 08:36:21
PAY-S-00202,SS2026091400202,C0089,4157.6,UPI,SUCCESS,2026-09-14 07:17:28
PAY-S-00203,SS2026091400203,C0091,3951.39,WALLET,SUCCESS,2026-09-14 12:08:17
PAY-S-00204,SS2026091400204,C0018,1885.76,CARD,SUCCESS,2026-09-14 21:15:35
PAY-S-00205,SS2026091400205,C0057,6184.96,UPI,SUCCESS,2026-09-14 07:22:30
PAY-S-00206,SS2026091400206,C0023,907.93,WALLET,SUCCESS,2026-09-14 00:38:26
PAY-S-00207,SS2026091400207,C0098,12828.03,UPI,SUCCESS,2026-09-14 12:20:20
PAY-S-00208,SS2026091400208,C0004,3550.62,CASH,SUCCESS,2026-09-14 04:23:19
PAY-S-00209,SS2026091400209,C0029,16784.68,CARD,SUCCESS,2026-09-14 11:42:30
PAY-S-00210,SS2026091400210,C0066,13349.35,CARD,SUCCESS,2026-09-14 18:59:46
PAY-S-00211,SS2026091400211,C0092,10700.75,CARD,SUCCESS,2026-09-14 04:35:04
PAY-S-00212,SS2026091400212,C0011,3774.42,UPI,SUCCESS,2026-09-14 18:06:41
PAY-S-00213,SS2026091400213,C0090,4391.58,WALLET,SUCCESS,2026-09-14 21:08:56
PAY-S-00214,SS2026091400214,C0083,16296.3,WALLET,SUCCESS,2026-09-14 21:20:37
PAY-S-00215,SS2026091400215,C0001,4333.83,CARD,SUCCESS,2026-09-14 13:16:53
PAY-S-00216,SS2026091400216,C0037,7887.56,WALLET,SUCCESS,2026-09-14 16:10:05
PAY-S-00217,SS2026091400217,C0059,10887.48,CASH,SUCCESS,2026-09-14 01:40:18
PAY-S-00218,SS2026091400218,C0014,8297.85,UPI,SUCCESS,2026-09-14 15:32:48
PAY-S-00219,SS2026091400219,C0082,9081.62,CARD,SUCCESS,2026-09-14 07:19:39
PAY-S-00220,SS2026091400220,C0089,22449.45,WALLET,SUCCESS,2026-09-14 05:47:20
PAY-S-00221,SS2026091400221,C0037,12588.51,WALLET,SUCCESS,2026-09-14 03:36:10
PAY-S-00222,SS2026091400222,C0027,4281.5,WALLET,SUCCESS,2026-09-14 21:46:41
PAY-S-00223,SS2026091400223,C0046,4489.89,CASH,SUCCESS,2026-09-14 01:47:36
PAY-S-00224,SS2026091400224,C0031,8841.45,CASH,SUCCESS,2026-09-14 11:08:20
PAY-S-00225,SS2026091400225,C0035,3743.56,WALLET,SUCCESS,2026-09-14 13:13:25
PAY-S-00226,SS2026091400226,C0096,1906.3,CARD,SUCCESS,2026-09-14 03:20:27
PAY-S-00227,SS2026091400227,C0081,5529.35,UPI,SUCCESS,2026-09-14 23:20:47
PAY-S-00228,SS2026091400228,C0048,4276.01,CARD,SUCCESS,2026-09-14 00:27:04
PAY-S-00229,SS2026091400229,C0064,2721.87,CARD,SUCCESS,2026-09-14 05:47:08
PAY-S-00230,SS2026091400230,C0054,151.73,WALLET,SUCCESS,2026-09-14 09:53:35
PAY-S-00231,SS2026091400231,C0099,19800.25,CASH,SUCCESS,2026-09-14 23:32:29
PAY-S-00232,SS2026091400232,C0069,9618.15,CASH,SUCCESS,2026-09-14 12:08:52
PAY-S-00233,SS2026091400233,C0094,14040.96,CARD,SUCCESS,2026-09-14 12:13:24
PAY-S-00234,SS2026091400234,C0050,3658.71,WALLET,SUCCESS,2026-09-14 11:33:44
PAY-S-00235,SS2026091400235,C0025,6318.16,WALLET,SUCCESS,2026-09-14 07:13:12
PAY-S-00236,SS2026091400236,C0038,2286.35,UPI,SUCCESS,2026-09-14 23:51:12
PAY-S-00237,SS2026091400237,C0077,4495.85,UPI,SUCCESS,2026-09-14 04:07:15
PAY-S-00238,SS2026091400238,C0093,20904.6,CARD,SUCCESS,2026-09-14 22:54:42
PAY-S-00239,SS2026091400239,C0065,838.08,CARD,SUCCESS,2026-09-14 22:24:33
PAY-S-00240,SS2026091400240,C0042,8998.3,CARD,SUCCESS,2026-09-14 09:15:20
PAY-S-00241,SS2026091400241,C0050,3838.05,CARD,SUCCESS,2026-09-14 20:43:40
PAY-S-00242,SS2026091400242,C0041,6184.96,WALLET,SUCCESS,2026-09-14 13:23:59
PAY-S-00243,SS2026091400243,C0098,1048.75,UPI,SUCCESS,2026-09-14 16:53:19
PAY-S-00244,SS2026091400244,C0078,4381.17,CASH,SUCCESS,2026-09-14 17:49:39
PAY-S-00245,SS2026091400245,C0060,8775.69,WALLET,SUCCESS,2026-09-14 16:11:36
PAY-S-00246,SS2026091400246,C0009,1246.92,CASH,SUCCESS,2026-09-14 02:39:12
PAY-S-00247,SS2026091400247,C0030,20936.95,WALLET,SUCCESS,2026-09-14 06:04:12
PAY-S-00248,SS2026091400248,C0031,1958.47,CASH,SUCCESS,2026-09-14 03:09:15
PAY-S-00249,SS2026091400249,C0066,7539.16,UPI,SUCCESS,2026-09-14 02:41:59
PAY-S-00250,SS2026091400250,C0093,8401.26,UPI,SUCCESS,2026-09-14 14:13:36
PAY-S-00251,SS2026091400251,C0091,907.93,WALLET,SUCCESS,2026-09-14 07:18:59
PAY-S-00252,SS2026091400252,C0022,12711.85,CASH,SUCCESS,2026-09-14 19:43:17
PAY-S-00253,SS2026091400253,C0045,8675.98,CASH,SUCCESS,2026-09-14 04:46:43
PAY-S-00254,SS2026091400254,C0002,10394.0,UPI,SUCCESS,2026-09-14 15:02:17
PAY-S-00255,SS2026091400255,C0086,8361.84,CARD,SUCCESS,2026-09-14 01:03:17
PAY-S-00256,SS2026091400256,C0099,1689.0,WALLET,SUCCESS,2026-09-14 22:50:03
PAY-S-00257,SS2026091400257,C0008,1171.22,UPI,SUCCESS,2026-09-14 10:02:17
PAY-S-00258,SS2026091400258,C0063,5507.2,WALLET,SUCCESS,2026-09-14 05:36:22
PAY-S-00259,SS2026091400259,C0025,13622.43,CARD,SUCCESS,2026-09-14 18:02:43
PAY-S-00260,SS2026091400260,C0077,4495.85,WALLET,SUCCESS,2026-09-14 21:06:09
PAY-S-00261,SS2026091400261,C0006,14072.24,UPI,SUCCESS,2026-09-14 15:24:55
PAY-S-00262,SS2026091400262,C0008,16279.72,CARD,SUCCESS,2026-09-14 13:29:45
PAY-S-00263,SS2026091400263,C0042,4441.93,WALLET,SUCCESS,2026-09-14 11:21:29
PAY-S-00264,SS2026091400264,C0099,4832.88,CASH,SUCCESS,2026-09-14 14:46:31
PAY-S-00265,SS2026091400265,C0035,5209.44,UPI,SUCCESS,2026-09-14 09:38:28
PAY-S-00266,SS2026091400266,C0058,2923.9,CASH,SUCCESS,2026-09-14 15:40:52
PAY-S-00267,SS2026091400267,C0099,7709.6,CARD,SUCCESS,2026-09-14 01:40:00
PAY-S-00268,SS2026091400268,C0005,2900.68,CARD,SUCCESS,2026-09-14 10:33:54
PAY-S-00269,SS2026091400269,C0031,2721.87,WALLET,SUCCESS,2026-09-15 00:01:24
PAY-S-00270,SS2026091400270,C0044,2929.16,WALLET,SUCCESS,2026-09-14 15:25:28
PAY-S-00271,SS2026091400271,C0008,2669.87,WALLET,SUCCESS,2026-09-14 15:39:04
PAY-S-00272,SS2026091400272,C0050,914.54,CASH,SUCCESS,2026-09-14 10:56:20
PAY-S-00273,SS2026091400273,C0047,15805.56,CASH,FAILED,2026-09-14 09:12:05
PAY-S-00274,SS2026091400274,C0036,2800.42,CARD,SUCCESS,2026-09-14 12:36:54
PAY-S-00275,SS2026091400275,C0075,10394.0,UPI,SUCCESS,2026-09-14 06:20:27
PAY-S-00276,SS2026091400276,C0036,1985.56,WALLET,SUCCESS,2026-09-14 07:33:29
PAY-S-00277,SS2026091400277,C0081,5850.46,CASH,FAILED,2026-09-14 21:35:09
PAY-S-00278,SS2026091400278,C0073,1750.2,CARD,SUCCESS,2026-09-14 16:13:59
PAY-S-00279,SS2026091400279,C0007,11848.8,UPI,SUCCESS,2026-09-14 09:01:56
PAY-S-00280,SS2026091400280,C0033,3159.08,CARD,SUCCESS,2026-09-14 17:55:33
PAY-S-00281,SS2026091400281,C0052,563.0,UPI,SUCCESS,2026-09-14 19:54:17
PAY-S-00282,SS2026091400282,C0097,1048.75,UPI,SUCCESS,2026-09-14 23:11:04
PAY-S-00283,SS2026091400283,C0036,3951.39,UPI,SUCCESS,2026-09-14 14:26:18
PAY-S-00284,SS2026091400284,C0064,948.34,UPI,SUCCESS,2026-09-14 15:08:14
PAY-S-00285,SS2026091400285,C0016,6318.16,CARD,SUCCESS,2026-09-14 01:52:20
PAY-S-00286,SS2026091400286,C0097,8374.78,UPI,SUCCESS,2026-09-14 23:31:46
PAY-S-00287,SS2026091400287,C0046,1805.68,CARD,SUCCESS,2026-09-14 02:37:46
PAY-S-00288,SS2026091400288,C0020,23530.95,CASH,SUCCESS,2026-09-14 07:38:46
PAY-S-00289,SS2026091400289,C0098,3943.78,WALLET,SUCCESS,2026-09-14 03:43:38
PAY-S-00290,SS2026091400290,C0014,5304.87,CASH,SUCCESS,2026-09-14 14:35:45
PAY-S-00291,SS2026091400291,C0007,8839.92,CARD,SUCCESS,2026-09-14 04:32:47
PAY-S-00292,SS2026091400292,C0071,13469.67,WALLET,SUCCESS,2026-09-14 22:31:12
PAY-S-00293,SS2026091400293,C0089,6318.16,CARD,SUCCESS,2026-09-14 00:06:16
PAY-S-00294,SS2026091400294,C0052,1871.78,CASH,SUCCESS,2026-09-14 07:37:38
PAY-S-00295,SS2026091400295,C0044,14040.96,WALLET,SUCCESS,2026-09-14 08:03:04
PAY-S-00296,SS2026091400296,C0055,8761.74,CARD,SUCCESS,2026-09-14 00:26:07
PAY-S-00297,SS2026091400297,C0006,2845.02,CARD,SUCCESS,2026-09-14 15:41:12
PAY-S-00298,SS2026091400298,C0096,15775.12,WALLET,SUCCESS,2026-09-14 15:14:30
PAY-S-00299,SS2026091400299,C0001,2669.87,CARD,SUCCESS,2026-09-14 20:47:31
PAY-S-00300,SS2026091400300,C0040,7885.1,UPI,SUCCESS,2026-09-14 19:36:26
PAY-S-00301,SS2026091400301,C0046,2460.58,WALLET,SUCCESS,2026-09-14 11:53:16
PAY-S-00302,SS2026091400302,C0027,8361.62,CARD,SUCCESS,2026-09-14 12:22:08
PAY-S-00303,SS2026091400303,C0079,13660.35,CASH,SUCCESS,2026-09-14 17:08:21
PAY-S-00304,SS2026091400304,C0052,1927.4,WALLET,SUCCESS,2026-09-14 15:13:18
PAY-S-00305,SS2026091400305,C0041,19718.9,WALLET,SUCCESS,2026-09-14 05:03:01
PAY-S-00306,SS2026091400306,C0058,2542.37,UPI,SUCCESS,2026-09-14 23:54:32
PAY-S-00307,SS2026091400307,C0058,4187.39,WALLET,SUCCESS,2026-09-14 10:42:18
PAY-S-00308,SS2026091400308,C0033,10210.23,CARD,SUCCESS,2026-09-14 22:06:54
PAY-S-00309,SS2026091400309,C0100,826.23,WALLET,SUCCESS,2026-09-14 18:44:58
PAY-S-00310,SS2026091400310,C0024,3602.67,WALLET,SUCCESS,2026-09-14 05:24:06
PAY-S-00311,SS2026091400311,C0032,2467.96,UPI,FAILED,2026-09-14 00:58:39
PAY-S-00312,SS2026091400312,C0087,2542.37,WALLET,SUCCESS,2026-09-14 20:44:18
PAY-S-00313,SS2026091400313,C0042,4434.93,WALLET,SUCCESS,2026-09-14 22:53:06
PAY-S-00314,SS2026091400314,C0044,4441.93,UPI,SUCCESS,2026-09-14 20:27:22
PAY-S-00315,SS2026091400315,C0046,4978.71,CASH,SUCCESS,2026-09-14 14:04:51
PAY-S-00316,SS2026091400316,C0060,7920.1,WALLET,FAILED,2026-09-14 12:43:36
PAY-S-00317,SS2026091400317,C0007,2342.44,CASH,SUCCESS,2026-09-14 10:06:53
PAY-S-00318,SS2026091400318,C0052,12542.76,CARD,SUCCESS,2026-09-14 08:07:14
PAY-S-00319,SS2026091400319,C0011,4935.92,CARD,SUCCESS,2026-09-14 23:18:20
PAY-S-00320,SS2026091400320,C0067,2195.79,CASH,SUCCESS,2026-09-14 16:56:06
PAY-S-00321,SS2026091400321,C0064,11635.24,CARD,SUCCESS,2026-09-14 17:00:41
PAY-S-00322,SS2026091400322,C0074,9938.4,WALLET,SUCCESS,2026-09-14 21:46:42
PAY-S-00323,SS2026091400323,C0093,1922.22,CARD,SUCCESS,2026-09-14 16:31:01
PAY-S-00324,SS2026091400324,C0017,2472.84,CARD,SUCCESS,2026-09-14 18:51:17
PAY-S-00325,SS2026091400325,C0002,14871.5,UPI,SUCCESS,2026-09-14 18:36:34
PAY-S-00326,SS2026091400326,C0075,3259.26,CARD,SUCCESS,2026-09-14 02:41:23
PAY-S-00327,SS2026091400327,C0042,4731.06,UPI,SUCCESS,2026-09-14 21:55:17
PAY-S-00328,SS2026091400328,C0003,942.88,UPI,SUCCESS,2026-09-14 17:21:34
PAY-S-00329,SS2026091400329,C0008,292.65,CARD,SUCCESS,2026-09-14 09:51:10
PAY-S-00330,SS2026091400330,C0094,5273.85,UPI,SUCCESS,2026-09-14 20:30:35
PAY-S-00331,SS2026091400331,C0037,21526.3,UPI,FAILED,2026-09-14 22:14:17
PAY-S-00332,SS2026091400332,C0071,4553.45,WALLET,SUCCESS,2026-09-14 19:20:54
PAY-S-00333,SS2026091400333,C0037,2697.51,UPI,SUCCESS,2026-09-14 02:57:34
PAY-S-00334,SS2026091400334,C0055,18528.92,CASH,SUCCESS,2026-09-14 11:28:12
PAY-S-00335,SS2026091400335,C0009,4978.71,CARD,SUCCESS,2026-09-14 04:39:21
PAY-S-00336,SS2026091400336,C0061,550.82,UPI,SUCCESS,2026-09-14 23:11:35
PAY-S-00337,SS2026091400337,C0049,4805.55,UPI,SUCCESS,2026-09-14 12:02:02
PAY-S-00338,SS2026091400338,C0090,1371.81,UPI,SUCCESS,2026-09-14 11:36:00
PAY-S-00339,SS2026091400339,C0085,7627.11,UPI,FAILED,2026-09-14 03:25:52
PAY-S-00340,SS2026091400340,C0081,20904.6,CASH,SUCCESS,2026-09-14 12:51:41
PAY-S-00341,SS2026091400341,C0039,9106.9,WALLET,SUCCESS,2026-09-14 15:55:55
PAY-S-00342,SS2026091400342,C0040,4299.3,CARD,SUCCESS,2026-09-14 21:01:15
PAY-S-00343,SS2026091400343,C0034,17624.45,UPI,SUCCESS,2026-09-14 11:04:52
PAY-S-00344,SS2026091400344,C0037,3854.8,CARD,FAILED,2026-09-14 19:08:47
PAY-S-00345,SS2026091400345,C0055,11421.09,CASH,SUCCESS,2026-09-14 16:28:38
PAY-S-00346,SS2026091400346,C0023,3089.42,CASH,SUCCESS,2026-09-14 08:27:34
PAY-S-00347,SS2026091400347,C0083,5390.96,CASH,SUCCESS,2026-09-14 04:51:30
PAY-S-00348,SS2026091400348,C0084,11831.34,WALLET,SUCCESS,2026-09-14 05:16:41
PAY-S-00349,SS2026091400349,C0005,8805.52,WALLET,SUCCESS,2026-09-14 07:02:12
PAY-S-00350,SS2026091400350,C0015,1450.34,WALLET,SUCCESS,2026-09-14 13:49:05
PAY-S-00351,SS2026091400351,C0045,1723.65,WALLET,SUCCESS,2026-09-14 07:36:44
PAY-S-00352,SS2026091400352,C0026,7036.12,UPI,SUCCESS,2026-09-14 10:11:23
PAY-S-00353,SS2026091400353,C0029,748.31,CARD,SUCCESS,2026-09-14 03:37:38
PAY-S-00354,SS2026091400354,C0032,10108.14,UPI,SUCCESS,2026-09-14 20:39:29
PAY-S-00355,SS2026091400355,C0091,5041.44,WALLET,SUCCESS,2026-09-14 00:58:43
PAY-S-00356,SS2026091400356,C0001,1212.49,WALLET,SUCCESS,2026-09-14 11:07:37
PAY-S-00357,SS2026091400357,C0083,3089.42,CASH,SUCCESS,2026-09-14 05:11:30
PAY-S-00358,SS2026091400358,C0077,70.53,CASH,SUCCESS,2026-09-14 04:02:36
PAY-S-00359,SS2026091400359,C0031,10254.84,UPI,SUCCESS,2026-09-14 08:28:14
PAY-S-00360,SS2026091400360,C0036,10254.84,UPI,SUCCESS,2026-09-14 19:31:54
PAY-S-00361,SS2026091400361,C0038,2140.15,UPI,SUCCESS,2026-09-14 22:20:47
PAY-S-00362,SS2026091400362,C0087,9777.78,WALLET,SUCCESS,2026-09-14 00:52:16
PAY-S-00363,SS2026091400363,C0019,2956.62,CASH,SUCCESS,2026-09-14 01:15:25
PAY-S-00364,SS2026091400364,C0009,8761.74,CARD,SUCCESS,2026-09-14 03:35:58
PAY-S-00365,SS2026091400365,C0003,19769.6,CARD,SUCCESS,2026-09-14 21:36:58
PAY-S-00366,SS2026091400366,C0008,1414.32,UPI,SUCCESS,2026-09-14 03:18:07
PAY-S-00367,SS2026091400367,C0067,3658.71,CASH,SUCCESS,2026-09-14 12:07:09
PAY-S-00368,SS2026091400368,C0061,12824.2,CARD,SUCCESS,2026-09-14 18:58:42
PAY-S-00369,SS2026091400369,C0097,6515.22,CARD,SUCCESS,2026-09-14 16:35:04
PAY-S-00370,SS2026091400370,C0068,3631.72,UPI,SUCCESS,2026-09-14 05:12:42
PAY-S-00371,SS2026091400371,C0030,4337.99,CARD,SUCCESS,2026-09-14 15:18:18
PAY-S-00372,SS2026091400372,C0045,1377.05,CASH,SUCCESS,2026-09-14 05:34:30
PAY-S-00373,SS2026091400373,C0056,9531.5,WALLET,SUCCESS,2026-09-14 06:25:37
PAY-S-00374,SS2026091400374,C0017,4404.3,UPI,FAILED,2026-09-14 10:49:29
PAY-S-00375,SS2026091400375,C0089,16777.04,UPI,SUCCESS,2026-09-14 05:05:34
PAY-S-00376,SS2026091400376,C0052,8145.24,UPI,SUCCESS,2026-09-14 13:26:20
PAY-S-00377,SS2026091400377,C0020,7049.78,CASH,SUCCESS,2026-09-14 18:59:03
PAY-S-00378,SS2026091400378,C0086,4337.99,CARD,SUCCESS,2026-09-14 02:18:15
PAY-S-00379,SS2026091400379,C0090,4196.17,CASH,SUCCESS,2026-09-14 11:22:02
PAY-S-00380,SS2026091400380,C0082,15840.2,WALLET,SUCCESS,2026-09-14 04:34:35
PAY-S-00381,SS2026091400381,C0093,12302.9,UPI,SUCCESS,2026-09-14 06:33:25
PAY-S-00382,SS2026091400382,C0061,3518.06,UPI,SUCCESS,2026-09-14 14:30:57
PAY-S-00383,SS2026091400383,C0045,1726.61,CARD,SUCCESS,2026-09-14 17:40:50
PAY-S-00384,SS2026091400384,C0024,4280.3,UPI,SUCCESS,2026-09-14 19:26:51
PAY-S-00385,SS2026091400385,C0049,4069.93,WALLET,SUCCESS,2026-09-14 00:31:09
PAY-S-00386,SS2026091400386,C0069,1455.02,CARD,SUCCESS,2026-09-14 02:13:37
PAY-S-00387,SS2026091400387,C0037,3661.45,CARD,SUCCESS,2026-09-14 15:27:01
PAY-S-00388,SS2026091400388,C0057,8446.15,CARD,SUCCESS,2026-09-14 01:09:33
PAY-S-00389,SS2026091400389,C0087,7301.95,CARD,SUCCESS,2026-09-14 01:43:01
PAY-S-00390,SS2026091400390,C0003,4471.64,CASH,SUCCESS,2026-09-14 01:41:30
PAY-S-00391,SS2026091400391,C0006,3892.85,UPI,SUCCESS,2026-09-14 00:45:08
PAY-S-00392,SS2026091400392,C0051,7073.16,CASH,SUCCESS,2026-09-14 11:59:58
PAY-S-00393,SS2026091400393,C0032,15045.36,UPI,SUCCESS,2026-09-14 01:12:29
PAY-S-00394,SS2026091400394,C0019,2342.44,UPI,SUCCESS,2026-09-14 02:01:30
PAY-S-00395,SS2026091400395,C0080,1101.64,UPI,SUCCESS,2026-09-14 20:40:18
PAY-S-00396,SS2026091400396,C0085,17959.56,CASH,SUCCESS,2026-09-14 19:00:19
PAY-S-00397,SS2026091400397,C0009,2182.53,CASH,SUCCESS,2026-09-14 12:40:15
PAY-S-00398,SS2026091400398,C0038,4276.01,WALLET,SUCCESS,2026-09-14 20:04:38
PAY-S-00399,SS2026091400399,C0023,18495.8,CARD,SUCCESS,2026-09-14 22:19:41
PAY-S-00400,SS2026091400400,C0078,16564.0,CARD,SUCCESS,2026-09-14 12:20:27
PAY-S-00401,SS2026091400401,C0019,8165.61,WALLET,SUCCESS,2026-09-14 10:45:09
PAY-S-00402,SS2026091400402,C0018,9213.4,UPI,SUCCESS,2026-09-14 23:26:41
PAY-S-00403,SS2026091400403,C0029,2472.84,CASH,SUCCESS,2026-09-14 08:45:50
PAY-S-00404,SS2026091400404,C0076,9637.0,UPI,SUCCESS,2026-09-14 02:18:43
PAY-S-00405,SS2026091400405,C0081,3916.94,CARD,SUCCESS,2026-09-14 02:26:19
PAY-S-00406,SS2026091400406,C0042,5127.42,WALLET,SUCCESS,2026-09-14 14:17:08
PAY-S-00407,SS2026091400407,C0081,6769.62,CASH,SUCCESS,2026-09-14 22:40:05
PAY-S-00408,SS2026091400408,C0078,6758.04,CASH,SUCCESS,2026-09-14 01:57:00
PAY-S-00409,SS2026091400409,C0015,303.46,CARD,SUCCESS,2026-09-14 01:46:39
PAY-S-00410,SS2026091400410,C0019,4040.32,UPI,SUCCESS,2026-09-14 10:14:17
PAY-S-00411,SS2026091400411,C0079,8446.15,UPI,SUCCESS,2026-09-14 06:30:16
PAY-S-00412,SS2026091400412,C0079,4738.62,CARD,SUCCESS,2026-09-14 20:29:50
PAY-S-00413,SS2026091400413,C0063,7897.7,WALLET,SUCCESS,2026-09-14 05:36:17
PAY-S-00414,SS2026091400414,C0037,1304.9,CARD,SUCCESS,2026-09-14 04:35:20
PAY-S-00415,SS2026091400415,C0049,1171.22,UPI,SUCCESS,2026-09-14 09:28:44
PAY-S-00416,SS2026091400416,C0002,1048.75,CARD,SUCCESS,2026-09-14 06:00:20
PAY-S-00417,SS2026091400417,C0018,3319.14,UPI,SUCCESS,2026-09-14 17:09:24
PAY-S-00418,SS2026091400418,C0078,4180.92,UPI,SUCCESS,2026-09-14 00:22:58
PAY-S-00419,SS2026091400419,C0028,4935.92,CARD,SUCCESS,2026-09-14 07:13:57
PAY-S-00420,SS2026091400420,C0096,2303.35,CARD,SUCCESS,2026-09-14 02:14:07
PAY-S-00421,SS2026091400421,C0058,6756.92,WALLET,SUCCESS,2026-09-14 22:54:22
PAY-S-00422,SS2026091400422,C0017,12209.79,CARD,SUCCESS,2026-09-14 23:55:06
PAY-S-00423,SS2026091400423,C0036,2887.15,CARD,SUCCESS,2026-09-14 20:40:29
PAY-S-00424,SS2026091400424,C0024,13349.35,CARD,SUCCESS,2026-09-14 04:14:42
PAY-S-00425,SS2026091400425,C0041,18949.12,CASH,SUCCESS,2026-09-14 14:33:34
PAY-S-00426,SS2026091400426,C0029,4299.3,CASH,SUCCESS,2026-09-14 18:02:00
PAY-S-00427,SS2026091400427,C0058,14626.15,CASH,SUCCESS,2026-09-14 18:28:11
PAY-S-00428,SS2026091400428,C0048,1460.39,CARD,SUCCESS,2026-09-14 22:01:25
PAY-S-00429,SS2026091400429,C0036,4836.11,WALLET,SUCCESS,2026-09-14 15:06:58
PAY-S-00430,SS2026091400430,C0054,2925.23,CASH,SUCCESS,2026-09-14 05:52:13
PAY-S-00431,SS2026091400431,C0054,3658.71,UPI,SUCCESS,2026-09-14 05:11:40
PAY-S-00432,SS2026091400432,C0013,12818.55,CASH,SUCCESS,2026-09-14 03:02:52
PAY-S-00433,SS2026091400433,C0070,472.68,UPI,SUCCESS,2026-09-14 07:02:07
PAY-S-00434,SS2026091400434,C0077,3844.44,WALLET,SUCCESS,2026-09-14 04:03:25
PAY-S-00435,SS2026091400435,C0097,14433.32,WALLET,SUCCESS,2026-09-14 02:47:41
PAY-S-00436,SS2026091400436,C0059,1101.64,CARD,SUCCESS,2026-09-14 00:07:35
PAY-S-00437,SS2026091400437,C0087,5615.34,WALLET,SUCCESS,2026-09-14 19:45:31
PAY-S-00438,SS2026091400438,C0078,18528.92,CARD,SUCCESS,2026-09-14 00:08:56
PAY-S-00439,SS2026091400439,C0047,2542.37,UPI,SUCCESS,2026-09-14 00:50:27
PAY-S-00440,SS2026091400440,C0079,2357.2,CARD,SUCCESS,2026-09-14 10:34:01
PAY-S-00441,SS2026091400441,C0038,18949.12,WALLET,SUCCESS,2026-09-14 23:23:37
PAY-S-00442,SS2026091400442,C0019,419.04,CASH,SUCCESS,2026-09-14 06:00:29
PAY-S-00443,SS2026091400443,C0038,1478.31,CARD,SUCCESS,2026-09-14 01:45:44
PAY-S-00444,SS2026091400444,C0087,4180.81,WALLET,SUCCESS,2026-09-14 22:49:52
PAY-S-00445,SS2026091400445,C0078,14544.05,WALLET,SUCCESS,2026-09-14 18:12:45
PAY-S-00446,SS2026091400446,C0022,282.12,CARD,SUCCESS,2026-09-14 22:20:55
PAY-S-00447,SS2026091400447,C0084,4072.62,WALLET,SUCCESS,2026-09-14 16:01:28
PAY-S-00448,SS2026091400448,C0009,5273.85,CASH,SUCCESS,2026-09-14 11:23:31
PAY-S-00449,SS2026091400449,C0055,11006.9,WALLET,SUCCESS,2026-09-14 12:23:11
PAY-S-00450,SS2026091400450,C0013,7109.28,CASH,SUCCESS,2026-09-14 02:23:35
PAY-S-00451,SS2026091400451,C0081,20980.85,UPI,SUCCESS,2026-09-14 09:07:51
PAY-S-00452,SS2026091400452,C0081,12202.77,UPI,SUCCESS,2026-09-14 15:16:02
PAY-S-00453,SS2026091400453,C0054,2542.37,CARD,SUCCESS,2026-09-14 14:40:36
PAY-S-00454,SS2026091400454,C0063,11635.24,WALLET,SUCCESS,2026-09-14 23:03:14
PAY-S-00455,SS2026091400455,C0012,6178.84,CARD,SUCCESS,2026-09-14 03:24:01
PAY-S-00456,SS2026091400456,C0076,2900.68,CARD,SUCCESS,2026-09-14 21:44:30
PAY-S-00457,SS2026091400457,C0003,12459.3,UPI,SUCCESS,2026-09-14 23:57:19
PAY-S-00458,SS2026091400458,C0003,2424.98,CARD,SUCCESS,2026-09-14 15:49:54
PAY-S-00459,SS2026091400459,C0001,1437.55,UPI,SUCCESS,2026-09-14 12:47:33
PAY-S-00460,SS2026091400460,C0033,4748.14,UPI,SUCCESS,2026-09-14 07:16:17
PAY-S-00461,SS2026091400461,C0024,2416.44,CARD,FAILED,2026-09-14 12:42:29
PAY-S-00462,SS2026091400462,C0006,24712.0,WALLET,SUCCESS,2026-09-14 00:43:00
PAY-S-00463,SS2026091400463,C0075,4067.59,CARD,SUCCESS,2026-09-14 17:16:45
PAY-S-00464,SS2026091400464,C0095,16724.96,CASH,SUCCESS,2026-09-14 18:04:03
PAY-S-00465,SS2026091400465,C0045,6318.16,CASH,SUCCESS,2026-09-14 21:32:32
PAY-S-00466,SS2026091400466,C0065,575.02,UPI,SUCCESS,2026-09-14 12:53:35
PAY-S-00467,SS2026091400467,C0019,2257.1,CASH,SUCCESS,2026-09-14 10:03:28
PAY-S-00468,SS2026091400468,C0063,1171.22,CARD,SUCCESS,2026-09-14 16:43:13
PAY-S-00469,SS2026091400469,C0030,3631.72,CASH,SUCCESS,2026-09-14 15:59:55
PAY-S-00470,SS2026091400470,C0058,4942.4,CASH,SUCCESS,2026-09-14 16:26:12
PAY-S-00471,SS2026091400471,C0045,3854.8,CASH,SUCCESS,2026-09-14 08:18:51
PAY-S-00472,SS2026091400472,C0064,4741.7,WALLET,SUCCESS,2026-09-14 19:37:49
PAY-S-00473,SS2026091400473,C0036,20765.5,UPI,SUCCESS,2026-09-14 20:36:53
PAY-S-00474,SS2026091400474,C0080,5575.6,WALLET,SUCCESS,2026-09-14 14:11:22
PAY-S-00475,SS2026091400475,C0029,5575.6,WALLET,SUCCESS,2026-09-14 02:53:15
PAY-S-00476,SS2026091400476,C0042,2298.2,UPI,SUCCESS,2026-09-14 04:12:51
PAY-S-00477,SS2026091400477,C0052,2906.65,CARD,SUCCESS,2026-09-14 08:09:54
PAY-S-00478,SS2026091400478,C0019,3596.68,WALLET,SUCCESS,2026-09-14 16:27:29
PAY-S-00479,SS2026091400479,C0060,17351.96,UPI,SUCCESS,2026-09-14 00:02:10
PAY-S-00480,SS2026091400480,C0053,23530.95,CASH,SUCCESS,2026-09-14 15:21:34
PAY-S-00481,SS2026091400481,C0002,4157.6,CASH,SUCCESS,2026-09-14 08:03:05
PAY-S-00482,SS2026091400482,C0041,2416.44,CASH,SUCCESS,2026-09-14 18:20:17
PAY-S-00483,SS2026091400483,C0090,583.4,WALLET,SUCCESS,2026-09-14 08:56:55
PAY-S-00484,SS2026091400484,C0055,4495.85,CASH,SUCCESS,2026-09-14 09:49:56
PAY-S-00485,SS2026091400485,C0019,2900.68,CARD,SUCCESS,2026-09-14 09:16:24
PAY-S-00486,SS2026091400486,C0005,7727.96,CARD,SUCCESS,2026-09-14 20:37:46
PAY-S-00487,SS2026091400487,C0087,9792.35,CASH,FAILED,2026-09-14 15:25:34
PAY-S-00488,SS2026091400488,C0059,7614.06,UPI,SUCCESS,2026-09-14 02:23:50
PAY-S-00489,SS2026091400489,C0065,748.31,CASH,SUCCESS,2026-09-14 00:38:20
PAY-S-00490,SS2026091400490,C0070,1723.65,CASH,FAILED,2026-09-14 06:29:07
PAY-S-00491,SS2026091400491,C0050,1101.64,CASH,SUCCESS,2026-09-14 13:51:00
PAY-S-00492,SS2026091400492,C0075,689.36,CASH,SUCCESS,2026-09-14 04:16:17
PAY-S-00493,SS2026091400493,C0089,2311.42,WALLET,SUCCESS,2026-09-14 12:37:10
PAY-S-00494,SS2026091400494,C0081,3146.25,UPI,SUCCESS,2026-09-14 01:23:54
PAY-S-00495,SS2026091400495,C0022,17017.05,CARD,SUCCESS,2026-09-14 05:09:08
PAY-S-00496,SS2026091400496,C0086,12120.96,UPI,SUCCESS,2026-09-14 01:10:59
PAY-S-00497,SS2026091400497,C0008,3453.22,CARD,SUCCESS,2026-09-14 00:26:21
PAY-S-00498,SS2026091400498,C0079,7731.2,CARD,SUCCESS,2026-09-14 04:24:46
PAY-S-00499,SS2026091400499,C0037,7021.5,UPI,SUCCESS,2026-09-14 06:45:09
PAY-S-00500,SS2026091400500,C0009,3596.68,UPI,SUCCESS,2026-09-14 21:21:23
PAY-S-00501,SS2026091400501,C0088,14796.64,CARD,SUCCESS,2026-09-14 06:27:18
PAY-S-00502,SS2026091400502,C0094,15447.1,UPI,SUCCESS,2026-09-14 15:29:44
PAY-S-00503,SS2026091400503,C0052,2084.47,WALLET,FAILED,2026-09-14 21:55:43
PAY-S-00504,SS2026091400504,C0093,344.68,CARD,SUCCESS,2026-09-14 07:40:26
PAY-S-00505,SS2026091400505,C0100,8610.52,CASH,SUCCESS,2026-09-14 18:09:52
PAY-S-00506,SS2026091400506,C0064,2923.9,UPI,SUCCESS,2026-09-14 20:03:01
PAY-S-00507,SS2026091400507,C0031,10108.14,CARD,SUCCESS,2026-09-14 15:42:48
PAY-S-00508,SS2026091400508,C0045,862.53,WALLET,SUCCESS,2026-09-14 10:02:41
PAY-S-00509,SS2026091400509,C0035,415.64,CASH,SUCCESS,2026-09-14 07:32:53
PAY-S-00510,SS2026091400510,C0068,1366.9,WALLET,SUCCESS,2026-09-14 14:18:28
PAY-S-00511,SS2026091400511,C0089,4280.3,CASH,SUCCESS,2026-09-14 18:43:44
PAY-S-00512,SS2026091400512,C0023,7727.96,WALLET,SUCCESS,2026-09-14 11:35:56
PAY-S-00513,SS2026091400513,C0020,7198.64,CARD,SUCCESS,2026-09-14 03:40:19
PAY-S-00514,SS2026091400514,C0016,20936.95,WALLET,SUCCESS,2026-09-14 13:50:14
PAY-S-00515,SS2026091400515,C0007,3741.55,UPI,SUCCESS,2026-09-14 16:45:15
PAY-S-00516,SS2026091400516,C0025,7073.16,CARD,SUCCESS,2026-09-14 02:13:30
PAY-S-00517,SS2026091400517,C0020,3114.28,CASH,SUCCESS,2026-09-14 04:50:46
PAY-S-00518,SS2026091400518,C0090,7391.55,UPI,SUCCESS,2026-09-14 15:48:42
PAY-S-00519,SS2026091400519,C0025,5847.8,UPI,SUCCESS,2026-09-14 21:44:11
PAY-S-00520,SS2026091400520,C0100,2697.51,UPI,SUCCESS,2026-09-14 09:02:41
PAY-S-00521,SS2026091400521,C0061,9792.35,WALLET,SUCCESS,2026-09-14 01:35:08
PAY-S-00522,SS2026091400522,C0064,1377.05,WALLET,SUCCESS,2026-09-14 06:09:28
PAY-S-00523,SS2026091400523,C0047,8841.45,CARD,SUCCESS,2026-09-14 15:51:28
PAY-S-00524,SS2026091400524,C0089,5017.08,CASH,SUCCESS,2026-09-14 15:39:49
PAY-S-00525,SS2026091400525,C0024,21380.05,CARD,FAILED,2026-09-14 03:46:54
PAY-S-00526,SS2026091400526,C0069,315.12,UPI,SUCCESS,2026-09-14 23:16:29
PAY-S-00527,SS2026091400527,C0094,8086.44,CARD,SUCCESS,2026-09-14 11:29:37
PAY-S-00528,SS2026091400528,C0011,577.43,CARD,SUCCESS,2026-09-14 13:30:17
PAY-S-00529,SS2026091400529,C0008,902.84,WALLET,SUCCESS,2026-09-14 09:50:34
PAY-S-00530,SS2026091400530,C0036,13451.24,WALLET,SUCCESS,2026-09-14 07:11:38
PAY-S-00531,SS2026091400531,C0054,4405.76,CASH,SUCCESS,2026-09-14 08:48:36
PAY-S-00532,SS2026091400532,C0099,13667.36,UPI,SUCCESS,2026-09-14 15:38:52
PAY-S-00533,SS2026091400533,C0038,24712.0,WALLET,SUCCESS,2026-09-14 07:20:35
PAY-S-00534,SS2026091400534,C0074,7205.34,WALLET,SUCCESS,2026-09-14 22:35:31
PAY-S-00535,SS2026091400535,C0067,9672.22,CARD,SUCCESS,2026-09-14 17:50:45
PAY-S-00536,SS2026091400536,C0010,12562.17,UPI,SUCCESS,2026-09-14 02:25:47
PAY-S-00537,SS2026091400537,C0096,8388.52,CASH,SUCCESS,2026-09-14 22:12:54
PAY-S-00538,SS2026091400538,C0033,1958.47,CARD,SUCCESS,2026-09-14 23:39:07
PAY-S-00539,SS2026091400539,C0007,689.36,CASH,SUCCESS,2026-09-14 05:18:20
PAY-S-00540,SS2026091400540,C0086,2923.9,WALLET,SUCCESS,2026-09-14 18:50:35
PAY-S-00541,SS2026091400541,C0036,16933.32,CASH,SUCCESS,2026-09-14 13:56:39
PAY-S-00542,SS2026091400542,C0098,563.0,UPI,SUCCESS,2026-09-14 07:16:41
PAY-S-00543,SS2026091400543,C0032,352.65,CASH,SUCCESS,2026-09-14 11:25:50
PAY-S-00544,SS2026091400544,C0061,9637.0,CASH,SUCCESS,2026-09-14 12:04:40
PAY-S-00545,SS2026091400545,C0022,7902.78,CARD,SUCCESS,2026-09-14 14:03:52
PAY-S-00546,SS2026091400546,C0015,21380.05,WALLET,SUCCESS,2026-09-14 02:43:15
PAY-S-00547,SS2026091400547,C0002,6318.16,UPI,SUCCESS,2026-09-14 06:16:30
PAY-S-00548,SS2026091400548,C0022,3317.61,WALLET,SUCCESS,2026-09-14 08:43:40
PAY-S-00549,SS2026091400549,C0052,3608.33,WALLET,SUCCESS,2026-09-14 09:00:32
PAY-S-00550,SS2026091400550,C0096,13609.35,CARD,SUCCESS,2026-09-14 04:18:28
PAY-S-00551,SS2026091400551,C0073,2697.51,CASH,SUCCESS,2026-09-14 09:47:39
PAY-S-00552,SS2026091400552,C0096,838.08,CARD,SUCCESS,2026-09-14 23:16:54
PAY-S-00553,SS2026091400553,C0007,3658.71,UPI,SUCCESS,2026-09-14 18:35:49
PAY-S-00554,SS2026091400554,C0018,2078.8,CARD,SUCCESS,2026-09-14 20:17:54
PAY-S-00555,SS2026091400555,C0069,1958.47,CASH,SUCCESS,2026-09-14 08:25:57
PAY-S-00556,SS2026091400556,C0054,992.78,WALLET,SUCCESS,2026-09-14 18:56:18
PAY-S-00557,SS2026091400557,C0034,21496.5,WALLET,SUCCESS,2026-09-14 20:47:12
PAY-S-00558,SS2026091400558,C0047,16296.3,UPI,SUCCESS,2026-09-14 04:30:57
PAY-S-00559,SS2026091400559,C0090,22209.65,CASH,SUCCESS,2026-09-14 22:51:55
PAY-S-00560,SS2026091400560,C0017,5654.37,UPI,SUCCESS,2026-09-14 04:33:55
PAY-S-00561,SS2026091400561,C0062,4739.52,CASH,SUCCESS,2026-09-14 12:31:22
PAY-S-00562,SS2026091400562,C0025,3743.56,CARD,SUCCESS,2026-09-14 11:42:31
PAY-S-00563,SS2026091400563,C0008,5841.56,CASH,SUCCESS,2026-09-14 12:24:54
PAY-S-00564,SS2026091400564,C0020,7198.64,UPI,SUCCESS,2026-09-14 11:05:23
PAY-S-00565,SS2026091400565,C0055,2311.42,UPI,SUCCESS,2026-09-14 01:52:34
PAY-S-00566,SS2026091400566,C0030,11626.6,UPI,SUCCESS,2026-09-14 03:23:30
PAY-S-00567,SS2026091400567,C0031,3536.58,CARD,SUCCESS,2026-09-14 07:11:22
PAY-S-00568,SS2026091400568,C0089,7885.1,CASH,SUCCESS,2026-09-14 13:21:12
PAY-S-00569,SS2026091400569,C0034,17551.2,UPI,SUCCESS,2026-09-14 08:01:28
PAY-S-00570,SS2026091400570,C0038,6308.08,UPI,SUCCESS,2026-09-14 17:15:33
PAY-S-00571,SS2026091400571,C0086,13451.24,UPI,SUCCESS,2026-09-14 09:11:52
PAY-S-00572,SS2026091400572,C0079,948.34,CASH,SUCCESS,2026-09-14 04:48:44
PAY-S-00573,SS2026091400573,C0045,2235.82,CASH,SUCCESS,2026-09-14 14:55:18
PAY-S-00574,SS2026091400574,C0058,1258.14,WALLET,SUCCESS,2026-09-14 00:43:04
PAY-S-00575,SS2026091400575,C0037,6833.68,WALLET,SUCCESS,2026-09-14 07:38:52
PAY-S-00576,SS2026091400576,C0095,8374.78,WALLET,SUCCESS,2026-09-14 01:30:35
PAY-S-00577,SS2026091400577,C0058,16612.4,CARD,SUCCESS,2026-09-14 14:07:37
PAY-S-00578,SS2026091400578,C0032,16777.04,UPI,SUCCESS,2026-09-14 00:50:27
PAY-S-00579,SS2026091400579,C0067,24943.15,WALLET,SUCCESS,2026-09-14 12:33:19
PAY-S-00580,SS2026091400580,C0007,303.46,UPI,SUCCESS,2026-09-14 00:19:51
PAY-S-00581,SS2026091400581,C0018,2367.08,UPI,SUCCESS,2026-09-14 04:34:14
PAY-S-00582,SS2026091400582,C0064,1454.9,CARD,SUCCESS,2026-09-14 04:59:51
PAY-S-00583,SS2026091400583,C0098,12828.03,WALLET,SUCCESS,2026-09-14 19:33:54
PAY-S-00584,SS2026091400584,C0043,16895.1,CARD,SUCCESS,2026-09-14 11:43:51
PAY-S-00585,SS2026091400585,C0049,10088.43,CARD,SUCCESS,2026-09-14 10:44:00
PAY-S-00586,SS2026091400586,C0058,10824.99,CASH,SUCCESS,2026-09-14 03:01:49
PAY-S-00587,SS2026091400587,C0042,4622.84,CASH,SUCCESS,2026-09-14 03:15:55
PAY-S-00588,SS2026091400588,C0093,6725.62,CARD,SUCCESS,2026-09-14 12:55:41
PAY-S-00589,SS2026091400589,C0054,10574.67,WALLET,SUCCESS,2026-09-14 17:32:18
PAY-S-00590,SS2026091400590,C0081,2472.84,WALLET,SUCCESS,2026-09-14 08:50:54
PAY-S-00591,SS2026091400591,C0098,17084.2,UPI,SUCCESS,2026-09-14 21:08:36
PAY-S-00592,SS2026091400592,C0037,9106.9,WALLET,SUCCESS,2026-09-14 22:35:52
PAY-S-00593,SS2026091400593,C0034,18163.24,UPI,SUCCESS,2026-09-14 01:32:59
PAY-S-00594,SS2026091400594,C0075,6062.45,WALLET,SUCCESS,2026-09-14 10:47:37
PAY-S-00595,SS2026091400595,C0010,16612.4,UPI,SUCCESS,2026-09-14 19:28:26
PAY-S-00596,SS2026091400596,C0020,12915.78,WALLET,SUCCESS,2026-09-14 12:16:19
PAY-S-00597,SS2026091400597,C0051,7522.68,CASH,SUCCESS,2026-09-14 10:58:10
PAY-S-00598,SS2026091400598,C0070,12542.43,CASH,SUCCESS,2026-09-14 02:20:11
PAY-S-00599,SS2026091400599,C0071,12818.55,WALLET,SUCCESS,2026-09-14 03:01:02
PAY-S-00600,SS2026091400600,C0007,8392.34,WALLET,FAILED,2026-09-14 00:23:47
PAY-S-00601,SS2026091400601,C0034,630.24,UPI,SUCCESS,2026-09-14 22:32:02
PAY-S-00602,SS2026091400602,C0057,2920.58,UPI,SUCCESS,2026-09-14 20:25:31
PAY-S-00603,SS2026091400603,C0054,2109.54,WALLET,SUCCESS,2026-09-14 09:29:03
PAY-S-00604,SS2026091400604,C0078,4299.3,CASH,SUCCESS,2026-09-14 19:25:01
PAY-S-00605,SS2026091400605,C0045,11516.75,UPI,SUCCESS,2026-09-14 16:19:01
PAY-S-00606,SS2026091400606,C0030,2202.88,UPI,SUCCESS,2026-09-14 03:23:28
PAY-S-00607,SS2026091400607,C0043,992.78,CARD,SUCCESS,2026-09-14 11:08:28
PAY-S-00608,SS2026091400608,C0094,3602.67,CASH,SUCCESS,2026-09-14 14:45:17
PAY-S-00609,SS2026091400609,C0031,2923.9,CARD,SUCCESS,2026-09-14 09:38:32
PAY-S-00610,SS2026091400610,C0098,826.23,CASH,SUCCESS,2026-09-14 13:57:06
PAY-S-00611,SS2026091400611,C0009,3362.81,CARD,SUCCESS,2026-09-14 06:35:09
PAY-S-00612,SS2026091400612,C0093,20936.95,CASH,SUCCESS,2026-09-14 14:57:41
PAY-S-00613,SS2026091400613,C0087,3262.25,UPI,SUCCESS,2026-09-14 16:14:20
PAY-S-00614,SS2026091400614,C0034,5813.3,WALLET,SUCCESS,2026-09-14 08:00:10
PAY-S-00615,SS2026091400615,C0094,3164.31,CARD,SUCCESS,2026-09-14 04:36:20
PAY-S-00616,SS2026091400616,C0099,13037.04,CASH,SUCCESS,2026-09-14 11:13:26
PAY-S-00617,SS2026091400617,C0064,563.0,WALLET,SUCCESS,2026-09-14 02:23:38
PAY-S-00618,SS2026091400618,C0038,3523.44,UPI,SUCCESS,2026-09-14 07:08:48
PAY-S-00619,SS2026091400619,C0057,6271.35,CASH,SUCCESS,2026-09-14 03:16:28
PAY-S-00620,SS2026091400620,C0090,8086.44,UPI,SUCCESS,2026-09-14 04:11:33
PAY-S-00621,SS2026091400621,C0049,5600.84,UPI,SUCCESS,2026-09-14 09:54:13
PAY-S-00622,SS2026091400622,C0053,3699.16,CARD,SUCCESS,2026-09-14 17:29:14
PAY-S-00623,SS2026091400623,C0082,3453.22,WALLET,SUCCESS,2026-09-14 13:43:24
PAY-S-00624,SS2026091400624,C0100,8761.74,WALLET,SUCCESS,2026-09-14 16:57:55
PAY-S-00625,SS2026091400625,C0004,16723.24,UPI,SUCCESS,2026-09-14 08:10:07
PAY-S-00626,SS2026091400626,C0061,13896.69,UPI,SUCCESS,2026-09-14 12:39:12
PAY-S-00627,SS2026091400627,C0037,20201.6,WALLET,SUCCESS,2026-09-14 02:54:58
PAY-S-00628,SS2026091400628,C0049,3510.75,CARD,SUCCESS,2026-09-14 05:14:18
PAY-S-00629,SS2026091400629,C0005,8337.88,WALLET,SUCCESS,2026-09-14 05:13:54
PAY-S-00630,SS2026091400630,C0085,10574.67,WALLET,SUCCESS,2026-09-14 13:58:08
PAY-S-00631,SS2026091400631,C0043,1437.55,CASH,SUCCESS,2026-09-14 02:46:34
PAY-S-00632,SS2026091400632,C0079,10108.14,UPI,SUCCESS,2026-09-14 18:27:29
PAY-S-00633,SS2026091400633,C0053,2609.8,WALLET,SUCCESS,2026-09-14 15:14:17
PAY-S-00634,SS2026091400634,C0096,3701.94,UPI,SUCCESS,2026-09-14 18:53:59
PAY-S-00635,SS2026091400635,C0067,6910.05,WALLET,SUCCESS,2026-09-14 23:05:00
PAY-S-00636,SS2026091400636,C0098,4638.72,WALLET,SUCCESS,2026-09-14 05:03:25
PAY-S-00637,SS2026091400637,C0028,7036.12,WALLET,SUCCESS,2026-09-14 09:08:17
PAY-S-00638,SS2026091400638,C0096,3087.17,WALLET,SUCCESS,2026-09-14 22:12:28
PAY-S-00639,SS2026091400639,C0001,7251.7,WALLET,SUCCESS,2026-09-14 23:00:54
PAY-S-00640,SS2026091400640,C0049,10703.75,CASH,SUCCESS,2026-09-14 08:48:07
PAY-S-00641,SS2026091400641,C0084,4181.24,UPI,SUCCESS,2026-09-14 20:55:03
PAY-S-00642,SS2026091400642,C0001,12542.43,WALLET,SUCCESS,2026-09-14 02:41:14
PAY-S-00643,SS2026091400643,C0012,13575.36,UPI,SUCCESS,2026-09-14 06:02:13
PAY-S-00644,SS2026091400644,C0070,472.68,CARD,SUCCESS,2026-09-14 17:11:13
PAY-S-00645,SS2026091400645,C0022,10254.84,WALLET,SUCCESS,2026-09-14 03:10:34
PAY-S-00646,SS2026091400646,C0100,1257.12,UPI,SUCCESS,2026-09-14 06:40:21
PAY-S-00647,SS2026091400647,C0098,12357.68,WALLET,SUCCESS,2026-09-14 17:59:51
PAY-S-00648,SS2026091400648,C0061,4281.5,WALLET,SUCCESS,2026-09-14 11:47:17
PAY-S-00649,SS2026091400649,C0096,1454.9,WALLET,SUCCESS,2026-09-14 00:09:31
PAY-S-00650,SS2026091400650,C0003,2925.23,CASH,SUCCESS,2026-09-14 13:22:18
PAY-S-00651,SS2026091400651,C0021,7833.88,WALLET,SUCCESS,2026-09-14 13:20:31
PAY-S-00652,SS2026091400652,C0074,4419.96,UPI,SUCCESS,2026-09-14 21:47:58
PAY-S-00653,SS2026091400653,C0082,3599.32,CASH,SUCCESS,2026-09-14 07:35:54
PAY-S-00654,SS2026091400654,C0046,12543.72,CARD,SUCCESS,2026-09-14 22:07:58
PAY-S-00655,SS2026091400655,C0063,24180.55,CASH,SUCCESS,2026-09-14 11:48:52
PAY-S-00656,SS2026091400656,C0084,5856.1,WALLET,SUCCESS,2026-09-14 15:33:00
PAY-S-00657,SS2026091400657,C0049,20904.05,UPI,SUCCESS,2026-09-14 11:52:49
PAY-S-00658,SS2026091400658,C0064,3699.16,CASH,SUCCESS,2026-09-14 04:59:44
PAY-S-00659,SS2026091400659,C0024,10700.75,CASH,SUCCESS,2026-09-14 09:08:42
PAY-S-00660,SS2026091400660,C0015,3761.34,WALLET,SUCCESS,2026-09-14 15:35:24
PAY-S-00661,SS2026091400661,C0068,575.02,CARD,SUCCESS,2026-09-14 04:19:14
PAY-S-00662,SS2026091400662,C0087,6769.62,CASH,SUCCESS,2026-09-14 23:04:48
PAY-S-00663,SS2026091400663,C0035,8841.45,CARD,SUCCESS,2026-09-14 16:48:18
PAY-S-00664,SS2026091400664,C0020,21526.3,UPI,SUCCESS,2026-09-14 07:45:55
PAY-S-00665,SS2026091400665,C0022,8783.16,WALLET,SUCCESS,2026-09-14 18:21:39
PAY-S-00666,SS2026091400666,C0069,287.51,CASH,SUCCESS,2026-09-14 21:06:15
PAY-S-00667,SS2026091400667,C0053,6097.85,CASH,SUCCESS,2026-09-14 08:19:22
PAY-S-00668,SS2026091400668,C0064,889.02,CARD,SUCCESS,2026-09-14 19:23:20
PAY-S-00669,SS2026091400669,C0086,12082.2,CARD,SUCCESS,2026-09-14 08:59:06
PAY-S-00670,SS2026091400670,C0060,9777.78,WALLET,SUCCESS,2026-09-14 00:25:48
PAY-S-00671,SS2026091400671,C0025,2542.37,UPI,SUCCESS,2026-09-14 19:48:31
PAY-S-00672,SS2026091400672,C0052,12482.8,CARD,SUCCESS,2026-09-14 04:25:33
PAY-S-00673,SS2026091400673,C0058,13030.44,WALLET,SUCCESS,2026-09-14 12:10:09
PAY-S-00674,SS2026091400674,C0023,2252.0,CARD,SUCCESS,2026-09-14 20:58:37
PAY-S-00675,SS2026091400675,C0054,6604.14,UPI,SUCCESS,2026-09-14 17:04:17
PAY-S-00676,SS2026091400676,C0090,6038.97,WALLET,SUCCESS,2026-09-14 04:08:27
PAY-S-00677,SS2026091400677,C0065,2609.8,UPI,SUCCESS,2026-09-14 04:01:46
PAY-S-00678,SS2026091400678,C0094,2078.2,UPI,SUCCESS,2026-09-14 00:34:26
PAY-S-00679,SS2026091400679,C0008,550.82,WALLET,SUCCESS,2026-09-14 00:42:30
PAY-S-00680,SS2026091400680,C0078,16564.0,CARD,SUCCESS,2026-09-14 12:56:49
PAY-S-00681,SS2026091400681,C0088,899.17,UPI,SUCCESS,2026-09-14 04:21:23
PAY-S-00682,SS2026091400682,C0084,23530.95,CASH,SUCCESS,2026-09-14 17:04:41
PAY-S-00683,SS2026091400683,C0058,838.08,CASH,SUCCESS,2026-09-14 09:38:09
PAY-S-00684,SS2026091400684,C0092,7398.32,WALLET,SUCCESS,2026-09-14 18:56:40
PAY-S-00685,SS2026091400685,C0030,10574.67,CASH,SUCCESS,2026-09-14 06:03:26
PAY-S-00686,SS2026091400686,C0006,831.28,UPI,SUCCESS,2026-09-14 13:56:21
PAY-S-00687,SS2026091400687,C0029,8560.6,CASH,SUCCESS,2026-09-14 14:36:42
PAY-S-00688,SS2026091400688,C0077,11635.24,UPI,SUCCESS,2026-09-14 01:10:09
PAY-S-00689,SS2026091400689,C0039,1074.45,CASH,SUCCESS,2026-09-14 10:24:57
PAY-S-00690,SS2026091400690,C0033,859.56,CASH,SUCCESS,2026-09-14 08:49:05
PAY-S-00691,SS2026091400691,C0049,4525.12,UPI,SUCCESS,2026-09-14 15:22:28
PAY-S-00692,SS2026091400692,C0087,3089.42,CASH,SUCCESS,2026-09-14 01:44:53
PAY-S-00693,SS2026091400693,C0089,2845.02,WALLET,SUCCESS,2026-09-14 13:03:42
PAY-S-00694,SS2026091400694,C0008,16279.72,WALLET,FAILED,2026-09-14 11:49:56
PAY-S-00695,SS2026091400695,C0084,17143.68,CARD,SUCCESS,2026-09-14 02:00:30
PAY-S-00696,SS2026091400696,C0091,11848.8,UPI,SUCCESS,2026-09-14 20:32:33
PAY-S-00697,SS2026091400697,C0003,5575.6,CARD,SUCCESS,2026-09-14 16:48:09
PAY-S-00698,SS2026091400698,C0085,14544.05,UPI,SUCCESS,2026-09-14 18:41:20
PAY-S-00699,SS2026091400699,C0063,7198.64,WALLET,SUCCESS,2026-09-14 23:08:03
PAY-S-00700,SS2026091400700,C0071,4978.71,CARD,SUCCESS,2026-09-14 20:55:42
PAY-S-00701,SS2026091400701,C0033,14646.63,CASH,SUCCESS,2026-09-14 01:41:40
PAY-S-00702,SS2026091400702,C0097,3403.41,CARD,SUCCESS,2026-09-14 20:20:53
PAY-S-00703,SS2026091400703,C0096,11897.2,WALLET,SUCCESS,2026-09-14 14:41:31
PAY-S-00704,SS2026091400704,C0048,12542.43,CASH,SUCCESS,2026-09-14 15:14:29
PAY-S-00705,SS2026091400705,C0070,246.14,CASH,SUCCESS,2026-09-14 09:52:37
PAY-S-00706,SS2026091400706,C0088,1546.24,CASH,SUCCESS,2026-09-14 10:28:49
PAY-S-00707,SS2026091400707,C0006,3092.48,CARD,SUCCESS,2026-09-14 03:27:14
PAY-S-00708,SS2026091400708,C0023,6833.68,CASH,SUCCESS,2026-09-14 10:40:31
PAY-S-00709,SS2026091400709,C0007,738.42,CARD,SUCCESS,2026-09-14 06:31:55
PAY-S-00710,SS2026091400710,C0091,4153.1,UPI,SUCCESS,2026-09-14 18:36:24
PAY-S-00711,SS2026091400711,C0057,1896.68,CARD,SUCCESS,2026-09-14 11:27:27
PAY-S-00712,SS2026091400712,C0029,1154.86,WALLET,SUCCESS,2026-09-14 06:08:37
PAY-S-00713,SS2026091400713,C0048,13477.52,UPI,SUCCESS,2026-09-14 09:32:56
PAY-S-00714,SS2026091400714,C0020,8761.74,CARD,SUCCESS,2026-09-14 09:44:11
PAY-S-00715,SS2026091400715,C0004,2230.24,UPI,SUCCESS,2026-09-14 23:53:07
PAY-S-00716,SS2026091400716,C0008,13609.35,WALLET,SUCCESS,2026-09-14 13:02:53
PAY-S-00717,SS2026091400717,C0023,2925.23,CARD,SUCCESS,2026-09-14 13:25:08
PAY-S-00718,SS2026091400718,C0081,19344.44,CARD,SUCCESS,2026-09-14 23:48:21
PAY-S-00719,SS2026091400719,C0005,9213.4,CARD,SUCCESS,2026-09-14 23:18:49
PAY-S-00720,SS2026091400720,C0064,11516.75,CARD,SUCCESS,2026-09-14 06:59:21
PAY-S-00721,SS2026091400721,C0005,517.02,CARD,FAILED,2026-09-14 16:08:02
PAY-S-00722,SS2026091400722,C0099,3741.55,WALLET,SUCCESS,2026-09-14 17:54:11
PAY-S-00723,SS2026091400723,C0001,1233.98,UPI,SUCCESS,2026-09-14 00:58:04
PAY-S-00724,SS2026091400724,C0074,4195.0,CASH,SUCCESS,2026-09-14 06:16:15
PAY-S-00725,SS2026091400725,C0039,17197.2,WALLET,SUCCESS,2026-09-14 19:06:22
PAY-S-00726,SS2026091400726,C0027,2414.56,CARD,SUCCESS,2026-09-14 01:24:18
PAY-S-00727,SS2026091400727,C0051,9772.83,CARD,SUCCESS,2026-09-14 14:33:28
PAY-S-00728,SS2026091400728,C0008,9665.76,CARD,SUCCESS,2026-09-14 19:25:37
PAY-S-00729,SS2026091400729,C0031,877.95,CASH,SUCCESS,2026-09-14 18:34:28
PAY-S-00730,SS2026091400730,C0029,7249.32,CASH,SUCCESS,2026-09-14 03:29:56
PAY-S-00731,SS2026091400731,C0058,4276.01,WALLET,SUCCESS,2026-09-14 00:32:14
PAY-S-00732,SS2026091400732,C0040,8080.64,UPI,SUCCESS,2026-09-14 08:27:28
PAY-S-00733,SS2026091400733,C0094,7391.55,CASH,SUCCESS,2026-09-14 15:17:39
PAY-S-00734,SS2026091400734,C0019,21496.5,CASH,SUCCESS,2026-09-14 09:45:17
PAY-S-00735,SS2026091400735,C0021,4606.7,UPI,SUCCESS,2026-09-14 11:20:22
PAY-S-00736,SS2026091400736,C0097,5084.74,UPI,SUCCESS,2026-09-14 03:19:36
PAY-S-00737,SS2026091400737,C0092,16612.4,CARD,SUCCESS,2026-09-14 17:44:35
PAY-S-00738,SS2026091400738,C0033,7198.64,CARD,SUCCESS,2026-09-14 06:21:54
PAY-S-00739,SS2026091400739,C0067,7522.68,WALLET,SUCCESS,2026-09-14 12:12:12
PAY-S-00740,SS2026091400740,C0002,1304.9,CARD,SUCCESS,2026-09-14 05:29:24
PAY-S-00741,SS2026091400741,C0063,2097.5,CASH,SUCCESS,2026-09-14 21:31:46
PAY-S-00742,SS2026091400742,C0060,9658.24,WALLET,SUCCESS,2026-09-14 06:46:24
PAY-S-00743,SS2026091400743,C0085,8998.3,UPI,SUCCESS,2026-09-14 10:28:15
PAY-S-00744,SS2026091400744,C0065,17767.72,WALLET,SUCCESS,2026-09-14 20:38:42
PAY-S-00745,SS2026091400745,C0052,10824.99,UPI,SUCCESS,2026-09-14 02:18:25
PAY-S-00746,SS2026091400746,C0058,17351.96,UPI,SUCCESS,2026-09-14 04:11:54
PAY-S-00747,SS2026091400747,C0062,8401.26,CASH,SUCCESS,2026-09-14 20:04:25
PAY-S-00748,SS2026091400748,C0085,2917.0,CASH,SUCCESS,2026-09-14 09:23:51
PAY-S-00749,SS2026091400749,C0093,19800.25,CASH,SUCCESS,2026-09-14 23:08:24
PAY-S-00750,SS2026091400750,C0069,10210.23,CASH,SUCCESS,2026-09-14 10:32:01
PAY-S-00751,SS2026091400751,C0040,7391.55,WALLET,SUCCESS,2026-09-14 19:40:21
PAY-S-00752,SS2026091400752,C0011,899.17,CARD,SUCCESS,2026-09-14 09:35:05
PAY-S-00753,SS2026091400753,C0040,6834.5,WALLET,FAILED,2026-09-14 21:02:48
PAY-S-00754,SS2026091400754,C0047,5778.55,CASH,SUCCESS,2026-09-14 13:52:02
PAY-S-00755,SS2026091400755,C0083,2342.44,CASH,SUCCESS,2026-09-14 02:15:20
PAY-S-00756,SS2026091400756,C0018,4423.48,UPI,SUCCESS,2026-09-14 02:51:11
PAY-S-00757,SS2026091400757,C0022,6625.6,UPI,SUCCESS,2026-09-14 15:03:14
PAY-S-00758,SS2026091400758,C0019,18100.48,CASH,SUCCESS,2026-09-14 01:19:39
PAY-S-00759,SS2026091400759,C0016,4337.99,CARD,SUCCESS,2026-09-14 11:24:41
PAY-S-00760,SS2026091400760,C0064,315.12,CASH,FAILED,2026-09-14 15:53:34
PAY-S-00761,SS2026091400761,C0050,20980.85,CARD,FAILED,2026-09-14 09:28:57
PAY-S-00762,SS2026091400762,C0051,1761.72,CASH,SUCCESS,2026-09-14 20:59:06
PAY-S-00763,SS2026091400763,C0001,2542.37,UPI,SUCCESS,2026-09-14 05:11:23
PAY-S-00764,SS2026091400764,C0044,10554.18,UPI,SUCCESS,2026-09-14 23:57:30
PAY-S-00765,SS2026091400765,C0055,18041.65,CASH,SUCCESS,2026-09-14 00:11:57
PAY-S-00766,SS2026091400766,C0056,13613.64,CASH,SUCCESS,2026-09-14 08:30:47
PAY-S-00767,SS2026091400767,C0025,10250.52,UPI,SUCCESS,2026-09-14 07:16:44
PAY-S-00768,SS2026091400768,C0084,2424.98,CARD,SUCCESS,2026-09-14 21:28:08
PAY-S-00769,SS2026091400769,C0063,11682.32,UPI,SUCCESS,2026-09-14 02:02:57
PAY-S-00770,SS2026091400770,C0035,5209.44,UPI,SUCCESS,2026-09-14 15:47:40
PAY-S-00771,SS2026091400771,C0045,15840.2,WALLET,SUCCESS,2026-09-14 12:04:15
PAY-S-00772,SS2026091400772,C0093,3661.45,CARD,SUCCESS,2026-09-14 18:50:00
PAY-S-00773,SS2026091400773,C0022,12582.78,CASH,SUCCESS,2026-09-14 06:39:36
PAY-S-00774,SS2026091400774,C0100,5801.36,UPI,SUCCESS,2026-09-14 11:31:31
PAY-S-00775,SS2026091400775,C0029,6629.94,CASH,SUCCESS,2026-09-14 11:22:53
PAY-S-00776,SS2026091400776,C0077,211.59,CASH,SUCCESS,2026-09-14 02:06:46
PAY-S-00777,SS2026091400777,C0075,2800.42,UPI,SUCCESS,2026-09-14 10:05:13
PAY-S-00778,SS2026091400778,C0061,2084.47,CARD,SUCCESS,2026-09-14 14:11:46
PAY-S-00779,SS2026091400779,C0019,4067.59,WALLET,SUCCESS,2026-09-14 18:31:48
PAY-S-00780,SS2026091400780,C0074,16723.68,CARD,SUCCESS,2026-09-14 09:44:11
PAY-S-00781,SS2026091400781,C0044,8362.48,UPI,SUCCESS,2026-09-14 23:52:24
PAY-S-00782,SS2026091400782,C0081,15228.12,UPI,SUCCESS,2026-09-14 22:53:15
PAY-S-00783,SS2026091400783,C0072,12542.43,CARD,FAILED,2026-09-14 10:47:05
PAY-S-00784,SS2026091400784,C0013,4157.6,CARD,SUCCESS,2026-09-14 10:58:40
PAY-S-00785,SS2026091400785,C0075,3863.98,WALLET,SUCCESS,2026-09-14 06:36:07
PAY-S-00786,SS2026091400786,C0031,8080.64,WALLET,SUCCESS,2026-09-14 04:24:38
PAY-S-00787,SS2026091400787,C0100,4100.7,WALLET,SUCCESS,2026-09-14 10:26:08
PAY-S-00788,SS2026091400788,C0025,5856.1,CARD,SUCCESS,2026-09-14 22:37:52
PAY-S-00789,SS2026091400789,C0040,9772.83,CARD,SUCCESS,2026-09-14 17:09:43
PAY-S-00790,SS2026091400790,C0086,12543.72,UPI,SUCCESS,2026-09-14 18:37:07
PAY-S-00791,SS2026091400791,C0062,2303.35,UPI,SUCCESS,2026-09-14 04:15:24
PAY-S-00792,SS2026091400792,C0057,13325.79,CASH,SUCCESS,2026-09-14 05:29:07
PAY-S-00793,SS2026091400793,C0014,2993.24,CARD,SUCCESS,2026-09-14 06:28:00
PAY-S-00794,SS2026091400794,C0028,5084.74,UPI,SUCCESS,2026-09-14 09:19:59
PAY-S-00795,SS2026091400795,C0068,5813.3,CASH,SUCCESS,2026-09-14 17:00:24
PAY-S-00796,SS2026091400796,C0036,1212.49,CASH,SUCCESS,2026-09-14 15:56:13
PAY-S-00797,SS2026091400797,C0092,8775.69,UPI,FAILED,2026-09-14 03:49:39
PAY-S-00798,SS2026091400798,C0018,21669.15,UPI,SUCCESS,2026-09-14 12:01:48
PAY-S-00799,SS2026091400799,C0004,16723.68,UPI,SUCCESS,2026-09-14 10:42:26
PAY-S-00800,SS2026091400800,C0037,10679.48,CASH,SUCCESS,2026-09-14 12:30:18
PAY-S-00801,SS2026091400801,C0082,9362.1,CASH,SUCCESS,2026-09-14 22:55:16
PAY-S-00802,SS2026091400802,C0061,3807.03,CARD,FAILED,2026-09-14 11:31:17
PAY-S-00803,SS2026091400803,C0008,6253.41,CASH,SUCCESS,2026-09-14 10:02:40
PAY-S-00804,SS2026091400804,C0029,8805.52,CASH,SUCCESS,2026-09-14 14:22:04
PAY-S-00805,SS2026091400805,C0080,1048.75,UPI,SUCCESS,2026-09-14 06:20:43
PAY-S-00806,SS2026091400806,C0074,9618.15,WALLET,SUCCESS,2026-09-14 13:47:52
PAY-S-00807,SS2026091400807,C0084,2211.74,UPI,SUCCESS,2026-09-14 12:56:58
PAY-S-00808,SS2026091400808,C0046,11848.8,CASH,FAILED,2026-09-14 09:48:16
PAY-S-00809,SS2026091400809,C0005,8361.62,WALLET,SUCCESS,2026-09-14 05:57:05
PAY-S-00810,SS2026091400810,C0075,1906.3,CASH,SUCCESS,2026-09-14 10:55:40
PAY-S-00811,SS2026091400811,C0094,2695.48,UPI,SUCCESS,2026-09-14 18:15:56
PAY-S-00812,SS2026091400812,C0003,5782.2,WALLET,SUCCESS,2026-09-14 17:27:22
PAY-S-00813,SS2026091400813,C0005,14410.68,WALLET,SUCCESS,2026-09-14 20:23:20
PAY-S-00814,SS2026091400814,C0008,11848.8,CASH,FAILED,2026-09-14 00:13:06
PAY-S-00815,SS2026091400815,C0097,2286.35,UPI,SUCCESS,2026-09-14 21:22:52
PAY-S-00816,SS2026091400816,C0049,4836.11,CARD,SUCCESS,2026-09-14 16:46:07
PAY-S-00817,SS2026091400817,C0056,6756.92,CARD,SUCCESS,2026-09-14 22:07:16
PAY-S-00818,SS2026091400818,C0094,7539.16,WALLET,SUCCESS,2026-09-14 20:21:51
PAY-S-00819,SS2026091400819,C0083,4921.16,CARD,SUCCESS,2026-09-14 18:25:32
PAY-S-00820,SS2026091400820,C0084,4196.17,UPI,SUCCESS,2026-09-14 22:58:53
PAY-S-00821,SS2026091400821,C0079,7391.55,UPI,SUCCESS,2026-09-14 05:05:06
PAY-S-00822,SS2026091400822,C0084,8761.74,CARD,SUCCESS,2026-09-14 03:21:04
PAY-S-00823,SS2026091400823,C0033,10887.48,CARD,SUCCESS,2026-09-14 11:27:29
PAY-S-00824,SS2026091400824,C0034,4734.16,CARD,SUCCESS,2026-09-14 21:23:10
PAY-S-00825,SS2026091400825,C0095,7625.2,WALLET,SUCCESS,2026-09-14 22:23:51
PAY-S-00826,SS2026091400826,C0031,2244.93,UPI,SUCCESS,2026-09-14 01:14:27
PAY-S-00827,SS2026091400827,C0002,583.4,CARD,SUCCESS,2026-09-14 11:36:42
PAY-S-00828,SS2026091400828,C0090,5179.83,CARD,SUCCESS,2026-09-14 14:33:32
PAY-S-00829,SS2026091400829,C0071,1260.36,WALLET,SUCCESS,2026-09-14 02:01:28
PAY-S-00830,SS2026091400830,C0038,12711.85,UPI,FAILED,2026-09-14 19:41:29
PAY-S-00831,SS2026091400831,C0098,11284.02,CARD,SUCCESS,2026-09-14 16:27:58
PAY-S-00832,SS2026091400832,C0086,3599.32,UPI,SUCCESS,2026-09-14 17:02:52
PAY-S-00833,SS2026091400833,C0012,415.64,CARD,SUCCESS,2026-09-14 21:18:16
PAY-S-00834,SS2026091400834,C0097,12102.08,CARD,SUCCESS,2026-09-14 17:03:13
PAY-S-00835,SS2026091400835,C0081,689.36,CASH,SUCCESS,2026-09-14 18:05:39
PAY-S-00836,SS2026091400836,C0049,214.89,WALLET,SUCCESS,2026-09-14 00:17:42
PAY-S-00837,SS2026091400837,C0062,9412.38,CASH,SUCCESS,2026-09-14 00:58:52
PAY-S-00838,SS2026091400838,C0084,4040.32,CARD,SUCCESS,2026-09-14 04:55:25
PAY-S-00839,SS2026091400839,C0090,6236.4,CASH,SUCCESS,2026-09-14 07:52:00
PAY-S-00840,SS2026091400840,C0051,14646.63,CASH,SUCCESS,2026-09-14 19:30:45
PAY-S-00841,SS2026091400841,C0032,11006.9,UPI,SUCCESS,2026-09-14 23:16:54
PAY-S-00842,SS2026091400842,C0009,9672.22,WALLET,FAILED,2026-09-14 21:40:06
PAY-S-00843,SS2026091400843,C0030,16749.56,CASH,SUCCESS,2026-09-14 06:36:43
PAY-S-00844,SS2026091400844,C0046,3741.55,CASH,SUCCESS,2026-09-14 00:50:23
PAY-S-00845,SS2026091400845,C0094,2845.02,UPI,SUCCESS,2026-09-14 09:49:32
PAY-S-00846,SS2026091400846,C0047,4100.7,WALLET,SUCCESS,2026-09-14 19:29:55
PAY-S-00847,SS2026091400847,C0043,7198.64,CARD,SUCCESS,2026-09-14 02:51:28
PAY-S-00848,SS2026091400848,C0045,5600.84,UPI,SUCCESS,2026-09-14 03:49:43
PAY-S-00849,SS2026091400849,C0053,2733.8,WALLET,SUCCESS,2026-09-14 02:41:31
PAY-S-00850,SS2026091400850,C0085,18495.8,CARD,SUCCESS,2026-09-14 09:26:52
PAY-S-00851,SS2026091400851,C0042,1579.54,WALLET,SUCCESS,2026-09-14 10:24:11
PAY-S-00852,SS2026091400852,C0019,4281.5,WALLET,FAILED,2026-09-14 04:13:50
PAY-S-00853,SS2026091400853,C0017,8598.6,CARD,SUCCESS,2026-09-14 21:08:52
PAY-S-00854,SS2026091400854,C0046,3701.94,CASH,SUCCESS,2026-09-14 18:34:25
PAY-S-00855,SS2026091400855,C0080,3854.8,CARD,SUCCESS,2026-09-14 01:55:43
PAY-S-00856,SS2026091400856,C0044,4878.28,UPI,SUCCESS,2026-09-14 21:13:15
PAY-S-00857,SS2026091400857,C0037,1931.99,CARD,SUCCESS,2026-09-14 12:36:36
PAY-S-00858,SS2026091400858,C0056,7036.12,WALLET,SUCCESS,2026-09-14 19:00:36
PAY-S-00859,SS2026091400859,C0027,1896.68,WALLET,SUCCESS,2026-09-14 18:22:10
PAY-S-00860,SS2026091400860,C0001,2872.75,CASH,SUCCESS,2026-09-14 17:15:08
PAY-S-00861,SS2026091400861,C0093,3416.84,CASH,SUCCESS,2026-09-14 06:07:53
PAY-S-00862,SS2026091400862,C0097,5600.84,UPI,SUCCESS,2026-09-14 11:53:31
PAY-S-00863,SS2026091400863,C0075,9977.26,CASH,SUCCESS,2026-09-14 07:00:15
PAY-S-00864,SS2026091400864,C0035,3257.61,CARD,SUCCESS,2026-09-14 01:09:52
PAY-S-00865,SS2026091400865,C0083,10108.14,CASH,SUCCESS,2026-09-14 23:40:36
PAY-S-00866,SS2026091400866,C0006,6097.85,CASH,SUCCESS,2026-09-14 21:12:00
PAY-S-00867,SS2026091400867,C0005,6518.52,CARD,SUCCESS,2026-09-14 07:02:01
PAY-S-00868,SS2026091400868,C0064,3114.28,WALLET,SUCCESS,2026-09-14 04:55:04
PAY-S-00869,SS2026091400869,C0092,1450.34,WALLET,SUCCESS,2026-09-14 06:26:05
PAY-S-00870,SS2026091400870,C0016,8086.44,CARD,SUCCESS,2026-09-14 00:40:50
PAY-S-00871,SS2026091400871,C0037,8883.86,CARD,SUCCESS,2026-09-14 05:18:14
PAY-S-00872,SS2026091400872,C0090,2906.65,WALLET,SUCCESS,2026-09-14 23:16:39
PAY-S-00873,SS2026091400873,C0045,3741.55,CASH,SUCCESS,2026-09-14 06:42:55
PAY-S-00874,SS2026091400874,C0059,1304.9,UPI,SUCCESS,2026-09-14 13:50:19
PAY-S-00875,SS2026091400875,C0007,12711.85,WALLET,SUCCESS,2026-09-14 03:03:31
PAY-S-00876,SS2026091400876,C0043,3854.8,WALLET,SUCCESS,2026-09-14 20:17:36
PAY-S-00877,SS2026091400877,C0079,3345.36,UPI,SUCCESS,2026-09-14 04:36:26
PAY-S-00878,SS2026091400878,C0071,21429.6,CARD,SUCCESS,2026-09-14 01:36:10
PAY-S-00879,SS2026091400879,C0021,3319.14,CASH,SUCCESS,2026-09-14 13:02:00
PAY-S-00880,SS2026091400880,C0040,4187.39,CARD,SUCCESS,2026-09-14 02:18:30
PAY-S-00881,SS2026091400881,C0068,17017.05,CARD,SUCCESS,2026-09-14 20:59:06
PAY-S-00882,SS2026091400882,C0024,7627.11,CARD,SUCCESS,2026-09-14 09:29:18
PAY-S-00883,SS2026091400883,C0033,4391.58,UPI,SUCCESS,2026-09-14 22:41:56
PAY-S-00884,SS2026091400884,C0043,984.56,WALLET,SUCCESS,2026-09-14 04:09:36
PAY-S-00885,SS2026091400885,C0009,3304.32,UPI,SUCCESS,2026-09-14 07:17:33
PAY-S-00886,SS2026091400886,C0050,4233.33,CASH,SUCCESS,2026-09-14 19:16:32
PAY-S-00887,SS2026091400887,C0068,2140.75,WALLET,SUCCESS,2026-09-14 22:44:01
PAY-S-00888,SS2026091400888,C0036,8080.64,WALLET,SUCCESS,2026-09-14 19:40:30
PAY-S-00889,SS2026091400889,C0029,2202.88,CARD,SUCCESS,2026-09-14 06:21:20
PAY-S-00890,SS2026091400890,C0056,7920.1,UPI,SUCCESS,2026-09-14 22:12:53
PAY-S-00891,SS2026091400891,C0070,7049.78,CASH,SUCCESS,2026-09-14 06:32:53
PAY-S-00892,SS2026091400892,C0029,4281.5,CASH,SUCCESS,2026-09-14 23:31:49
PAY-S-00893,SS2026091400893,C0051,14410.68,CASH,SUCCESS,2026-09-14 21:43:31
PAY-S-00894,SS2026091400894,C0025,8139.86,CARD,SUCCESS,2026-09-14 16:00:26
PAY-S-00895,SS2026091400895,C0045,9496.28,CASH,SUCCESS,2026-09-14 20:38:26
PAY-S-00896,SS2026091400896,C0093,4337.99,CARD,SUCCESS,2026-09-14 04:14:26
PAY-S-00897,SS2026091400897,C0060,17767.72,CARD,SUCCESS,2026-09-14 16:02:02
PAY-S-00898,SS2026091400898,C0054,2311.42,UPI,SUCCESS,2026-09-14 04:36:06
PAY-S-00899,SS2026091400899,C0062,3793.36,UPI,SUCCESS,2026-09-14 10:53:28
PAY-S-00900,SS2026091400900,C0076,5850.46,CARD,SUCCESS,2026-09-14 20:14:47
PAY-S-00901,SS2026091400901,C0055,8086.44,CARD,SUCCESS,2026-09-14 08:32:36
PAY-S-00902,SS2026091400902,C0079,3838.05,CASH,SUCCESS,2026-09-14 09:41:52
PAY-S-00903,SS2026091400903,C0096,1304.9,UPI,SUCCESS,2026-09-14 13:14:49
PAY-S-00904,SS2026091400904,C0065,5589.55,CASH,SUCCESS,2026-09-14 00:04:56
PAY-S-00905,SS2026091400905,C0012,10703.75,CASH,SUCCESS,2026-09-14 02:14:03
PAY-S-00906,SS2026091400906,C0010,2460.58,WALLET,SUCCESS,2026-09-14 11:45:09
PAY-S-00907,SS2026091400907,C0045,12543.72,CASH,SUCCESS,2026-09-14 08:26:48
PAY-S-00908,SS2026091400908,C0024,20971.3,WALLET,SUCCESS,2026-09-14 17:46:40
PAY-S-00909,SS2026091400909,C0060,22209.65,CARD,SUCCESS,2026-09-14 14:58:24
PAY-S-00910,SS2026091400910,C0059,1437.55,UPI,SUCCESS,2026-09-14 07:16:09
PAY-S-00911,SS2026091400911,C0075,19344.44,CASH,SUCCESS,2026-09-14 03:09:35
PAY-S-00912,SS2026091400912,C0053,1761.72,CARD,SUCCESS,2026-09-14 00:31:18
PAY-S-00913,SS2026091400913,C0052,1805.68,UPI,SUCCESS,2026-09-14 14:53:25
PAY-S-00914,SS2026091400914,C0039,2472.84,UPI,SUCCESS,2026-09-14 09:58:44
PAY-S-00915,SS2026091400915,C0049,7625.2,CARD,SUCCESS,2026-09-14 15:35:06
PAY-S-00916,SS2026091400916,C0066,5443.74,WALLET,FAILED,2026-09-14 16:26:19
PAY-S-00917,SS2026091400917,C0068,12542.76,WALLET,SUCCESS,2026-09-14 22:40:34
PAY-S-00918,SS2026091400918,C0009,3741.55,CASH,SUCCESS,2026-09-14 00:23:24
PAY-S-00919,SS2026091400919,C0092,5782.2,WALLET,SUCCESS,2026-09-14 05:02:01
PAY-S-00920,SS2026091400920,C0009,6725.62,UPI,SUCCESS,2026-09-14 06:25:28
PAY-S-00921,SS2026091400921,C0031,4072.62,WALLET,SUCCESS,2026-09-14 08:21:01
PAY-S-00922,SS2026091400922,C0096,19954.52,UPI,SUCCESS,2026-09-14 19:19:59
PAY-S-00923,SS2026091400923,C0034,4832.88,CARD,SUCCESS,2026-09-14 01:22:20
PAY-S-00924,SS2026091400924,C0022,1723.65,WALLET,SUCCESS,2026-09-14 08:28:43
PAY-S-00925,SS2026091400925,C0043,11421.09,CARD,SUCCESS,2026-09-14 08:07:37
PAY-S-00926,SS2026091400926,C0037,3550.62,CARD,SUCCESS,2026-09-14 08:13:58
PAY-S-00927,SS2026091400927,C0053,7243.68,UPI,SUCCESS,2026-09-14 16:38:47
PAY-S-00928,SS2026091400928,C0064,2333.6,CARD,SUCCESS,2026-09-14 22:18:47
PAY-S-00929,SS2026091400929,C0098,7309.75,CARD,FAILED,2026-09-14 20:15:09
PAY-S-00930,SS2026091400930,C0015,2906.65,WALLET,SUCCESS,2026-09-14 11:13:42
PAY-S-00931,SS2026091400931,C0085,2202.88,WALLET,SUCCESS,2026-09-14 16:52:09
PAY-S-00932,SS2026091400932,C0024,961.11,CASH,SUCCESS,2026-09-14 14:14:20
PAY-S-00933,SS2026091400933,C0037,5841.16,CARD,SUCCESS,2026-09-14 12:28:30
PAY-S-00934,SS2026091400934,C0042,13477.4,WALLET,SUCCESS,2026-09-14 10:53:14
PAY-S-00935,SS2026091400935,C0082,4684.88,WALLET,SUCCESS,2026-09-14 22:51:55
PAY-S-00936,SS2026091400936,C0011,1115.12,CARD,SUCCESS,2026-09-14 06:11:23
PAY-S-00937,SS2026091400937,C0033,24411.05,WALLET,SUCCESS,2026-09-14 05:11:02
PAY-S-00938,SS2026091400938,C0080,2298.2,UPI,SUCCESS,2026-09-14 04:04:59
PAY-S-00939,SS2026091400939,C0018,3743.56,CARD,SUCCESS,2026-09-14 05:09:14
PAY-S-00940,SS2026091400940,C0088,4100.7,WALLET,SUCCESS,2026-09-14 17:55:27
PAY-S-00941,SS2026091400941,C0027,8388.52,CARD,SUCCESS,2026-09-14 06:31:17
PAY-S-00942,SS2026091400942,C0042,2883.33,UPI,SUCCESS,2026-09-14 14:40:13
PAY-S-00943,SS2026091400943,C0054,877.95,CASH,SUCCESS,2026-09-14 21:04:26
PAY-S-00944,SS2026091400944,C0001,5778.55,WALLET,SUCCESS,2026-09-14 10:59:37
PAY-S-00945,SS2026091400945,C0052,10679.48,CARD,SUCCESS,2026-09-14 14:27:51
PAY-S-00946,SS2026091400946,C0039,8466.66,CARD,SUCCESS,2026-09-14 19:59:47
PAY-S-00947,SS2026091400947,C0035,4748.14,UPI,SUCCESS,2026-09-14 13:13:07
PAY-S-00948,SS2026091400948,C0038,1815.86,UPI,SUCCESS,2026-09-14 01:42:24
PAY-S-00949,SS2026091400949,C0036,4540.81,CASH,SUCCESS,2026-09-14 16:29:46
PAY-S-00950,SS2026091400950,C0079,4168.94,CARD,SUCCESS,2026-09-14 21:58:30
PAY-S-00951,SS2026091400951,C0096,2883.33,WALLET,SUCCESS,2026-09-14 07:54:55
PAY-S-00952,SS2026091400952,C0053,18824.76,WALLET,SUCCESS,2026-09-14 06:01:51
PAY-S-00953,SS2026091400953,C0020,4333.83,CASH,SUCCESS,2026-09-14 15:50:13
PAY-S-00954,SS2026091400954,C0026,1366.9,CASH,FAILED,2026-09-14 02:02:13
PAY-S-00955,SS2026091400955,C0030,1074.45,UPI,SUCCESS,2026-09-14 08:57:32
PAY-S-00956,SS2026091400956,C0007,2609.8,WALLET,SUCCESS,2026-09-14 03:50:56
PAY-S-00957,SS2026091400957,C0021,1464.58,WALLET,SUCCESS,2026-09-14 00:31:27
PAY-S-00958,SS2026091400958,C0047,16161.28,WALLET,SUCCESS,2026-09-14 20:34:32
PAY-S-00959,SS2026091400959,C0050,2508.54,UPI,SUCCESS,2026-09-14 17:20:26
PAY-S-00960,SS2026091400960,C0012,2815.0,CASH,SUCCESS,2026-09-14 23:15:16
PAY-S-00961,SS2026091400961,C0071,6412.1,UPI,SUCCESS,2026-09-14 07:04:30
PAY-S-00962,SS2026091400962,C0077,13477.4,WALLET,SUCCESS,2026-09-14 13:20:03
PAY-S-00963,SS2026091400963,C0031,3892.85,CASH,SUCCESS,2026-09-14 08:22:31
PAY-S-00964,SS2026091400964,C0056,1957.35,CARD,SUCCESS,2026-09-14 07:44:19
PAY-S-00965,SS2026091400965,C0096,17017.05,CARD,SUCCESS,2026-09-14 14:28:06
PAY-S-00966,SS2026091400966,C0061,11514.15,CARD,SUCCESS,2026-09-14 09:20:34
PAY-S-00967,SS2026091400967,C0050,19800.25,CARD,SUCCESS,2026-09-14 10:16:49
PAY-S-00968,SS2026091400968,C0093,14002.1,CASH,SUCCESS,2026-09-14 22:23:24
PAY-S-00969,SS2026091400969,C0065,429.78,WALLET,SUCCESS,2026-09-14 16:12:26
PAY-S-00970,SS2026091400970,C0084,2900.68,WALLET,SUCCESS,2026-09-14 11:54:16
PAY-S-00971,SS2026091400971,C0091,2244.93,CASH,SUCCESS,2026-09-14 21:32:21
PAY-S-00972,SS2026091400972,C0021,15840.2,CASH,SUCCESS,2026-09-14 15:05:13
PAY-S-00973,SS2026091400973,C0077,7198.64,CARD,SUCCESS,2026-09-14 03:38:02
PAY-S-00974,SS2026091400974,C0020,4988.63,CARD,SUCCESS,2026-09-14 23:49:02
PAY-S-00975,SS2026091400975,C0065,7885.1,UPI,SUCCESS,2026-09-14 08:10:31
PAY-S-00976,SS2026091400976,C0088,4706.19,UPI,SUCCESS,2026-09-14 20:55:57
PAY-S-00977,SS2026091400977,C0072,14040.96,UPI,SUCCESS,2026-09-14 21:21:41
PAY-S-00978,SS2026091400978,C0015,472.68,WALLET,FAILED,2026-09-14 22:13:45
PAY-S-00979,SS2026091400979,C0068,9637.0,WALLET,SUCCESS,2026-09-14 05:55:16
PAY-S-00980,SS2026091400980,C0007,12699.99,CASH,SUCCESS,2026-09-14 23:33:00
PAY-S-00981,SS2026091400981,C0062,4196.17,CASH,SUCCESS,2026-09-14 12:55:26
PAY-S-00982,SS2026091400982,C0049,6236.4,CASH,SUCCESS,2026-09-14 22:05:16
PAY-S-00983,SS2026091400983,C0032,6422.25,WALLET,SUCCESS,2026-09-14 06:52:55
PAY-S-00984,SS2026091400984,C0036,214.89,CARD,SUCCESS,2026-09-14 13:28:10
PAY-S-00985,SS2026091400985,C0084,3774.42,UPI,SUCCESS,2026-09-14 07:43:58
PAY-S-00986,SS2026091400986,C0097,14118.57,UPI,SUCCESS,2026-09-14 02:35:24
PAY-S-00987,SS2026091400987,C0074,22704.05,CARD,SUCCESS,2026-09-14 04:56:40
PAY-S-00988,SS2026091400988,C0039,492.28,CARD,SUCCESS,2026-09-14 13:50:32
PAY-S-00989,SS2026091400989,C0084,5398.98,WALLET,FAILED,2026-09-14 18:44:57
PAY-S-00990,SS2026091400990,C0019,7251.7,CASH,SUCCESS,2026-09-14 15:21:53
PAY-S-00991,SS2026091400991,C0012,18806.7,WALLET,SUCCESS,2026-09-14 00:32:18
PAY-S-00992,SS2026091400992,C0092,2257.1,UPI,SUCCESS,2026-09-14 08:46:10
PAY-S-00993,SS2026091400993,C0081,644.67,UPI,SUCCESS,2026-09-14 21:29:32
PAY-S-00994,SS2026091400994,C0088,5841.56,CASH,SUCCESS,2026-09-14 11:15:47
PAY-S-00995,SS2026091400995,C0040,7727.96,CASH,SUCCESS,2026-09-14 01:10:09
PAY-S-00996,SS2026091400996,C0007,23740.7,CASH,SUCCESS,2026-09-14 16:01:51
PAY-S-00997,SS2026091400997,C0003,455.19,CASH,SUCCESS,2026-09-14 23:27:23
PAY-S-00998,SS2026091400998,C0001,4385.85,WALLET,SUCCESS,2026-09-14 04:10:51
PAY-S-00999,SS2026091400999,C0067,3317.61,CASH,SUCCESS,2026-09-14 11:14:13
PAY-S-01000,SS2026091401000,C0071,5913.24,CASH,SUCCESS,2026-09-14 00:49:44
