payment_id,order_id,customer_id,payment_amount,payment_method,payment_status,payment_timestamp
PAY-O-00001,O2026091800001,C0026,3087.17,WALLET,SUCCESS,2026-09-18 04:25:03
PAY-O-00002,O2026091800002,C0081,12857.76,WALLET,SUCCESS,2026-09-18 07:11:18
PAY-O-00003,O2026091800003,C0043,11006.9,UPI,SUCCESS,2026-09-18 00:53:00
PAY-O-00004,O2026091800004,C0072,2084.47,UPI,SUCCESS,2026-09-18 12:56:13
PAY-O-00005,O2026091800005,C0067,9496.28,CARD,SUCCESS,2026-09-18 11:50:56
PAY-O-00006,O2026091800006,C0058,575.02,CARD,SUCCESS,2026-09-18 00:27:16
PAY-O-00007,O2026091800007,C0075,2516.28,CARD,SUCCESS,2026-09-18 04:58:26
PAY-O-00008,O2026091800008,C0041,12588.51,NET_BANKING,SUCCESS,2026-09-18 20:02:14
PAY-O-00010,O2026091800010,C0083,6308.08,WALLET,SUCCESS,2026-09-18 16:36:55
PAY-O-00011,O2026091800011,C0099,4040.32,WALLET,SUCCESS,2026-09-18 02:27:00
PAY-O-00012,O2026091800012,C0073,1414.32,CARD,SUCCESS,2026-09-18 09:30:09
PAY-O-00013,O2026091800013,C0031,20904.05,WALLET,FAILED,2026-09-18 14:22:23
PAY-O-00014,O2026091800014,C0029,1455.02,CARD,SUCCESS,2026-09-18 13:17:58
PAY-O-00015,O2026091800015,C0014,6420.45,NET_BANKING,FAILED,2026-09-18 12:59:42
PAY-O-00016,O2026091800016,C0039,4180.92,CARD,SUCCESS,2026-09-18 20:16:12
PAY-O-00017,O2026091800017,C0013,9777.78,NET_BANKING,SUCCESS,2026-09-18 23:08:58
PAY-O-00018,O2026091800018,C0080,1257.12,UPI,SUCCESS,2026-09-18 08:36:17
PAY-O-00019,O2026091800019,C0074,22704.05,NET_BANKING,SUCCESS,2026-09-18 09:51:16
PAY-O-00020,O2026091800020,C0092,15840.2,NET_BANKING,SUCCESS,2026-09-18 01:31:54
PAY-O-00021,O2026091800021,C0004,2414.56,UPI,SUCCESS,2026-09-18 08:43:33
PAY-O-00022,O2026091800022,C0059,2244.93,CARD,SUCCESS,2026-09-18 01:19:03
PAY-O-00023,O2026091800023,C0056,3971.12,CARD,SUCCESS,2026-09-18 22:09:16
PAY-O-00024,O2026091800024,C0015,1577.02,CARD,SUCCESS,2026-09-18 09:57:34
PAY-O-00025,O2026091800025,C0065,4963.9,CARD,SUCCESS,2026-09-18 00:03:04
PAY-O-00026,O2026091800026,C0005,4180.81,CARD,SUCCESS,2026-09-18 13:21:02
PAY-O-00027,O2026091800027,C0079,2298.2,NET_BANKING,SUCCESS,2026-09-18 14:23:25
PAY-O-00028,O2026091800028,C0086,21429.6,WALLET,SUCCESS,2026-09-18 15:07:25
PAY-O-00029,O2026091800029,C0092,6738.76,CARD,SUCCESS,2026-09-18 21:09:04
PAY-O-00030,O2026091800030,C0002,7021.5,WALLET,SUCCESS,2026-09-18 10:46:19
PAY-O-00031,O2026091800031,C0013,15045.36,UPI,SUCCESS,2026-09-18 01:11:33
PAY-O-00032,O2026091800032,C0010,7391.55,CARD,FAILED,2026-09-18 11:20:21
PAY-O-00033,O2026091800033,C0042,4606.7,UPI,SUCCESS,2026-09-18 08:12:32
PAY-O-00034,O2026091800034,C0009,141.06,NET_BANKING,SUCCESS,2026-09-18 21:32:16
PAY-O-00035,O2026091800035,C0087,70.53,WALLET,SUCCESS,2026-09-18 00:08:33
PAY-O-00036,O2026091800036,C0029,3709.26,UPI,SUCCESS,2026-09-18 16:17:10
PAY-O-00037,O2026091800037,C0091,8761.74,NET_BANKING,SUCCESS,2026-09-18 20:14:20
PAY-O-00038,O2026091800038,C0081,4741.7,WALLET,SUCCESS,2026-09-18 06:12:16
PAY-O-00039,O2026091800039,C0027,4025.98,WALLET,SUCCESS,2026-09-18 19:38:27
PAY-O-00040,O2026091800040,C0071,7814.16,UPI,FAILED,2026-09-18 03:33:18
PAY-O-00041,O2026091800041,C0033,18100.48,WALLET,SUCCESS,2026-09-18 17:53:28
PAY-O-00042,O2026091800042,C0011,8361.84,NET_BANKING,SUCCESS,2026-09-18 21:08:55
PAY-O-00043,O2026091800043,C0089,9479.04,WALLET,SUCCESS,2026-09-18 14:23:09
PAY-O-00044,O2026091800044,C0003,9081.62,WALLET,SUCCESS,2026-09-18 11:08:40
PAY-O-00045,O2026091800045,C0047,2439.14,CARD,SUCCESS,2026-09-18 08:28:12
PAY-O-00046,O2026091800046,C0098,9362.1,NET_BANKING,SUCCESS,2026-09-18 21:40:55
PAY-O-00047,O2026091800047,C0064,20980.85,WALLET,SUCCESS,2026-09-18 03:14:25
PAY-O-00048,O2026091800048,C0098,11201.68,CARD,SUCCESS,2026-09-18 23:23:09
PAY-O-00049,O2026091800049,C0039,18824.76,CARD,SUCCESS,2026-09-18 18:20:33
PAY-O-00050,O2026091800050,C0081,19035.15,UPI,SUCCESS,2026-09-18 12:30:04
PAY-O-00051,O2026091800051,C0004,7301.95,WALLET,SUCCESS,2026-09-18 09:10:26
PAY-O-00052,O2026091800052,C0055,9531.5,UPI,SUCCESS,2026-09-18 05:47:06
PAY-O-00053,O2026091800053,C0013,10181.55,NET_BANKING,SUCCESS,2026-09-18 13:45:38
PAY-O-00054,O2026091800054,C0077,15228.12,CARD,SUCCESS,2026-09-18 01:18:03
PAY-O-00055,O2026091800055,C0060,21429.6,UPI,SUCCESS,2026-09-18 16:53:00
PAY-O-00056,O2026091800056,C0047,1149.1,CARD,SUCCESS,2026-09-18 06:47:20
PAY-O-00057,O2026091800057,C0012,8841.45,NET_BANKING,SUCCESS,2026-09-18 10:28:06
PAY-O-00058,O2026091800058,C0001,17553.75,WALLET,SUCCESS,2026-09-18 06:57:49
PAY-O-00059,O2026091800059,C0035,606.92,WALLET,SUCCESS,2026-09-18 16:23:13
PAY-O-00060,O2026091800060,C0067,7897.7,NET_BANKING,SUCCESS,2026-09-18 02:31:08
PAY-O-00061,O2026091800061,C0037,16612.4,NET_BANKING,SUCCESS,2026-09-18 00:42:58
PAY-O-00062,O2026091800062,C0017,1414.32,WALLET,SUCCESS,2026-09-18 18:47:15
PAY-O-00063,O2026091800063,C0093,826.23,UPI,SUCCESS,2026-09-18 10:45:11
PAY-O-00064,O2026091800064,C0029,4734.16,NET_BANKING,SUCCESS,2026-09-18 13:21:40
PAY-O-00065,O2026091800065,C0057,12897.9,NET_BANKING,SUCCESS,2026-09-18 20:55:19
PAY-O-00066,O2026091800066,C0032,2883.33,NET_BANKING,SUCCESS,2026-09-18 17:27:23
PAY-O-00067,O2026091800067,C0087,17553.75,WALLET,SUCCESS,2026-09-18 21:15:38
PAY-O-00068,O2026091800068,C0097,5398.98,UPI,SUCCESS,2026-09-18 16:23:53
PAY-O-00069,O2026091800069,C0091,19484.68,UPI,SUCCESS,2026-09-18 05:28:07
PAY-O-00070,O2026091800070,C0068,12582.78,UPI,SUCCESS,2026-09-18 03:12:46
PAY-O-00071,O2026091800071,C0079,1219.57,CARD,SUCCESS,2026-09-18 23:27:56
PAY-O-00072,O2026091800072,C0080,3304.32,WALLET,SUCCESS,2026-09-18 21:32:28
PAY-O-00073,O2026091800073,C0050,9479.04,NET_BANKING,FAILED,2026-09-18 11:34:11
PAY-O-00074,O2026091800074,C0062,3608.33,UPI,SUCCESS,2026-09-18 23:13:05
PAY-O-00075,O2026091800075,C0087,3536.58,CARD,FAILED,2026-09-18 15:04:19
PAY-O-00076,O2026091800076,C0011,12120.96,NET_BANKING,SUCCESS,2026-09-18 08:32:38
PAY-O-00077,O2026091800077,C0077,10108.14,WALLET,SUCCESS,2026-09-18 12:22:49
PAY-O-00078,O2026091800078,C0088,14827.2,CARD,SUCCESS,2026-09-18 19:42:04
PAY-O-00079,O2026091800079,C0040,12824.2,WALLET,SUCCESS,2026-09-18 20:02:02
PAY-O-00080,O2026091800080,C0031,3089.42,NET_BANKING,SUCCESS,2026-09-18 06:46:21
PAY-O-00082,O2026091800082,C0007,1454.9,CARD,SUCCESS,2026-09-18 11:44:49
PAY-O-00083,O2026091800083,C0083,7381.74,CARD,SUCCESS,2026-09-18 11:47:03
PAY-O-00084,O2026091800084,C0096,4878.28,NET_BANKING,SUCCESS,2026-09-18 09:09:32
PAY-O-00085,O2026091800085,C0075,12542.76,WALLET,SUCCESS,2026-09-18 14:27:42
PAY-O-00086,O2026091800086,C0070,9977.26,CARD,SUCCESS,2026-09-18 20:29:38
PAY-O-00087,O2026091800087,C0047,16296.3,CARD,SUCCESS,2026-09-18 18:17:42
PAY-O-00088,O2026091800088,C0060,8667.66,CARD,SUCCESS,2026-09-18 19:40:12
PAY-O-00089,O2026091800089,C0077,21380.05,UPI,FAILED,2026-09-18 08:00:29
PAY-O-00090,O2026091800090,C0089,583.4,NET_BANKING,SUCCESS,2026-09-18 09:08:31
PAY-O-00091,O2026091800091,C0066,10210.23,UPI,SUCCESS,2026-09-18 06:21:16
PAY-O-00092,O2026091800092,C0093,2303.35,WALLET,SUCCESS,2026-09-18 01:11:23
PAY-O-00093,O2026091800093,C0095,9362.1,WALLET,SUCCESS,2026-09-18 03:39:35
PAY-O-00094,O2026091800094,C0031,17624.45,CARD,SUCCESS,2026-09-18 03:38:25
PAY-O-00095,O2026091800095,C0087,2920.78,UPI,SUCCESS,2026-09-18 16:47:35
PAY-O-00096,O2026091800096,C0076,4157.6,CARD,SUCCESS,2026-09-18 10:50:35
PAY-O-00097,O2026091800097,C0043,5718.9,NET_BANKING,SUCCESS,2026-09-18 10:04:38
PAY-O-00098,O2026091800098,C0001,19769.6,WALLET,SUCCESS,2026-09-18 19:00:18
PAY-O-00099,O2026091800099,C0030,4921.16,NET_BANKING,SUCCESS,2026-09-18 18:05:30
PAY-O-00100,O2026091800100,C0075,14244.42,NET_BANKING,SUCCESS,2026-09-18 18:10:27
PAY-O-00101,O2026091800101,C0068,3556.08,NET_BANKING,SUCCESS,2026-09-18 09:29:34
PAY-O-00102,O2026091800102,C0029,2956.62,NET_BANKING,SUCCESS,2026-09-18 05:11:49
PAY-O-00103,O2026091800103,C0067,1183.54,WALLET,SUCCESS,2026-09-18 13:55:35
PAY-O-00104,O2026091800104,C0085,778.57,WALLET,SUCCESS,2026-09-18 09:45:04
PAY-O-00105,O2026091800105,C0053,1768.29,NET_BANKING,SUCCESS,2026-09-18 11:32:42
PAY-O-00106,O2026091800106,C0024,11201.68,UPI,SUCCESS,2026-09-18 18:30:19
PAY-O-00107,O2026091800107,C0058,14410.68,CARD,SUCCESS,2026-09-18 18:04:28
PAY-O-00108,O2026091800108,C0090,6769.62,WALLET,SUCCESS,2026-09-18 12:38:06
PAY-O-00109,O2026091800109,C0070,16723.24,WALLET,SUCCESS,2026-09-18 13:25:02
PAY-O-00110,O2026091800110,C0098,12915.78,UPI,SUCCESS,2026-09-18 07:21:17
PAY-O-00111,O2026091800111,C0089,8571.84,NET_BANKING,SUCCESS,2026-09-18 03:58:31
PAY-O-00112,O2026091800112,C0059,5600.84,NET_BANKING,SUCCESS,2026-09-18 08:55:14
PAY-O-00113,O2026091800113,C0088,4100.7,UPI,SUCCESS,2026-09-18 11:52:24
PAY-O-00114,O2026091800114,C0033,16030.25,NET_BANKING,SUCCESS,2026-09-18 04:29:21
PAY-O-00115,O2026091800115,C0065,10532.25,CARD,SUCCESS,2026-09-18 12:11:58
PAY-O-00116,O2026091800116,C0090,3319.14,UPI,SUCCESS,2026-09-18 05:20:12
PAY-O-00117,O2026091800117,C0070,20349.65,NET_BANKING,SUCCESS,2026-09-18 05:31:32
PAY-O-00118,O2026091800118,C0030,3761.34,NET_BANKING,SUCCESS,2026-09-18 16:03:26
PAY-O-00119,O2026091800119,C0048,12699.99,UPI,SUCCESS,2026-09-18 08:26:24
PAY-O-00120,O2026091800120,C0062,1171.22,CARD,SUCCESS,2026-09-18 16:58:28
PAY-O-00121,O2026091800121,C0009,8560.6,NET_BANKING,SUCCESS,2026-09-18 01:51:58
PAY-O-00122,O2026091800122,C0038,141.06,CARD,SUCCESS,2026-09-18 00:07:45
PAY-O-00123,O2026091800123,C0030,3844.44,WALLET,SUCCESS,2026-09-18 00:42:02
PAY-O-00124,O2026091800124,C0033,3159.08,WALLET,SUCCESS,2026-09-18 14:19:10
PAY-O-00125,O2026091800125,C0071,10137.06,WALLET,SUCCESS,2026-09-18 05:04:37
PAY-O-00127,O2026091800127,C0086,17104.04,NET_BANKING,SUCCESS,2026-09-18 21:14:51
PAY-O-00128,O2026091800128,C0093,3807.03,WALLET,SUCCESS,2026-09-18 03:36:13
PAY-O-00129,O2026091800129,C0026,2209.98,WALLET,SUCCESS,2026-09-18 01:54:28
PAY-O-00130,O2026091800130,C0002,4196.17,WALLET,SUCCESS,2026-09-18 03:08:29
PAY-O-00131,O2026091800131,C0048,4168.94,CARD,SUCCESS,2026-09-18 05:51:29
PAY-O-00132,O2026091800132,C0054,17959.56,CARD,SUCCESS,2026-09-18 17:53:35
PAY-O-00133,O2026091800133,C0040,9884.8,CARD,SUCCESS,2026-09-18 13:30:46
PAY-O-00134,O2026091800134,C0097,18992.56,WALLET,SUCCESS,2026-09-18 20:43:07
PAY-O-00135,O2026091800135,C0099,16296.3,WALLET,SUCCESS,2026-09-18 10:37:44
PAY-O-00136,O2026091800136,C0045,5575.6,UPI,SUCCESS,2026-09-18 05:12:28
PAY-O-00137,O2026091800137,C0094,11700.92,NET_BANKING,SUCCESS,2026-09-18 10:29:09
PAY-O-00138,O2026091800138,C0072,14410.68,NET_BANKING,SUCCESS,2026-09-18 14:34:07
PAY-O-00139,O2026091800139,C0057,12482.8,NET_BANKING,SUCCESS,2026-09-18 08:41:48
PAY-O-00140,O2026091800140,C0031,14002.1,WALLET,SUCCESS,2026-09-18 06:59:17
PAY-O-00141,O2026091800141,C0058,471.44,CARD,SUCCESS,2026-09-18 20:23:10
PAY-O-00142,O2026091800142,C0097,17197.2,CARD,SUCCESS,2026-09-18 02:37:48
PAY-O-00143,O2026091800143,C0096,16612.4,WALLET,SUCCESS,2026-09-18 03:05:56
PAY-O-00144,O2026091800144,C0042,10254.84,CARD,SUCCESS,2026-09-18 21:46:20
PAY-O-00145,O2026091800145,C0085,6253.41,CARD,SUCCESS,2026-09-18 14:19:18
PAY-O-00146,O2026091800146,C0091,5243.75,NET_BANKING,SUCCESS,2026-09-18 06:29:43
PAY-O-00147,O2026091800147,C0005,9884.8,CARD,SUCCESS,2026-09-18 14:34:58
PAY-O-00148,O2026091800148,C0095,877.95,WALLET,SUCCESS,2026-09-18 01:58:06
PAY-O-00149,O2026091800149,C0008,1829.08,UPI,SUCCESS,2026-09-18 21:03:07
PAY-O-00150,O2026091800150,C0021,3960.05,NET_BANKING,SUCCESS,2026-09-18 08:33:35
PAY-O-00151,O2026091800151,C0042,246.14,NET_BANKING,SUCCESS,2026-09-18 17:56:30
PAY-O-00152,O2026091800152,C0042,13896.69,UPI,SUCCESS,2026-09-18 14:25:15
PAY-O-00153,O2026091800153,C0059,10887.48,NET_BANKING,SUCCESS,2026-09-18 12:32:38
PAY-O-00154,O2026091800154,C0077,7073.16,NET_BANKING,SUCCESS,2026-09-18 03:52:37
PAY-O-00155,O2026091800155,C0020,9764.42,WALLET,SUCCESS,2026-09-18 12:48:39
PAY-O-00156,O2026091800156,C0014,1117.91,UPI,SUCCESS,2026-09-18 20:34:59
PAY-O-00157,O2026091800157,C0043,3699.16,CARD,SUCCESS,2026-09-18 10:55:32
PAY-O-00158,O2026091800158,C0025,3345.36,WALLET,SUCCESS,2026-09-18 09:09:55
PAY-O-00159,O2026091800159,C0056,2908.81,CARD,SUCCESS,2026-09-18 03:02:34
PAY-O-00160,O2026091800160,C0016,282.12,UPI,SUCCESS,2026-09-18 09:42:45
PAY-O-00161,O2026091800161,C0020,9884.8,WALLET,SUCCESS,2026-09-18 18:12:46
PAY-O-00162,O2026091800162,C0078,4381.17,NET_BANKING,SUCCESS,2026-09-18 14:30:17
PAY-O-00163,O2026091800163,C0041,3550.62,NET_BANKING,SUCCESS,2026-09-18 06:23:41
PAY-O-00164,O2026091800164,C0046,3838.05,CARD,SUCCESS,2026-09-18 14:35:05
PAY-O-00165,O2026091800165,C0072,1957.35,WALLET,SUCCESS,2026-09-18 08:57:39
PAY-O-00166,O2026091800166,C0098,1230.7,WALLET,SUCCESS,2026-09-18 05:20:36
PAY-O-00167,O2026091800167,C0070,826.23,NET_BANKING,SUCCESS,2026-09-18 19:22:14
PAY-O-00168,O2026091800168,C0092,3743.56,UPI,SUCCESS,2026-09-18 19:04:59
PAY-O-00169,O2026091800169,C0027,7887.56,UPI,SUCCESS,2026-09-18 04:51:37
PAY-O-00170,O2026091800170,C0013,5801.36,NET_BANKING,SUCCESS,2026-09-18 06:19:15
PAY-O-00171,O2026091800171,C0087,4168.94,WALLET,SUCCESS,2026-09-18 00:45:53
PAY-O-00172,O2026091800172,C0009,10703.75,WALLET,SUCCESS,2026-09-18 12:45:53
PAY-O-00173,O2026091800173,C0014,17553.75,CARD,SUCCESS,2026-09-18 04:27:53
PAY-O-00174,O2026091800174,C0077,492.28,NET_BANKING,SUCCESS,2026-09-18 17:24:42
PAY-O-00175,O2026091800175,C0073,8361.84,UPI,SUCCESS,2026-09-18 09:17:46
PAY-O-00176,O2026091800176,C0014,15228.12,CARD,SUCCESS,2026-09-18 08:47:36
PAY-O-00177,O2026091800177,C0047,11516.75,WALLET,SUCCESS,2026-09-18 05:50:35
PAY-O-00178,O2026091800178,C0064,5041.44,NET_BANKING,SUCCESS,2026-09-18 21:09:34
PAY-O-00179,O2026091800179,C0098,1219.57,WALLET,SUCCESS,2026-09-18 17:31:35
PAY-O-00180,O2026091800180,C0093,2516.28,NET_BANKING,SUCCESS,2026-09-18 17:15:36
PAY-O-00181,O2026091800181,C0029,17624.45,WALLET,SUCCESS,2026-09-18 16:56:07
PAY-O-00182,O2026091800182,C0066,17017.05,CARD,SUCCESS,2026-09-18 12:52:41
PAY-O-00183,O2026091800183,C0098,732.29,UPI,SUCCESS,2026-09-18 20:31:51
PAY-O-00184,O2026091800184,C0098,2182.35,CARD,SUCCESS,2026-09-18 15:40:12
PAY-O-00187,O2026091800187,C0055,3513.66,WALLET,SUCCESS,2026-09-18 22:46:23
PAY-O-00188,O2026091800188,C0031,3513.66,CARD,SUCCESS,2026-09-18 02:37:03
PAY-O-00190,O2026091800190,C0004,4805.55,NET_BANKING,SUCCESS,2026-09-18 13:42:19
PAY-O-00191,O2026091800191,C0016,4067.59,WALLET,SUCCESS,2026-09-18 05:29:38
PAY-O-00192,O2026091800192,C0012,429.78,WALLET,SUCCESS,2026-09-18 20:17:52
PAY-O-00193,O2026091800193,C0060,3369.38,NET_BANKING,SUCCESS,2026-09-18 05:41:35
PAY-O-00194,O2026091800194,C0079,880.86,NET_BANKING,SUCCESS,2026-09-18 02:57:26
PAY-O-00195,O2026091800195,C0070,8315.2,UPI,SUCCESS,2026-09-18 21:59:40
PAY-O-00196,O2026091800196,C0067,16933.32,WALLET,SUCCESS,2026-09-18 03:23:41
PAY-O-00197,O2026091800197,C0028,23686.4,WALLET,SUCCESS,2026-09-18 18:23:03
PAY-O-00198,O2026091800198,C0056,907.93,CARD,SUCCESS,2026-09-18 13:27:00
PAY-O-00199,O2026091800199,C0089,7625.2,CARD,SUCCESS,2026-09-18 01:17:25
PAY-O-00200,O2026091800200,C0011,4233.33,WALLET,SUCCESS,2026-09-18 15:17:33
PAY-O-00201,O2026091800201,C0095,13030.44,UPI,SUCCESS,2026-09-18 11:32:14
PAY-O-00203,O2026091800203,C0024,4731.06,CARD,SUCCESS,2026-09-18 06:46:53
PAY-O-00204,O2026091800204,C0067,12302.9,WALLET,SUCCESS,2026-09-18 11:33:20
PAY-O-00205,O2026091800205,C0053,6290.7,NET_BANKING,SUCCESS,2026-09-18 04:16:43
PAY-O-00206,O2026091800206,C0065,2252.0,UPI,SUCCESS,2026-09-18 19:40:51
PAY-O-00207,O2026091800207,C0097,6412.1,CARD,SUCCESS,2026-09-18 11:44:31
PAY-O-00208,O2026091800208,C0037,344.68,UPI,SUCCESS,2026-09-18 22:38:23
PAY-O-00209,O2026091800209,C0016,8761.74,CARD,SUCCESS,2026-09-18 20:39:46
PAY-O-00210,O2026091800210,C0065,3709.26,CARD,PENDING,2026-09-18 12:32:02
PAY-O-00211,O2026091800211,C0071,3863.98,NET_BANKING,SUCCESS,2026-09-18 13:44:51
PAY-O-00212,O2026091800212,C0049,5243.75,UPI,SUCCESS,2026-09-18 14:44:42
PAY-O-00213,O2026091800213,C0073,3761.34,UPI,SUCCESS,2026-09-18 23:38:06
PAY-O-00214,O2026091800214,C0037,574.55,NET_BANKING,SUCCESS,2026-09-18 04:23:17
PAY-O-00215,O2026091800215,C0065,550.82,CARD,SUCCESS,2026-09-18 05:57:54
PAY-O-00216,O2026091800216,C0020,9479.04,CARD,SUCCESS,2026-09-18 01:21:33
PAY-O-00217,O2026091800217,C0034,7676.1,NET_BANKING,SUCCESS,2026-09-18 13:30:54
PAY-O-00218,O2026091800218,C0096,10250.52,WALLET,SUCCESS,2026-09-18 15:17:32
PAY-O-00219,O2026091800219,C0045,4196.17,UPI,SUCCESS,2026-09-18 04:30:01
PAY-O-00220,O2026091800220,C0060,3089.42,NET_BANKING,SUCCESS,2026-09-18 18:02:15
PAY-O-00221,O2026091800221,C0037,1054.77,CARD,SUCCESS,2026-09-18 09:41:51
PAY-O-00222,O2026091800222,C0033,1377.05,UPI,SUCCESS,2026-09-18 12:13:45
PAY-O-00223,O2026091800223,C0062,6174.34,NET_BANKING,SUCCESS,2026-09-18 20:21:30
PAY-O-00224,O2026091800224,C0006,1246.92,NET_BANKING,FAILED,2026-09-18 11:56:20
PAY-O-00225,O2026091800225,C0058,9264.46,CARD,SUCCESS,2026-09-18 07:41:18
PAY-O-00226,O2026091800226,C0036,2669.87,CARD,SUCCESS,2026-09-18 02:29:15
PAY-O-00227,O2026091800227,C0086,22767.25,WALLET,SUCCESS,2026-09-18 11:41:57
PAY-O-00228,O2026091800228,C0065,6515.22,NET_BANKING,SUCCESS,2026-09-18 18:24:47
PAY-O-00229,O2026091800229,C0072,4168.94,NET_BANKING,SUCCESS,2026-09-18 01:53:50
PAY-O-00230,O2026091800230,C0029,1105.87,NET_BANKING,SUCCESS,2026-09-18 22:12:59
PAY-O-00231,O2026091800231,C0088,1254.27,NET_BANKING,SUCCESS,2026-09-18 04:57:40
PAY-O-00232,O2026091800232,C0037,2974.3,CARD,SUCCESS,2026-09-18 01:55:14
PAY-O-00233,O2026091800233,C0060,2723.79,UPI,SUCCESS,2026-09-18 06:02:07
PAY-O-00234,O2026091800234,C0015,2920.58,WALLET,SUCCESS,2026-09-18 18:58:06
PAY-O-00235,O2026091800235,C0063,11880.15,NET_BANKING,SUCCESS,2026-09-18 05:38:21
PAY-O-00236,O2026091800236,C0006,4748.14,NET_BANKING,FAILED,2026-09-18 04:27:17
PAY-O-00237,O2026091800237,C0002,899.17,WALLET,SUCCESS,2026-09-18 14:07:05
PAY-O-00238,O2026091800238,C0073,10703.75,NET_BANKING,SUCCESS,2026-09-18 02:59:25
PAY-O-00239,O2026091800239,C0018,7309.75,CARD,SUCCESS,2026-09-18 15:49:27
PAY-O-00240,O2026091800240,C0042,1768.29,NET_BANKING,SUCCESS,2026-09-18 22:49:08
PAY-O-00241,O2026091800241,C0018,563.0,NET_BANKING,SUCCESS,2026-09-18 22:46:27
PAY-O-00242,O2026091800242,C0055,3637.47,UPI,SUCCESS,2026-09-18 14:13:53
PAY-O-00243,O2026091800243,C0065,17017.05,UPI,SUCCESS,2026-09-18 15:12:55
PAY-O-00244,O2026091800244,C0046,732.29,CARD,SUCCESS,2026-09-18 16:12:53
PAY-O-00245,O2026091800245,C0096,151.73,NET_BANKING,SUCCESS,2026-09-18 20:03:14
PAY-O-00246,O2026091800246,C0047,9742.34,WALLET,SUCCESS,2026-09-18 10:20:27
PAY-O-00248,O2026091800248,C0011,3951.39,CARD,SUCCESS,2026-09-18 16:55:32
PAY-O-00249,O2026091800249,C0070,10418.88,CARD,PENDING,2026-09-18 20:06:17
PAY-O-00250,O2026091800250,C0080,3524.89,NET_BANKING,SUCCESS,2026-09-18 11:44:59
PAY-O-00251,O2026091800251,C0024,1377.05,NET_BANKING,SUCCESS,2026-09-18 05:23:58
PAY-O-00252,O2026091800252,C0078,899.17,UPI,SUCCESS,2026-09-18 23:11:53
PAY-O-00253,O2026091800253,C0097,8675.98,UPI,SUCCESS,2026-09-18 18:56:11
PAY-O-00254,O2026091800254,C0054,3769.58,NET_BANKING,SUCCESS,2026-09-18 11:14:32
PAY-O-00255,O2026091800255,C0061,4606.7,WALLET,SUCCESS,2026-09-18 16:24:03
PAY-O-00256,O2026091800256,C0069,9842.32,CARD,PENDING,2026-09-18 08:37:45
PAY-O-00257,O2026091800257,C0039,6241.4,NET_BANKING,SUCCESS,2026-09-18 20:54:39
PAY-O-00258,O2026091800258,C0008,3345.36,CARD,SUCCESS,2026-09-18 05:49:55
PAY-O-00259,O2026091800259,C0099,12582.78,NET_BANKING,SUCCESS,2026-09-18 12:27:24
PAY-O-00260,O2026091800260,C0074,13660.35,UPI,SUCCESS,2026-09-18 07:35:33
PAY-O-00261,O2026091800261,C0008,6422.25,UPI,SUCCESS,2026-09-18 07:26:09
PAY-O-00262,O2026091800262,C0018,3319.14,UPI,FAILED,2026-09-18 12:24:56
PAY-O-00263,O2026091800263,C0056,2697.51,UPI,SUCCESS,2026-09-18 14:56:04
PAY-O-00264,O2026091800264,C0058,5390.96,CARD,SUCCESS,2026-09-18 04:24:50
PAY-O-00265,O2026091800265,C0091,1815.86,UPI,SUCCESS,2026-09-18 14:36:31
PAY-O-00266,O2026091800266,C0087,3312.8,UPI,FAILED,2026-09-18 23:18:11
PAY-O-00267,O2026091800267,C0072,12542.76,CARD,SUCCESS,2026-09-18 06:52:18
PAY-O-00268,O2026091800268,C0037,9261.51,NET_BANKING,SUCCESS,2026-09-18 10:06:57
PAY-O-00269,O2026091800269,C0020,7539.16,CARD,SUCCESS,2026-09-18 21:11:54
PAY-O-00270,O2026091800270,C0073,8979.78,CARD,SUCCESS,2026-09-18 05:15:34
PAY-O-00271,O2026091800271,C0001,8598.6,UPI,SUCCESS,2026-09-18 16:29:46
PAY-O-00272,O2026091800272,C0040,4385.85,WALLET,SUCCESS,2026-09-18 15:49:25
PAY-O-00273,O2026091800273,C0035,8805.52,CARD,SUCCESS,2026-09-18 10:27:14
PAY-O-00274,O2026091800274,C0072,3114.28,WALLET,SUCCESS,2026-09-18 16:21:24
PAY-O-00275,O2026091800275,C0070,1896.68,CARD,SUCCESS,2026-09-18 08:00:19
PAY-O-00276,O2026091800276,C0061,1183.54,UPI,SUCCESS,2026-09-18 12:32:00
PAY-O-00277,O2026091800277,C0087,8726.43,CARD,FAILED,2026-09-18 10:17:11
PAY-O-00278,O2026091800278,C0021,5778.55,NET_BANKING,SUCCESS,2026-09-18 03:26:18
PAY-O-00279,O2026091800279,C0046,2095.2,CARD,SUCCESS,2026-09-18 21:50:17
PAY-O-00280,O2026091800280,C0036,5507.2,UPI,SUCCESS,2026-09-18 11:20:21
PAY-O-00281,O2026091800281,C0064,2342.44,CARD,SUCCESS,2026-09-18 14:45:37
PAY-O-00282,O2026091800282,C0005,5507.2,CARD,SUCCESS,2026-09-18 05:59:41
PAY-O-00283,O2026091800283,C0052,1726.61,CARD,SUCCESS,2026-09-18 04:45:36
PAY-O-00284,O2026091800284,C0016,344.68,NET_BANKING,FAILED,2026-09-18 08:38:35
PAY-O-00285,O2026091800285,C0001,3164.31,UPI,SUCCESS,2026-09-18 14:23:02
PAY-O-00286,O2026091800286,C0033,3743.56,UPI,PENDING,2026-09-18 23:24:27
PAY-O-00287,O2026091800287,C0002,5243.75,UPI,SUCCESS,2026-09-18 10:21:16
PAY-O-00288,O2026091800288,C0082,1074.45,UPI,SUCCESS,2026-09-18 08:58:46
PAY-O-00289,O2026091800289,C0006,2286.35,CARD,SUCCESS,2026-09-18 10:29:20
PAY-O-00290,O2026091800290,C0094,292.65,CARD,SUCCESS,2026-09-18 05:10:35
PAY-O-00291,O2026091800291,C0058,2721.87,CARD,SUCCESS,2026-09-18 08:58:52
PAY-O-00293,O2026091800293,C0059,5847.8,WALLET,SUCCESS,2026-09-18 03:58:03
PAY-O-00294,O2026091800294,C0066,12072.8,WALLET,SUCCESS,2026-09-18 02:35:53
PAY-O-00295,O2026091800295,C0034,4305.26,WALLET,SUCCESS,2026-09-18 12:58:24
PAY-O-00296,O2026091800296,C0028,3146.25,UPI,SUCCESS,2026-09-18 05:18:38
PAY-O-00297,O2026091800297,C0067,862.53,UPI,SUCCESS,2026-09-18 03:24:56
PAY-O-00298,O2026091800298,C0017,8675.98,WALLET,FAILED,2026-09-18 12:40:37
PAY-O-00299,O2026091800299,C0005,11097.48,CARD,SUCCESS,2026-09-18 19:13:27
PAY-O-00300,O2026091800300,C0052,9076.56,UPI,SUCCESS,2026-09-18 17:29:43
PAY-O-00301,O2026091800301,C0090,4706.19,NET_BANKING,SUCCESS,2026-09-18 04:03:00
PAY-O-00302,O2026091800302,C0073,16288.05,CARD,SUCCESS,2026-09-18 12:23:46
PAY-O-00304,O2026091800304,C0043,415.64,WALLET,SUCCESS,2026-09-18 12:27:57
PAY-O-00305,O2026091800305,C0002,4988.63,CARD,SUCCESS,2026-09-18 01:41:34
PAY-O-00306,O2026091800306,C0027,4495.85,WALLET,SUCCESS,2026-09-18 11:40:14
PAY-O-00307,O2026091800307,C0067,13349.35,UPI,SUCCESS,2026-09-18 15:32:27
PAY-O-00308,O2026091800308,C0058,4878.28,NET_BANKING,SUCCESS,2026-09-18 16:03:29
PAY-O-00309,O2026091800309,C0003,18495.8,UPI,SUCCESS,2026-09-18 06:25:44
PAY-O-00310,O2026091800310,C0068,13477.4,UPI,SUCCESS,2026-09-18 22:29:39
PAY-O-00311,O2026091800311,C0024,4945.68,NET_BANKING,SUCCESS,2026-09-18 07:12:30
PAY-O-00312,O2026091800312,C0020,10808.01,CARD,SUCCESS,2026-09-18 12:16:03
PAY-O-00313,O2026091800313,C0001,14040.96,UPI,SUCCESS,2026-09-18 08:11:20
PAY-O-00314,O2026091800314,C0046,9106.9,NET_BANKING,SUCCESS,2026-09-18 18:25:23
PAY-O-00315,O2026091800315,C0075,6587.37,UPI,SUCCESS,2026-09-18 05:34:12
PAY-O-00316,O2026091800316,C0019,1304.9,CARD,SUCCESS,2026-09-18 02:24:08
PAY-O-00317,O2026091800317,C0010,6253.41,UPI,SUCCESS,2026-09-18 16:42:29
PAY-O-00318,O2026091800318,C0091,14544.05,WALLET,SUCCESS,2026-09-18 15:49:04
PAY-O-00319,O2026091800319,C0070,7833.88,WALLET,SUCCESS,2026-09-18 08:42:56
PAY-O-00320,O2026091800320,C0099,4513.08,CARD,SUCCESS,2026-09-18 21:22:38
PAY-O-00321,O2026091800321,C0030,16279.72,UPI,SUCCESS,2026-09-18 12:44:06
PAY-O-00322,O2026091800322,C0096,3699.16,CARD,SUCCESS,2026-09-18 09:46:35
PAY-O-00323,O2026091800323,C0042,2311.42,WALLET,SUCCESS,2026-09-18 15:42:32
PAY-O-00324,O2026091800324,C0021,4280.3,NET_BANKING,SUCCESS,2026-09-18 14:33:39
PAY-O-00325,O2026091800325,C0015,6241.4,CARD,SUCCESS,2026-09-18 14:37:16
PAY-O-00326,O2026091800326,C0086,5817.62,CARD,SUCCESS,2026-09-18 21:38:12
PAY-O-00327,O2026091800327,C0084,1154.86,CARD,SUCCESS,2026-09-18 13:49:29
PAY-O-00328,O2026091800328,C0099,24355.85,UPI,FAILED,2026-09-18 08:50:27
PAY-O-00329,O2026091800329,C0018,4945.68,CARD,SUCCESS,2026-09-18 05:06:42
PAY-O-00330,O2026091800330,C0012,7539.16,UPI,SUCCESS,2026-09-18 19:35:54
PAY-O-00332,O2026091800332,C0015,5600.84,WALLET,SUCCESS,2026-09-18 17:45:55
PAY-O-00334,O2026091800334,C0028,4402.76,NET_BANKING,SUCCESS,2026-09-18 00:11:10
PAY-O-00335,O2026091800335,C0017,9792.35,WALLET,SUCCESS,2026-09-18 16:18:47
PAY-O-00337,O2026091800337,C0024,10210.23,CARD,SUCCESS,2026-09-18 01:53:33
PAY-O-00338,O2026091800338,C0021,6420.45,NET_BANKING,SUCCESS,2026-09-18 09:33:10
PAY-O-00339,O2026091800339,C0019,9531.5,NET_BANKING,SUCCESS,2026-09-18 16:12:46
PAY-O-00340,O2026091800340,C0089,2244.93,CARD,SUCCESS,2026-09-18 05:43:00
PAY-O-00341,O2026091800341,C0007,13251.2,NET_BANKING,SUCCESS,2026-09-18 21:15:36
PAY-O-00342,O2026091800342,C0021,6108.93,UPI,SUCCESS,2026-09-18 01:22:59
PAY-O-00343,O2026091800343,C0056,902.84,CARD,SUCCESS,2026-09-18 00:02:40
PAY-O-00344,O2026091800344,C0088,3701.94,WALLET,SUCCESS,2026-09-18 10:17:51
PAY-O-00345,O2026091800345,C0074,880.86,WALLET,SUCCESS,2026-09-18 14:07:45
PAY-O-00346,O2026091800346,C0015,1257.12,CARD,SUCCESS,2026-09-18 11:43:10
PAY-O-00347,O2026091800347,C0027,10887.48,UPI,SUCCESS,2026-09-18 21:10:07
PAY-O-00348,O2026091800348,C0014,275.41,UPI,SUCCESS,2026-09-18 04:27:14
PAY-O-00349,O2026091800349,C0028,3658.71,NET_BANKING,PENDING,2026-09-18 07:58:07
PAY-O-00350,O2026091800350,C0073,3345.36,CARD,SUCCESS,2026-09-18 00:08:30
PAY-O-00351,O2026091800351,C0028,2925.23,WALLET,SUCCESS,2026-09-18 00:32:35
PAY-O-00352,O2026091800352,C0055,24411.05,WALLET,SUCCESS,2026-09-18 02:35:40
PAY-O-00353,O2026091800353,C0022,7243.68,NET_BANKING,SUCCESS,2026-09-18 20:25:37
PAY-O-00354,O2026091800354,C0094,1117.91,NET_BANKING,SUCCESS,2026-09-18 11:55:27
PAY-O-00355,O2026091800355,C0070,2721.87,UPI,SUCCESS,2026-09-18 09:12:29
PAY-O-00356,O2026091800356,C0044,2196.87,CARD,SUCCESS,2026-09-18 07:55:07
PAY-O-00357,O2026091800357,C0051,9842.32,NET_BANKING,SUCCESS,2026-09-18 01:34:17
PAY-O-00358,O2026091800358,C0080,6051.04,UPI,SUCCESS,2026-09-18 22:32:38
PAY-O-00359,O2026091800359,C0085,4638.72,WALLET,SUCCESS,2026-09-18 20:19:37
PAY-O-00360,O2026091800360,C0071,585.3,CARD,SUCCESS,2026-09-18 01:47:04
PAY-O-00361,O2026091800361,C0039,5467.6,WALLET,SUCCESS,2026-09-18 23:17:54
PAY-O-00363,O2026091800363,C0007,151.73,CARD,SUCCESS,2026-09-18 20:40:21
PAY-O-00364,O2026091800364,C0089,18163.24,CARD,SUCCESS,2026-09-18 18:11:38
PAY-O-00365,O2026091800365,C0053,2920.58,UPI,SUCCESS,2026-09-18 09:06:21
PAY-O-00366,O2026091800366,C0053,9213.4,UPI,SUCCESS,2026-09-18 04:09:16
PAY-O-00368,O2026091800368,C0015,689.36,NET_BANKING,SUCCESS,2026-09-18 09:31:59
PAY-O-00370,O2026091800370,C0019,17351.96,CARD,SUCCESS,2026-09-18 00:24:55
PAY-O-00371,O2026091800371,C0006,15127.6,UPI,SUCCESS,2026-09-18 19:21:01
PAY-O-00372,O2026091800372,C0088,11626.6,UPI,SUCCESS,2026-09-18 10:22:33
PAY-O-00373,O2026091800373,C0090,2920.58,CARD,SUCCESS,2026-09-18 22:59:46
PAY-O-00374,O2026091800374,C0038,10181.55,NET_BANKING,SUCCESS,2026-09-18 03:18:30
PAY-O-00375,O2026091800375,C0095,7487.12,UPI,SUCCESS,2026-09-18 23:23:19
PAY-O-00376,O2026091800376,C0068,2298.2,NET_BANKING,SUCCESS,2026-09-18 08:31:12
PAY-O-00377,O2026091800377,C0059,4351.02,UPI,SUCCESS,2026-09-18 16:43:25
PAY-O-00378,O2026091800378,C0055,6604.14,UPI,SUCCESS,2026-09-18 08:24:01
PAY-O-00379,O2026091800379,C0020,1885.76,CARD,SUCCESS,2026-09-18 02:57:08
PAY-O-00380,O2026091800380,C0078,3378.46,CARD,SUCCESS,2026-09-18 17:44:49
PAY-O-00381,O2026091800381,C0088,4495.85,WALLET,SUCCESS,2026-09-18 14:47:47
PAY-O-00382,O2026091800382,C0040,12459.3,UPI,SUCCESS,2026-09-18 19:56:07
PAY-O-00383,O2026091800383,C0041,157.56,WALLET,SUCCESS,2026-09-18 14:38:38
PAY-O-00384,O2026091800384,C0005,20349.65,WALLET,SUCCESS,2026-09-18 09:36:41
PAY-O-00385,O2026091800385,C0084,5398.98,NET_BANKING,SUCCESS,2026-09-18 15:49:25
PAY-O-00386,O2026091800386,C0006,10781.92,WALLET,SUCCESS,2026-09-18 14:18:02
PAY-O-00387,O2026091800387,C0005,3362.81,WALLET,SUCCESS,2026-09-18 04:20:57
PAY-O-00388,O2026091800388,C0092,2516.28,WALLET,SUCCESS,2026-09-18 03:05:26
PAY-O-00389,O2026091800389,C0018,5041.44,UPI,SUCCESS,2026-09-18 07:55:08
PAY-O-00390,O2026091800390,C0075,13030.44,CARD,SUCCESS,2026-09-18 02:17:10
PAY-O-00391,O2026091800391,C0027,8051.96,UPI,SUCCESS,2026-09-18 02:59:01
PAY-O-00392,O2026091800392,C0005,14002.1,NET_BANKING,SUCCESS,2026-09-18 10:43:05
PAY-O-00393,O2026091800393,C0066,8560.6,NET_BANKING,SUCCESS,2026-09-18 01:56:45
PAY-O-00394,O2026091800394,C0047,8560.6,NET_BANKING,SUCCESS,2026-09-18 12:07:12
PAY-O-00395,O2026091800395,C0043,5847.8,WALLET,SUCCESS,2026-09-18 07:04:49
PAY-O-00396,O2026091800396,C0079,4935.92,UPI,SUCCESS,2026-09-18 08:37:49
PAY-O-00397,O2026091800397,C0039,6301.8,NET_BANKING,SUCCESS,2026-09-18 15:07:34
PAY-O-00398,O2026091800398,C0026,4471.64,UPI,SUCCESS,2026-09-18 22:05:01
PAY-O-00399,O2026091800399,C0065,2230.24,UPI,SUCCESS,2026-09-18 08:32:20
PAY-O-00400,O2026091800400,C0052,961.11,UPI,SUCCESS,2026-09-18 14:44:06
PAY-O-00401,O2026091800401,C0006,9884.8,UPI,SUCCESS,2026-09-18 17:58:39
PAY-O-00402,O2026091800402,C0021,4423.48,UPI,SUCCESS,2026-09-18 21:40:43
PAY-O-00403,O2026091800403,C0052,19800.25,UPI,SUCCESS,2026-09-18 07:03:25
PAY-O-00404,O2026091800404,C0096,8009.61,NET_BANKING,SUCCESS,2026-09-18 13:26:11
PAY-O-00405,O2026091800405,C0029,21166.65,UPI,SUCCESS,2026-09-18 19:14:07
PAY-O-00406,O2026091800406,C0075,14433.32,UPI,SUCCESS,2026-09-18 02:25:43
PAY-O-00407,O2026091800407,C0055,15805.56,UPI,FAILED,2026-09-18 09:56:27
PAY-O-00408,O2026091800408,C0036,287.51,NET_BANKING,SUCCESS,2026-09-18 23:55:42
PAY-O-00409,O2026091800409,C0081,11626.6,NET_BANKING,SUCCESS,2026-09-18 09:09:52
PAY-O-00410,O2026091800410,C0063,3769.58,WALLET,FAILED,2026-09-18 02:32:15
PAY-O-00411,O2026091800411,C0007,1799.66,NET_BANKING,SUCCESS,2026-09-18 19:34:56
PAY-O-00413,O2026091800413,C0012,1105.87,CARD,SUCCESS,2026-09-18 06:27:03
PAY-O-00414,O2026091800414,C0032,13325.79,UPI,SUCCESS,2026-09-18 23:06:31
PAY-O-00415,O2026091800415,C0071,15775.12,NET_BANKING,SUCCESS,2026-09-18 17:59:53
PAY-O-00416,O2026091800416,C0057,3854.8,WALLET,SUCCESS,2026-09-18 17:50:57
PAY-O-00417,O2026091800417,C0061,5841.56,WALLET,SUCCESS,2026-09-18 12:41:17
PAY-O-00418,O2026091800418,C0047,2416.44,CARD,SUCCESS,2026-09-18 06:45:35
PAY-O-00419,O2026091800419,C0026,2906.65,WALLET,SUCCESS,2026-09-18 10:41:11
PAY-O-00420,O2026091800420,C0050,7833.88,NET_BANKING,SUCCESS,2026-09-18 20:51:31
PAY-O-00421,O2026091800421,C0046,577.43,WALLET,SUCCESS,2026-09-18 23:18:25
PAY-O-00422,O2026091800422,C0090,472.68,CARD,SUCCESS,2026-09-18 01:36:33
PAY-O-00423,O2026091800423,C0099,5304.87,UPI,SUCCESS,2026-09-18 22:44:55
PAY-O-00424,O2026091800424,C0063,6271.35,CARD,SUCCESS,2026-09-18 13:23:01
PAY-O-00425,O2026091800425,C0025,8315.2,UPI,SUCCESS,2026-09-18 06:07:03
PAY-O-00426,O2026091800426,C0008,16895.1,CARD,SUCCESS,2026-09-18 07:53:42
PAY-O-00427,O2026091800427,C0069,11421.09,UPI,SUCCESS,2026-09-18 01:47:40
PAY-O-00428,O2026091800428,C0025,21669.15,CARD,SUCCESS,2026-09-18 16:00:54
PAY-O-00429,O2026091800429,C0078,10108.14,CARD,SUCCESS,2026-09-18 07:29:13
PAY-O-00430,O2026091800430,C0079,1829.08,NET_BANKING,SUCCESS,2026-09-18 17:51:39
PAY-O-00431,O2026091800431,C0074,1768.29,NET_BANKING,SUCCESS,2026-09-18 03:43:09
PAY-O-00432,O2026091800432,C0010,689.36,UPI,SUCCESS,2026-09-18 19:09:07
PAY-O-00433,O2026091800433,C0088,1154.86,UPI,SUCCESS,2026-09-18 02:51:20
PAY-O-00434,O2026091800434,C0016,7614.06,UPI,SUCCESS,2026-09-18 08:34:00
PAY-O-00435,O2026091800435,C0074,4963.9,WALLET,SUCCESS,2026-09-18 06:52:19
PAY-O-00436,O2026091800436,C0004,3892.85,NET_BANKING,SUCCESS,2026-09-18 22:25:14
PAY-O-00437,O2026091800437,C0024,472.68,WALLET,FAILED,2026-09-18 10:34:11
PAY-O-00439,O2026091800439,C0052,16814.05,CARD,SUCCESS,2026-09-18 08:03:49
PAY-O-00440,O2026091800440,C0030,3709.26,WALLET,SUCCESS,2026-09-18 04:05:53
PAY-O-00441,O2026091800441,C0001,10108.14,NET_BANKING,SUCCESS,2026-09-18 05:37:27
PAY-O-00442,O2026091800442,C0052,3403.41,CARD,SUCCESS,2026-09-18 16:36:17
PAY-O-00443,O2026091800443,C0009,862.53,WALLET,SUCCESS,2026-09-18 19:16:02
PAY-O-00444,O2026091800444,C0070,2695.48,NET_BANKING,SUCCESS,2026-09-18 11:36:57
PAY-O-00445,O2026091800445,C0052,2182.35,WALLET,SUCCESS,2026-09-18 04:59:11
PAY-O-00446,O2026091800446,C0060,9659.95,UPI,FAILED,2026-09-18 18:19:17
PAY-O-00447,O2026091800447,C0061,7614.06,WALLET,SUCCESS,2026-09-18 08:02:05
PAY-O-00448,O2026091800448,C0069,2872.75,WALLET,SUCCESS,2026-09-18 03:13:47
PAY-O-00449,O2026091800449,C0010,4276.01,NET_BANKING,SUCCESS,2026-09-18 08:26:33
PAY-O-00450,O2026091800450,C0018,1662.56,NET_BANKING,SUCCESS,2026-09-18 21:27:13
PAY-O-00451,O2026091800451,C0083,4748.14,NET_BANKING,SUCCESS,2026-09-18 04:54:43
PAY-O-00452,O2026091800452,C0049,3699.16,NET_BANKING,SUCCESS,2026-09-18 11:47:48
PAY-O-00453,O2026091800453,C0015,7885.1,CARD,SUCCESS,2026-09-18 20:25:17
PAY-O-00454,O2026091800454,C0070,17104.04,NET_BANKING,SUCCESS,2026-09-18 20:39:43
PAY-O-00455,O2026091800455,C0049,7398.32,CARD,SUCCESS,2026-09-18 19:07:05
PAY-O-00456,O2026091800456,C0087,8446.15,WALLET,SUCCESS,2026-09-18 15:07:16
PAY-O-00457,O2026091800457,C0015,6108.93,WALLET,SUCCESS,2026-09-18 10:31:36
PAY-O-00458,O2026091800458,C0010,3637.47,CARD,SUCCESS,2026-09-18 07:17:08
PAY-O-00459,O2026091800459,C0065,6515.22,WALLET,SUCCESS,2026-09-18 10:34:17
PAY-O-00460,O2026091800460,C0068,18100.48,WALLET,SUCCESS,2026-09-18 14:06:02
PAY-O-00461,O2026091800461,C0077,11831.34,WALLET,SUCCESS,2026-09-18 20:00:18
PAY-O-00462,O2026091800462,C0070,8392.34,WALLET,SUCCESS,2026-09-18 16:02:50
PAY-O-00463,O2026091800463,C0059,3741.55,NET_BANKING,SUCCESS,2026-09-18 08:38:39
PAY-O-00464,O2026091800464,C0035,282.12,NET_BANKING,SUCCESS,2026-09-18 19:57:36
PAY-O-00465,O2026091800465,C0026,1778.04,WALLET,SUCCESS,2026-09-18 23:42:10
PAY-O-00466,O2026091800466,C0039,12543.72,CARD,SUCCESS,2026-09-18 11:07:58
PAY-O-00467,O2026091800467,C0070,3164.31,CARD,SUCCESS,2026-09-18 08:47:35
PAY-O-00468,O2026091800468,C0087,18213.8,WALLET,SUCCESS,2026-09-18 06:35:03
PAY-O-00469,O2026091800469,C0016,5032.56,UPI,SUCCESS,2026-09-18 10:48:48
PAY-O-00470,O2026091800470,C0048,10254.84,NET_BANKING,FAILED,2026-09-18 23:00:14
PAY-O-00471,O2026091800471,C0039,10169.48,NET_BANKING,SUCCESS,2026-09-18 18:32:32
PAY-O-00472,O2026091800472,C0080,14211.84,UPI,SUCCESS,2026-09-18 09:46:35
PAY-O-00473,O2026091800473,C0046,1464.58,UPI,SUCCESS,2026-09-18 21:45:33
PAY-O-00474,O2026091800474,C0032,492.28,NET_BANKING,SUCCESS,2026-09-18 09:40:09
PAY-O-00475,O2026091800475,C0071,4942.4,UPI,FAILED,2026-09-18 23:51:17
PAY-O-00476,O2026091800476,C0006,652.45,NET_BANKING,SUCCESS,2026-09-18 18:51:32
PAY-O-00477,O2026091800477,C0094,4988.63,WALLET,SUCCESS,2026-09-18 19:35:27
PAY-O-00478,O2026091800478,C0018,6518.52,UPI,SUCCESS,2026-09-18 20:44:05
PAY-O-00479,O2026091800479,C0051,17084.2,WALLET,SUCCESS,2026-09-18 03:27:10
PAY-O-00480,O2026091800480,C0024,4731.06,CARD,SUCCESS,2026-09-18 23:09:58
PAY-O-00481,O2026091800481,C0058,1455.02,UPI,SUCCESS,2026-09-18 23:31:47
PAY-O-00482,O2026091800482,C0031,1414.32,WALLET,SUCCESS,2026-09-18 07:42:27
PAY-O-00483,O2026091800483,C0071,10554.18,WALLET,SUCCESS,2026-09-18 03:10:50
PAY-O-00484,O2026091800484,C0041,861.7,UPI,SUCCESS,2026-09-18 04:26:18
PAY-O-00485,O2026091800485,C0075,17551.2,NET_BANKING,SUCCESS,2026-09-18 13:11:43
PAY-O-00486,O2026091800486,C0003,16279.72,WALLET,SUCCESS,2026-09-18 07:44:50
PAY-O-00487,O2026091800487,C0013,10137.06,CARD,SUCCESS,2026-09-18 08:58:57
PAY-O-00489,O2026091800489,C0047,151.73,WALLET,SUCCESS,2026-09-18 13:25:36
PAY-O-00490,O2026091800490,C0100,2424.98,UPI,SUCCESS,2026-09-18 06:19:29
PAY-O-00491,O2026091800491,C0082,11201.68,UPI,SUCCESS,2026-09-18 04:48:35
PAY-O-00492,O2026091800492,C0080,2920.78,UPI,SUCCESS,2026-09-18 05:00:26
PAY-O-00493,O2026091800493,C0089,4871.17,UPI,SUCCESS,2026-09-18 14:56:38
PAY-O-00494,O2026091800494,C0015,7036.12,NET_BANKING,SUCCESS,2026-09-18 21:04:55
PAY-O-00495,O2026091800495,C0014,3369.38,CARD,SUCCESS,2026-09-18 10:11:54
PAY-O-00496,O2026091800496,C0043,4553.45,CARD,SUCCESS,2026-09-18 10:37:37
PAY-O-00497,O2026091800497,C0046,2357.2,NET_BANKING,SUCCESS,2026-09-18 09:18:13
PAY-O-00498,O2026091800498,C0077,13575.36,CARD,SUCCESS,2026-09-18 02:31:28
PAY-O-00499,O2026091800499,C0032,9531.5,NET_BANKING,SUCCESS,2026-09-18 21:43:51
PAY-O-00500,O2026091800500,C0089,862.53,UPI,SUCCESS,2026-09-18 08:57:30
PAY-O-00501,O2026091800501,C0049,606.92,WALLET,SUCCESS,2026-09-18 22:59:00
PAY-O-00502,O2026091800502,C0058,10064.95,NET_BANKING,SUCCESS,2026-09-18 08:51:09
PAY-O-00503,O2026091800503,C0074,3379.02,CARD,SUCCESS,2026-09-18 04:06:35
PAY-O-00504,O2026091800504,C0061,574.55,NET_BANKING,SUCCESS,2026-09-18 05:38:43
PAY-O-00505,O2026091800505,C0003,2920.78,UPI,SUCCESS,2026-09-18 09:28:04
PAY-O-00506,O2026091800506,C0004,8337.88,UPI,SUCCESS,2026-09-18 05:36:03
PAY-O-00507,O2026091800507,C0001,4622.84,WALLET,SUCCESS,2026-09-18 00:19:14
PAY-O-00508,O2026091800508,C0071,9637.0,NET_BANKING,SUCCESS,2026-09-18 14:09:57
PAY-O-00509,O2026091800509,C0098,9076.56,NET_BANKING,SUCCESS,2026-09-18 05:47:47
PAY-O-00510,O2026091800510,C0096,7614.06,NET_BANKING,SUCCESS,2026-09-18 23:56:41
PAY-O-00511,O2026091800511,C0074,17351.96,CARD,SUCCESS,2026-09-18 15:57:38
PAY-O-00512,O2026091800512,C0049,1171.22,WALLET,SUCCESS,2026-09-18 21:00:20
PAY-O-00513,O2026091800513,C0051,4882.21,NET_BANKING,SUCCESS,2026-09-18 10:02:33
PAY-O-00514,O2026091800514,C0019,7897.7,NET_BANKING,SUCCESS,2026-09-18 11:17:42
PAY-O-00515,O2026091800515,C0070,292.65,WALLET,SUCCESS,2026-09-18 13:42:53
PAY-O-00516,O2026091800516,C0045,12857.76,NET_BANKING,SUCCESS,2026-09-18 04:32:06
PAY-O-00517,O2026091800517,C0066,3769.58,WALLET,SUCCESS,2026-09-18 11:40:45
PAY-O-00518,O2026091800518,C0014,7205.34,CARD,SUCCESS,2026-09-18 02:30:09
PAY-O-00519,O2026091800519,C0082,1463.25,UPI,SUCCESS,2026-09-18 12:10:05
PAY-O-00520,O2026091800520,C0056,880.86,NET_BANKING,SUCCESS,2026-09-18 02:45:07
PAY-O-00521,O2026091800521,C0039,5575.6,WALLET,PENDING,2026-09-18 22:13:15
PAY-O-00522,O2026091800522,C0030,7249.32,WALLET,SUCCESS,2026-09-18 20:55:20
PAY-O-00523,O2026091800523,C0082,3467.13,UPI,SUCCESS,2026-09-18 21:32:02
PAY-O-00524,O2026091800524,C0056,3661.45,NET_BANKING,SUCCESS,2026-09-18 11:02:26
PAY-O-00525,O2026091800525,C0053,992.78,CARD,FAILED,2026-09-18 21:56:40
PAY-O-00526,O2026091800526,C0048,20337.95,CARD,SUCCESS,2026-09-18 17:32:05
PAY-O-00527,O2026091800527,C0034,22209.65,CARD,SUCCESS,2026-09-18 16:53:58
PAY-O-00528,O2026091800528,C0050,15127.6,UPI,SUCCESS,2026-09-18 16:19:41
PAY-O-00529,O2026091800529,C0021,1454.9,WALLET,SUCCESS,2026-09-18 08:45:14
PAY-O-00530,O2026091800530,C0062,2993.24,NET_BANKING,SUCCESS,2026-09-18 23:14:44
PAY-O-00531,O2026091800531,C0089,9792.35,WALLET,SUCCESS,2026-09-18 12:33:28
PAY-O-00532,O2026091800532,C0091,3916.94,CARD,SUCCESS,2026-09-18 18:20:18
PAY-O-00533,O2026091800533,C0040,3916.94,WALLET,PENDING,2026-09-18 07:44:44
PAY-O-00534,O2026091800534,C0045,4553.45,CARD,SUCCESS,2026-09-18 21:29:32
PAY-O-00535,O2026091800535,C0074,5841.16,NET_BANKING,SUCCESS,2026-09-18 02:30:36
PAY-O-00536,O2026091800536,C0015,1149.1,CARD,SUCCESS,2026-09-18 05:22:59
PAY-O-00537,O2026091800537,C0061,5304.87,UPI,SUCCESS,2026-09-18 08:50:31
PAY-O-00538,O2026091800538,C0046,859.56,WALLET,SUCCESS,2026-09-18 00:27:41
PAY-O-00539,O2026091800539,C0044,4219.08,WALLET,SUCCESS,2026-09-18 11:39:54
PAY-O-00540,O2026091800540,C0032,3596.68,WALLET,SUCCESS,2026-09-18 00:43:36
PAY-O-00541,O2026091800541,C0038,5813.3,NET_BANKING,SUCCESS,2026-09-18 05:55:09
PAY-O-00542,O2026091800542,C0066,14613.51,NET_BANKING,SUCCESS,2026-09-18 09:18:29
PAY-O-00543,O2026091800543,C0034,3087.17,WALLET,SUCCESS,2026-09-18 20:24:39
PAY-O-00545,O2026091800545,C0014,7243.68,WALLET,SUCCESS,2026-09-18 22:04:52
PAY-O-00546,O2026091800546,C0039,1662.56,WALLET,SUCCESS,2026-09-18 01:02:15
PAY-O-00547,O2026091800547,C0012,12582.78,NET_BANKING,SUCCESS,2026-09-18 13:16:02
PAY-O-00548,O2026091800548,C0037,19190.25,WALLET,SUCCESS,2026-09-18 04:06:15
PAY-O-00550,O2026091800550,C0044,7627.11,WALLET,SUCCESS,2026-09-18 20:02:14
PAY-O-00551,O2026091800551,C0073,2095.2,CARD,SUCCESS,2026-09-18 14:25:38
PAY-O-00552,O2026091800552,C0003,2906.65,NET_BANKING,SUCCESS,2026-09-18 20:18:07
PAY-O-00554,O2026091800554,C0093,4836.11,NET_BANKING,SUCCESS,2026-09-18 06:20:13
PAY-O-00555,O2026091800555,C0025,6769.62,UPI,SUCCESS,2026-09-18 22:13:07
PAY-O-00556,O2026091800556,C0090,1805.68,CARD,SUCCESS,2026-09-18 23:53:13
PAY-O-00557,O2026091800557,C0094,7398.32,UPI,SUCCESS,2026-09-18 03:03:45
PAY-O-00558,O2026091800558,C0046,1212.49,WALLET,SUCCESS,2026-09-18 10:29:40
PAY-O-00559,O2026091800559,C0100,7614.06,NET_BANKING,SUCCESS,2026-09-18 10:36:59
PAY-O-00560,O2026091800560,C0089,1170.6,CARD,SUCCESS,2026-09-18 07:33:44
PAY-O-00561,O2026091800561,C0079,1463.25,CARD,PENDING,2026-09-18 18:12:28
PAY-O-00562,O2026091800562,C0094,19769.6,NET_BANKING,FAILED,2026-09-18 10:22:13
PAY-O-00563,O2026091800563,C0098,7887.56,CARD,SUCCESS,2026-09-18 22:21:01
PAY-O-00564,O2026091800564,C0053,748.31,WALLET,SUCCESS,2026-09-18 03:09:49
PAY-O-00565,O2026091800565,C0044,16784.68,CARD,FAILED,2026-09-18 18:16:14
PAY-O-00566,O2026091800566,C0060,12543.72,UPI,SUCCESS,2026-09-18 10:00:08
PAY-O-00567,O2026091800567,C0014,583.4,NET_BANKING,FAILED,2026-09-18 02:42:42
PAY-O-00568,O2026091800568,C0002,246.14,UPI,SUCCESS,2026-09-18 03:39:04
PAY-O-00569,O2026091800569,C0092,4978.71,UPI,SUCCESS,2026-09-18 11:00:27
PAY-O-00570,O2026091800570,C0088,861.7,NET_BANKING,PENDING,2026-09-18 01:34:05
PAY-O-00571,O2026091800571,C0097,21166.65,CARD,SUCCESS,2026-09-18 00:03:35
PAY-O-00572,O2026091800572,C0012,4441.93,CARD,SUCCESS,2026-09-18 23:07:47
PAY-O-00573,O2026091800573,C0016,11897.2,NET_BANKING,FAILED,2026-09-18 15:07:07
PAY-O-00574,O2026091800574,C0059,24712.0,UPI,SUCCESS,2026-09-18 18:05:07
PAY-O-00575,O2026091800575,C0017,2439.14,CARD,SUCCESS,2026-09-18 12:19:47
PAY-O-00576,O2026091800576,C0096,575.02,WALLET,SUCCESS,2026-09-18 19:14:17
PAY-O-00577,O2026091800577,C0060,2209.98,NET_BANKING,SUCCESS,2026-09-18 20:22:56
PAY-O-00578,O2026091800578,C0076,6518.52,WALLET,SUCCESS,2026-09-18 22:34:11
PAY-O-00579,O2026091800579,C0012,5782.2,NET_BANKING,SUCCESS,2026-09-18 11:25:12
PAY-O-00580,O2026091800580,C0087,3658.71,CARD,SUCCESS,2026-09-18 01:05:03
PAY-O-00582,O2026091800582,C0087,12897.9,UPI,SUCCESS,2026-09-18 14:23:26
PAY-O-00584,O2026091800584,C0036,17084.2,UPI,SUCCESS,2026-09-18 08:43:22
PAY-O-00585,O2026091800585,C0090,12711.85,CARD,SUCCESS,2026-09-18 13:22:13
PAY-O-00586,O2026091800586,C0042,2078.8,NET_BANKING,SUCCESS,2026-09-18 12:08:57
PAY-O-00588,O2026091800588,C0044,1726.61,UPI,SUCCESS,2026-09-18 14:35:41
PAY-O-00589,O2026091800589,C0095,19344.44,CARD,SUCCESS,2026-09-18 06:40:10
PAY-O-00590,O2026091800590,C0014,4942.4,NET_BANKING,SUCCESS,2026-09-18 04:05:49
PAY-O-00591,O2026091800591,C0016,4195.0,WALLET,SUCCESS,2026-09-18 17:26:43
PAY-O-00593,O2026091800593,C0044,2369.76,UPI,SUCCESS,2026-09-18 13:59:11
PAY-O-00594,O2026091800594,C0055,15127.6,WALLET,SUCCESS,2026-09-18 04:14:28
PAY-O-00595,O2026091800595,C0092,4180.92,CARD,SUCCESS,2026-09-18 14:26:07
PAY-O-00596,O2026091800596,C0035,2244.93,CARD,SUCCESS,2026-09-18 18:52:47
PAY-O-00597,O2026091800597,C0044,3524.89,WALLET,SUCCESS,2026-09-18 18:44:31
PAY-O-00598,O2026091800598,C0055,3416.84,WALLET,SUCCESS,2026-09-18 21:47:38
PAY-O-00599,O2026091800599,C0038,23740.7,CARD,SUCCESS,2026-09-18 21:06:34
PAY-O-00600,O2026091800600,C0023,2917.0,NET_BANKING,SUCCESS,2026-09-18 13:11:38
PAY-O-00601,O2026091800601,C0012,1260.36,WALLET,SUCCESS,2026-09-18 04:44:30
PAY-O-00602,O2026091800602,C0053,2978.34,NET_BANKING,PENDING,2026-09-18 07:32:50
PAY-O-00603,O2026091800603,C0038,1233.98,CARD,SUCCESS,2026-09-18 03:32:38
PAY-O-00604,O2026091800604,C0071,2460.58,CARD,SUCCESS,2026-09-18 16:11:25
PAY-O-00605,O2026091800605,C0004,20906.2,NET_BANKING,SUCCESS,2026-09-18 12:28:05
PAY-O-00606,O2026091800606,C0090,5443.74,NET_BANKING,SUCCESS,2026-09-18 11:59:57
PAY-O-00607,O2026091800607,C0044,6756.92,CARD,SUCCESS,2026-09-18 21:17:11
PAY-O-00608,O2026091800608,C0006,1230.7,UPI,SUCCESS,2026-09-18 14:57:36
PAY-O-00609,O2026091800609,C0049,1354.26,UPI,SUCCESS,2026-09-18 12:07:33
PAY-O-00611,O2026091800611,C0001,8139.86,NET_BANKING,SUCCESS,2026-09-18 15:50:22
PAY-O-00612,O2026091800612,C0055,1260.36,CARD,SUCCESS,2026-09-18 01:14:15
PAY-O-00613,O2026091800613,C0009,24712.0,NET_BANKING,SUCCESS,2026-09-18 19:13:03
PAY-O-00614,O2026091800614,C0020,5179.83,UPI,SUCCESS,2026-09-18 00:05:43
PAY-O-00615,O2026091800615,C0018,3164.31,UPI,SUCCESS,2026-09-18 08:01:54
PAY-O-00616,O2026091800616,C0099,15805.56,WALLET,SUCCESS,2026-09-18 02:06:11
PAY-O-00617,O2026091800617,C0059,3319.14,CARD,SUCCESS,2026-09-18 02:38:54
PAY-O-00618,O2026091800618,C0082,214.89,WALLET,SUCCESS,2026-09-18 08:26:06
PAY-O-00619,O2026091800619,C0028,14043.0,NET_BANKING,SUCCESS,2026-09-18 03:12:23
PAY-O-00620,O2026091800620,C0066,8362.48,WALLET,SUCCESS,2026-09-18 17:50:27
PAY-O-00621,O2026091800621,C0030,8009.61,UPI,SUCCESS,2026-09-18 20:42:41
PAY-O-00622,O2026091800622,C0066,1258.14,UPI,SUCCESS,2026-09-18 21:47:23
PAY-O-00623,O2026091800623,C0098,4495.85,UPI,SUCCESS,2026-09-18 16:14:54
PAY-O-00625,O2026091800625,C0064,14871.5,NET_BANKING,FAILED,2026-09-18 16:43:00
PAY-O-00626,O2026091800626,C0044,14118.57,UPI,SUCCESS,2026-09-18 15:41:45
PAY-O-00627,O2026091800627,C0020,3812.6,UPI,SUCCESS,2026-09-18 16:38:40
PAY-O-00629,O2026091800629,C0088,2256.54,UPI,SUCCESS,2026-09-18 03:03:40
PAY-O-00630,O2026091800630,C0093,24180.55,WALLET,SUCCESS,2026-09-18 06:04:07
PAY-O-00631,O2026091800631,C0017,3259.26,WALLET,SUCCESS,2026-09-18 09:45:39
PAY-O-00632,O2026091800632,C0022,1985.56,WALLET,SUCCESS,2026-09-18 18:41:48
PAY-O-00633,O2026091800633,C0050,7021.5,CARD,SUCCESS,2026-09-18 20:39:39
PAY-O-00634,O2026091800634,C0028,1230.7,WALLET,SUCCESS,2026-09-18 20:10:46
PAY-O-00635,O2026091800635,C0074,16723.68,WALLET,SUCCESS,2026-09-18 13:47:25
PAY-O-00636,O2026091800636,C0087,7198.64,WALLET,SUCCESS,2026-09-18 10:34:08
PAY-O-00637,O2026091800637,C0020,1454.9,UPI,SUCCESS,2026-09-18 15:52:46
PAY-O-00639,O2026091800639,C0091,13667.36,NET_BANKING,SUCCESS,2026-09-18 12:15:16
PAY-O-00640,O2026091800640,C0006,9884.8,NET_BANKING,SUCCESS,2026-09-18 20:31:30
PAY-O-00641,O2026091800641,C0050,23161.15,NET_BANKING,SUCCESS,2026-09-18 08:18:00
PAY-O-00642,O2026091800642,C0030,1371.81,NET_BANKING,SUCCESS,2026-09-18 08:57:50
PAY-O-00643,O2026091800643,C0074,7398.32,WALLET,SUCCESS,2026-09-18 01:41:37
PAY-O-00646,O2026091800646,C0066,17959.56,CARD,SUCCESS,2026-09-18 17:37:50
PAY-O-00647,O2026091800647,C0028,8401.26,UPI,SUCCESS,2026-09-18 06:11:55
PAY-O-00648,O2026091800648,C0014,7731.2,CARD,SUCCESS,2026-09-18 06:36:24
PAY-O-00649,O2026091800649,C0091,7381.74,CARD,SUCCESS,2026-09-18 22:04:39
PAY-O-00650,O2026091800650,C0071,1557.14,WALLET,SUCCESS,2026-09-18 09:48:52
PAY-O-00652,O2026091800652,C0005,5850.46,NET_BANKING,SUCCESS,2026-09-18 15:30:43
PAY-O-00653,O2026091800653,C0024,2900.68,NET_BANKING,SUCCESS,2026-09-18 17:58:24
PAY-O-00654,O2026091800654,C0024,6806.82,UPI,SUCCESS,2026-09-18 19:34:34
PAY-O-00655,O2026091800655,C0083,15603.5,WALLET,SUCCESS,2026-09-18 06:13:47
PAY-O-00656,O2026091800656,C0042,4404.3,CARD,SUCCESS,2026-09-18 07:15:41
PAY-O-00657,O2026091800657,C0091,3793.36,NET_BANKING,SUCCESS,2026-09-18 16:13:35
PAY-O-00658,O2026091800658,C0087,5913.24,UPI,SUCCESS,2026-09-18 15:16:50
PAY-O-00659,O2026091800659,C0074,1171.22,UPI,SUCCESS,2026-09-18 18:44:45
PAY-O-00660,O2026091800660,C0098,492.28,UPI,SUCCESS,2026-09-18 03:27:31
PAY-O-00661,O2026091800661,C0009,880.86,CARD,SUCCESS,2026-09-18 07:23:57
PAY-O-00662,O2026091800662,C0083,4100.7,CARD,SUCCESS,2026-09-18 23:09:30
PAY-O-00663,O2026091800663,C0041,2109.54,WALLET,SUCCESS,2026-09-18 20:24:27
PAY-O-00664,O2026091800664,C0085,9938.4,NET_BANKING,SUCCESS,2026-09-18 09:02:32
PAY-O-00665,O2026091800665,C0055,8719.95,CARD,SUCCESS,2026-09-18 07:30:51
PAY-O-00666,O2026091800666,C0018,16724.96,WALLET,SUCCESS,2026-09-18 14:35:26
PAY-O-00667,O2026091800667,C0019,1257.12,UPI,SUCCESS,2026-09-18 23:39:07
PAY-O-00668,O2026091800668,C0086,19769.6,NET_BANKING,SUCCESS,2026-09-18 07:31:02
PAY-O-00669,O2026091800669,C0088,4069.93,WALLET,SUCCESS,2026-09-18 12:46:03
PAY-O-00670,O2026091800670,C0013,16814.05,CARD,SUCCESS,2026-09-18 21:26:44
PAY-O-00671,O2026091800671,C0086,12818.55,UPI,SUCCESS,2026-09-18 09:11:27
PAY-O-00672,O2026091800672,C0066,7833.88,CARD,SUCCESS,2026-09-18 05:48:14
PAY-O-00673,O2026091800673,C0081,5041.44,UPI,SUCCESS,2026-09-18 14:25:27
PAY-O-00674,O2026091800674,C0090,7625.2,CARD,FAILED,2026-09-18 15:55:39
PAY-O-00675,O2026091800675,C0066,1906.3,WALLET,SUCCESS,2026-09-18 19:05:03
PAY-O-00676,O2026091800676,C0051,344.68,CARD,SUCCESS,2026-09-18 01:43:24
PAY-O-00677,O2026091800677,C0022,2978.34,CARD,FAILED,2026-09-18 20:57:36
PAY-O-00678,O2026091800678,C0030,4405.76,UPI,SUCCESS,2026-09-18 22:21:33
PAY-O-00679,O2026091800679,C0038,2209.98,CARD,SUCCESS,2026-09-18 13:19:49
PAY-O-00680,O2026091800680,C0037,8135.18,WALLET,SUCCESS,2026-09-18 03:32:48
PAY-O-00681,O2026091800681,C0029,16612.4,UPI,SUCCESS,2026-09-18 17:37:36
PAY-O-00682,O2026091800682,C0020,172.34,CARD,SUCCESS,2026-09-18 06:07:57
PAY-O-00683,O2026091800683,C0090,1166.8,UPI,SUCCESS,2026-09-18 06:07:22
PAY-O-00684,O2026091800684,C0044,8374.78,CARD,SUCCESS,2026-09-18 03:00:43
PAY-O-00685,O2026091800685,C0054,11201.68,WALLET,SUCCESS,2026-09-18 15:53:01
PAY-O-00686,O2026091800686,C0073,8306.2,NET_BANKING,SUCCESS,2026-09-18 18:28:59
PAY-O-00687,O2026091800687,C0007,1154.86,WALLET,SUCCESS,2026-09-18 16:02:04
PAY-O-00688,O2026091800688,C0099,2910.04,UPI,SUCCESS,2026-09-18 05:23:59
PAY-O-00689,O2026091800689,C0068,10250.52,CARD,SUCCESS,2026-09-18 14:20:17
PAY-O-00690,O2026091800690,C0039,16288.05,CARD,PENDING,2026-09-18 03:00:42
PAY-O-00691,O2026091800691,C0001,8633.05,NET_BANKING,SUCCESS,2026-09-18 23:54:24
PAY-O-00692,O2026091800692,C0056,17221.04,WALLET,SUCCESS,2026-09-18 18:48:37
PAY-O-00693,O2026091800693,C0040,4737.28,UPI,SUCCESS,2026-09-18 13:36:23
PAY-O-00695,O2026091800695,C0088,6587.37,CARD,SUCCESS,2026-09-18 17:44:21
PAY-O-00696,O2026091800696,C0022,21669.15,UPI,SUCCESS,2026-09-18 12:11:52
PAY-O-00697,O2026091800697,C0049,1676.16,WALLET,SUCCESS,2026-09-18 09:40:16
PAY-O-00698,O2026091800698,C0044,838.08,CARD,SUCCESS,2026-09-18 16:05:04
PAY-O-00699,O2026091800699,C0019,5575.6,CARD,SUCCESS,2026-09-18 04:51:51
PAY-O-00700,O2026091800700,C0091,1254.27,UPI,FAILED,2026-09-18 02:55:03
PAY-O-00701,O2026091800701,C0070,6301.8,NET_BANKING,SUCCESS,2026-09-18 01:15:05
PAY-O-00702,O2026091800702,C0074,7709.6,WALLET,SUCCESS,2026-09-18 14:49:02
PAY-O-00703,O2026091800703,C0037,5778.55,NET_BANKING,SUCCESS,2026-09-18 10:26:12
PAY-O-00704,O2026091800704,C0081,4829.12,UPI,SUCCESS,2026-09-18 06:56:08
PAY-O-00705,O2026091800705,C0048,19190.25,NET_BANKING,SUCCESS,2026-09-18 22:49:04
PAY-O-00706,O2026091800706,C0056,8675.98,CARD,FAILED,2026-09-18 05:05:24
PAY-O-00707,O2026091800707,C0082,3146.25,CARD,PENDING,2026-09-18 06:41:12
PAY-O-00709,O2026091800709,C0051,4684.88,CARD,SUCCESS,2026-09-18 20:48:16
PAY-O-00710,O2026091800710,C0063,9076.56,CARD,SUCCESS,2026-09-18 13:33:21
PAY-O-00711,O2026091800711,C0015,5032.56,NET_BANKING,SUCCESS,2026-09-18 08:29:48
PAY-O-00712,O2026091800712,C0085,12120.96,NET_BANKING,SUCCESS,2026-09-18 12:43:24
PAY-O-00713,O2026091800713,C0098,2815.0,NET_BANKING,SUCCESS,2026-09-18 20:43:32
PAY-O-00714,O2026091800714,C0085,4878.28,NET_BANKING,SUCCESS,2026-09-18 22:21:41
PAY-O-00715,O2026091800715,C0070,20349.65,WALLET,SUCCESS,2026-09-18 00:41:42
PAY-O-00716,O2026091800716,C0037,10108.14,CARD,SUCCESS,2026-09-18 14:38:59
PAY-O-00717,O2026091800717,C0065,5847.8,UPI,FAILED,2026-09-18 07:04:31
PAY-O-00718,O2026091800718,C0010,9026.16,UPI,SUCCESS,2026-09-18 04:05:46
PAY-O-00719,O2026091800719,C0004,1579.54,WALLET,SUCCESS,2026-09-18 02:14:03
PAY-O-00720,O2026091800720,C0008,6725.62,WALLET,SUCCESS,2026-09-18 04:42:43
PAY-O-00721,O2026091800721,C0037,3631.72,CARD,PENDING,2026-09-18 19:20:20
PAY-O-00722,O2026091800722,C0081,2845.02,UPI,FAILED,2026-09-18 00:49:32
PAY-O-00723,O2026091800723,C0062,8633.05,WALLET,SUCCESS,2026-09-18 11:16:21
PAY-O-00724,O2026091800724,C0060,19528.84,NET_BANKING,SUCCESS,2026-09-18 13:53:27
PAY-O-00725,O2026091800725,C0006,3345.36,WALLET,SUCCESS,2026-09-18 01:36:14
PAY-O-00726,O2026091800726,C0082,3762.81,WALLET,SUCCESS,2026-09-18 05:10:33
PAY-O-00727,O2026091800727,C0051,4434.93,NET_BANKING,SUCCESS,2026-09-18 17:37:25
PAY-O-00728,O2026091800728,C0045,2012.99,WALLET,SUCCESS,2026-09-18 07:32:21
PAY-O-00729,O2026091800729,C0020,21380.05,CARD,SUCCESS,2026-09-18 19:18:29
PAY-O-00730,O2026091800730,C0035,6097.85,WALLET,SUCCESS,2026-09-18 14:54:36
PAY-O-00731,O2026091800731,C0010,7198.64,UPI,SUCCESS,2026-09-18 08:00:20
PAY-O-00732,O2026091800732,C0091,12120.96,UPI,SUCCESS,2026-09-18 20:06:03
PAY-O-00733,O2026091800733,C0050,246.14,WALLET,SUCCESS,2026-09-18 15:15:31
PAY-O-00734,O2026091800734,C0086,9106.9,UPI,SUCCESS,2026-09-18 06:23:08
PAY-O-00735,O2026091800735,C0012,24712.0,WALLET,SUCCESS,2026-09-18 21:38:26
PAY-O-00736,O2026091800736,C0019,13660.35,WALLET,SUCCESS,2026-09-18 22:37:27
PAY-O-00737,O2026091800737,C0058,18100.48,NET_BANKING,SUCCESS,2026-09-18 08:03:50
PAY-O-00738,O2026091800738,C0025,10532.25,WALLET,PENDING,2026-09-18 09:59:02
PAY-O-00739,O2026091800739,C0040,2335.71,UPI,SUCCESS,2026-09-18 11:36:32
PAY-O-00740,O2026091800740,C0041,12348.68,CARD,SUCCESS,2026-09-18 05:36:48
PAY-O-00741,O2026091800741,C0054,2956.62,CARD,SUCCESS,2026-09-18 04:54:17
PAY-O-00742,O2026091800742,C0087,1778.04,WALLET,SUCCESS,2026-09-18 13:38:48
PAY-O-00744,O2026091800744,C0066,4878.28,WALLET,SUCCESS,2026-09-18 21:58:20
PAY-O-00745,O2026091800745,C0094,1461.95,CARD,SUCCESS,2026-09-18 13:33:47
PAY-O-00746,O2026091800746,C0006,2256.54,NET_BANKING,SUCCESS,2026-09-18 08:49:45
PAY-O-00747,O2026091800747,C0054,2012.99,WALLET,SUCCESS,2026-09-18 06:10:05
PAY-O-00748,O2026091800748,C0005,3206.05,NET_BANKING,SUCCESS,2026-09-18 10:49:34
PAY-O-00749,O2026091800749,C0031,727.51,UPI,SUCCESS,2026-09-18 03:39:09
PAY-O-00750,O2026091800750,C0051,21380.05,WALLET,SUCCESS,2026-09-18 07:07:27
PAY-O-00751,O2026091800751,C0051,10530.72,CARD,SUCCESS,2026-09-18 15:47:45
PAY-O-00752,O2026091800752,C0006,12302.9,CARD,SUCCESS,2026-09-18 13:58:30
PAY-O-00753,O2026091800753,C0092,9474.56,WALLET,SUCCESS,2026-09-18 15:06:48
PAY-O-00754,O2026091800754,C0058,4748.14,CARD,SUCCESS,2026-09-18 03:53:18
PAY-O-00755,O2026091800755,C0054,9658.24,UPI,SUCCESS,2026-09-18 00:13:03
PAY-O-00756,O2026091800756,C0052,18041.65,CARD,SUCCESS,2026-09-18 15:47:47
PAY-O-00757,O2026091800757,C0073,9496.28,CARD,SUCCESS,2026-09-18 23:16:24
PAY-O-00758,O2026091800758,C0036,907.93,CARD,SUCCESS,2026-09-18 02:15:49
PAY-O-00759,O2026091800759,C0040,14544.05,UPI,SUCCESS,2026-09-18 04:08:05
PAY-O-00760,O2026091800760,C0001,7885.1,CARD,SUCCESS,2026-09-18 22:30:47
PAY-O-00761,O2026091800761,C0014,12072.8,UPI,SUCCESS,2026-09-18 20:51:15
PAY-O-00762,O2026091800762,C0089,9213.4,WALLET,SUCCESS,2026-09-18 18:31:02
PAY-O-00763,O2026091800763,C0048,5529.35,NET_BANKING,FAILED,2026-09-18 23:53:22
PAY-O-00764,O2026091800764,C0043,12120.96,WALLET,SUCCESS,2026-09-18 01:55:07
PAY-O-00765,O2026091800765,C0033,4434.93,CARD,SUCCESS,2026-09-18 12:57:05
PAY-O-00766,O2026091800766,C0002,1149.1,WALLET,SUCCESS,2026-09-18 10:11:44
PAY-O-00767,O2026091800767,C0071,3661.45,NET_BANKING,SUCCESS,2026-09-18 02:18:40
PAY-O-00768,O2026091800768,C0080,1354.26,CARD,SUCCESS,2026-09-18 19:48:07
PAY-O-00769,O2026091800769,C0065,6738.76,WALLET,SUCCESS,2026-09-18 04:42:15
PAY-O-00770,O2026091800770,C0089,17767.72,UPI,SUCCESS,2026-09-18 05:23:35
PAY-O-00771,O2026091800771,C0008,23161.15,CARD,SUCCESS,2026-09-18 21:51:58
PAY-O-00772,O2026091800772,C0061,1101.64,NET_BANKING,SUCCESS,2026-09-18 20:59:00
PAY-O-00773,O2026091800773,C0004,7676.1,UPI,SUCCESS,2026-09-18 00:10:28
PAY-O-00774,O2026091800774,C0017,9213.4,WALLET,SUCCESS,2026-09-18 19:35:34
PAY-O-00775,O2026091800775,C0099,5390.96,WALLET,SUCCESS,2026-09-18 14:25:13
PAY-O-00776,O2026091800776,C0029,303.46,WALLET,SUCCESS,2026-09-18 01:18:54
PAY-O-00777,O2026091800777,C0074,889.02,WALLET,SUCCESS,2026-09-18 22:29:30
PAY-O-00778,O2026091800778,C0071,5778.55,WALLET,SUCCESS,2026-09-18 21:51:36
PAY-O-00779,O2026091800779,C0066,13451.24,NET_BANKING,SUCCESS,2026-09-18 14:54:46
PAY-O-00780,O2026091800780,C0051,2925.23,WALLET,SUCCESS,2026-09-18 02:11:40
PAY-O-00781,O2026091800781,C0024,11854.17,UPI,SUCCESS,2026-09-18 20:46:50
PAY-O-00782,O2026091800782,C0062,3262.25,NET_BANKING,SUCCESS,2026-09-18 04:05:30
PAY-O-00783,O2026091800783,C0015,16161.28,WALLET,SUCCESS,2026-09-18 03:49:02
PAY-O-00785,O2026091800785,C0098,7249.32,CARD,SUCCESS,2026-09-18 14:10:05
PAY-O-00787,O2026091800787,C0074,4337.99,UPI,SUCCESS,2026-09-18 04:48:25
PAY-O-00788,O2026091800788,C0067,1254.27,CARD,SUCCESS,2026-09-18 13:18:57
PAY-O-00789,O2026091800789,C0032,4441.93,UPI,SUCCESS,2026-09-18 00:31:35
PAY-O-00790,O2026091800790,C0091,20971.3,NET_BANKING,SUCCESS,2026-09-18 02:00:33
PAY-O-00791,O2026091800791,C0062,472.68,UPI,SUCCESS,2026-09-18 21:30:45
PAY-O-00792,O2026091800792,C0006,8392.34,UPI,SUCCESS,2026-09-18 01:18:56
PAY-O-00793,O2026091800793,C0094,6108.93,UPI,SUCCESS,2026-09-18 20:18:13
PAY-O-00794,O2026091800794,C0011,19344.44,CARD,SUCCESS,2026-09-18 20:30:26
PAY-O-00795,O2026091800795,C0088,7539.16,CARD,SUCCESS,2026-09-18 11:34:58
PAY-O-00796,O2026091800796,C0020,2908.81,NET_BANKING,SUCCESS,2026-09-18 05:25:59
PAY-O-00797,O2026091800797,C0047,9479.04,UPI,SUCCESS,2026-09-18 17:51:30
PAY-O-00798,O2026091800798,C0100,1768.29,NET_BANKING,SUCCESS,2026-09-18 06:10:32
PAY-O-00799,O2026091800799,C0088,4738.62,UPI,SUCCESS,2026-09-18 18:14:49
PAY-O-00800,O2026091800800,C0030,3087.17,WALLET,SUCCESS,2026-09-18 23:42:16
PAY-O-00801,O2026091800801,C0065,21689.95,WALLET,SUCCESS,2026-09-18 20:47:07
PAY-O-00802,O2026091800802,C0092,3793.36,NET_BANKING,SUCCESS,2026-09-18 19:23:15
PAY-O-00803,O2026091800803,C0005,5718.9,WALLET,SUCCESS,2026-09-18 16:07:25
PAY-O-00804,O2026091800804,C0054,13030.44,UPI,SUCCESS,2026-09-18 19:57:43
PAY-O-00805,O2026091800805,C0048,727.45,NET_BANKING,SUCCESS,2026-09-18 18:27:41
PAY-O-00806,O2026091800806,C0003,5600.84,CARD,SUCCESS,2026-09-18 07:13:22
PAY-O-00807,O2026091800807,C0041,5615.34,NET_BANKING,SUCCESS,2026-09-18 19:31:28
PAY-O-00808,O2026091800808,C0084,3087.17,UPI,SUCCESS,2026-09-18 00:00:50
PAY-O-00809,O2026091800809,C0083,1460.39,UPI,SUCCESS,2026-09-18 06:13:14
PAY-O-00810,O2026091800810,C0039,315.12,WALLET,SUCCESS,2026-09-18 02:34:56
PAY-O-00811,O2026091800811,C0056,1871.78,CARD,SUCCESS,2026-09-18 18:20:17
PAY-O-00812,O2026091800812,C0031,5948.6,CARD,SUCCESS,2026-09-18 03:31:31
PAY-O-00813,O2026091800813,C0007,11848.8,NET_BANKING,SUCCESS,2026-09-18 14:36:30
PAY-O-00814,O2026091800814,C0076,19954.52,UPI,SUCCESS,2026-09-18 16:17:44
PAY-O-00815,O2026091800815,C0005,5017.08,UPI,SUCCESS,2026-09-18 04:31:15
PAY-O-00816,O2026091800816,C0097,2929.16,CARD,SUCCESS,2026-09-18 19:16:07
PAY-O-00817,O2026091800817,C0077,758.65,UPI,SUCCESS,2026-09-18 07:02:45
PAY-O-00818,O2026091800818,C0039,9842.32,UPI,SUCCESS,2026-09-18 18:57:55
PAY-O-00819,O2026091800819,C0002,902.84,CARD,SUCCESS,2026-09-18 12:04:56
PAY-O-00820,O2026091800820,C0066,8675.98,NET_BANKING,SUCCESS,2026-09-18 07:00:02
PAY-O-00821,O2026091800821,C0063,2078.2,CARD,SUCCESS,2026-09-18 21:04:00
PAY-O-00822,O2026091800822,C0002,6806.82,UPI,SUCCESS,2026-09-18 17:18:38
PAY-O-00823,O2026091800823,C0069,8297.85,UPI,SUCCESS,2026-09-18 18:04:45
PAY-O-00824,O2026091800824,C0034,8362.48,UPI,SUCCESS,2026-09-18 04:43:50
PAY-O-00826,O2026091800826,C0029,10169.48,WALLET,SUCCESS,2026-09-18 23:18:13
PAY-O-00827,O2026091800827,C0002,1799.66,WALLET,SUCCESS,2026-09-18 02:54:12
PAY-O-00828,O2026091800828,C0082,9672.22,CARD,SUCCESS,2026-09-18 17:02:39
PAY-O-00829,O2026091800829,C0025,3844.44,UPI,SUCCESS,2026-09-18 07:43:23
PAY-O-00830,O2026091800830,C0022,15805.56,CARD,SUCCESS,2026-09-18 17:07:56
PAY-O-00831,O2026091800831,C0026,3259.26,WALLET,SUCCESS,2026-09-18 07:16:20
PAY-O-00832,O2026091800832,C0032,7885.1,UPI,SUCCESS,2026-09-18 19:29:10
PAY-O-00833,O2026091800833,C0085,3761.34,NET_BANKING,SUCCESS,2026-09-18 00:17:46
PAY-O-00834,O2026091800834,C0036,2467.96,WALLET,SUCCESS,2026-09-18 09:06:11
PAY-O-00835,O2026091800835,C0076,2669.87,WALLET,SUCCESS,2026-09-18 04:43:52
PAY-O-00836,O2026091800836,C0087,4168.94,UPI,SUCCESS,2026-09-18 18:10:03
PAY-O-00837,O2026091800837,C0053,11282.7,WALLET,SUCCESS,2026-09-18 11:47:09
PAY-O-00838,O2026091800838,C0086,24411.05,WALLET,SUCCESS,2026-09-18 09:10:39
PAY-O-00839,O2026091800839,C0077,9792.35,WALLET,SUCCESS,2026-09-18 16:11:09
PAY-O-00840,O2026091800840,C0030,18100.48,UPI,SUCCESS,2026-09-18 01:34:34
PAY-O-00841,O2026091800841,C0090,457.27,NET_BANKING,SUCCESS,2026-09-18 14:27:31
PAY-O-00842,O2026091800842,C0089,22449.45,NET_BANKING,SUCCESS,2026-09-18 04:53:59
PAY-O-00843,O2026091800843,C0015,5856.1,CARD,SUCCESS,2026-09-18 03:33:38
PAY-O-00844,O2026091800844,C0045,3206.05,WALLET,SUCCESS,2026-09-18 04:29:24
PAY-O-00845,O2026091800845,C0067,2095.2,CARD,SUCCESS,2026-09-18 01:04:44
PAY-O-00847,O2026091800847,C0025,8805.52,WALLET,SUCCESS,2026-09-18 17:04:25
PAY-O-00848,O2026091800848,C0046,7902.78,UPI,SUCCESS,2026-09-18 15:38:39
PAY-O-00849,O2026091800849,C0070,24411.05,NET_BANKING,SUCCESS,2026-09-18 12:33:00
PAY-O-00850,O2026091800850,C0042,1366.9,WALLET,SUCCESS,2026-09-18 16:25:21
PAY-O-00851,O2026091800851,C0094,10808.01,CARD,SUCCESS,2026-09-18 05:50:12
PAY-O-00852,O2026091800852,C0003,1768.29,WALLET,SUCCESS,2026-09-18 23:05:47
PAY-O-00853,O2026091800853,C0046,4805.55,WALLET,SUCCESS,2026-09-18 06:43:25
PAY-O-00854,O2026091800854,C0081,3916.94,WALLET,SUCCESS,2026-09-18 17:14:44
PAY-O-00855,O2026091800855,C0024,2256.54,CARD,SUCCESS,2026-09-18 01:45:31
PAY-O-00856,O2026091800856,C0097,24943.15,WALLET,SUCCESS,2026-09-18 07:37:36
PAY-O-00857,O2026091800857,C0003,16895.1,WALLET,SUCCESS,2026-09-18 15:38:24
PAY-O-00858,O2026091800858,C0087,3146.25,CARD,SUCCESS,2026-09-18 19:08:59
PAY-O-00859,O2026091800859,C0078,9213.4,NET_BANKING,SUCCESS,2026-09-18 03:47:26
PAY-O-00860,O2026091800860,C0033,907.93,NET_BANKING,SUCCESS,2026-09-18 17:53:11
PAY-O-00861,O2026091800861,C0077,2256.54,CARD,SUCCESS,2026-09-18 00:29:29
PAY-O-00862,O2026091800862,C0015,3510.24,CARD,SUCCESS,2026-09-18 20:17:04
PAY-O-00863,O2026091800863,C0021,4187.39,WALLET,SUCCESS,2026-09-18 06:10:46
PAY-O-00864,O2026091800864,C0064,19800.25,WALLET,SUCCESS,2026-09-18 03:07:49
PAY-O-00865,O2026091800865,C0059,2920.78,NET_BANKING,SUCCESS,2026-09-18 10:11:23
PAY-O-00866,O2026091800866,C0051,1871.78,UPI,SUCCESS,2026-09-18 18:31:05
PAY-O-00867,O2026091800867,C0023,13477.4,NET_BANKING,SUCCESS,2026-09-18 07:36:59
PAY-O-00868,O2026091800868,C0018,1676.16,WALLET,SUCCESS,2026-09-18 21:08:43
PAY-O-00869,O2026091800869,C0050,4525.12,NET_BANKING,SUCCESS,2026-09-18 22:12:29
PAY-O-00870,O2026091800870,C0043,4069.93,NET_BANKING,SUCCESS,2026-09-18 22:42:09
PAY-O-00871,O2026091800871,C0005,12459.3,NET_BANKING,SUCCESS,2026-09-18 12:03:49
PAY-O-00872,O2026091800872,C0042,8610.52,UPI,SUCCESS,2026-09-18 19:44:09
PAY-O-00873,O2026091800873,C0002,16724.96,NET_BANKING,SUCCESS,2026-09-18 22:27:15
PAY-O-00874,O2026091800874,C0056,8361.62,NET_BANKING,SUCCESS,2026-09-18 12:25:02
PAY-O-00875,O2026091800875,C0063,4606.7,NET_BANKING,SUCCESS,2026-09-18 22:33:14
PAY-O-00876,O2026091800876,C0019,4540.81,WALLET,SUCCESS,2026-09-18 23:24:20
PAY-O-00877,O2026091800877,C0012,14871.5,NET_BANKING,SUCCESS,2026-09-18 20:59:52
PAY-O-00878,O2026091800878,C0021,8610.52,UPI,SUCCESS,2026-09-18 06:23:31
PAY-O-00879,O2026091800879,C0047,1414.32,UPI,SUCCESS,2026-09-18 19:01:37
PAY-O-00880,O2026091800880,C0087,1768.29,UPI,SUCCESS,2026-09-18 16:40:13
PAY-O-00881,O2026091800881,C0045,12562.17,UPI,SUCCESS,2026-09-18 00:49:45
PAY-O-00882,O2026091800882,C0072,1577.02,UPI,PENDING,2026-09-18 18:21:19
PAY-O-00883,O2026091800883,C0017,2252.0,CARD,SUCCESS,2026-09-18 01:46:22
PAY-O-00884,O2026091800884,C0017,2883.33,UPI,SUCCESS,2026-09-18 22:44:24
PAY-O-00885,O2026091800885,C0021,13477.4,UPI,SUCCESS,2026-09-18 00:20:56
PAY-O-00886,O2026091800886,C0010,7109.28,WALLET,SUCCESS,2026-09-18 16:13:18
PAY-O-00887,O2026091800887,C0018,10088.43,UPI,SUCCESS,2026-09-18 21:42:08
PAY-O-00889,O2026091800889,C0031,16723.68,UPI,SUCCESS,2026-09-18 16:22:41
PAY-O-00890,O2026091800890,C0080,3262.25,NET_BANKING,SUCCESS,2026-09-18 18:01:24
PAY-O-00891,O2026091800891,C0040,4194.26,WALLET,SUCCESS,2026-09-18 01:28:27
PAY-O-00892,O2026091800892,C0086,12482.8,WALLET,SUCCESS,2026-09-18 19:26:42
PAY-O-00893,O2026091800893,C0063,8998.3,UPI,SUCCESS,2026-09-18 09:08:20
PAY-O-00894,O2026091800894,C0007,14646.63,WALLET,SUCCESS,2026-09-18 06:01:27
PAY-O-00896,O2026091800896,C0016,24355.85,NET_BANKING,SUCCESS,2026-09-18 01:23:27
PAY-O-00897,O2026091800897,C0003,1906.3,CARD,SUCCESS,2026-09-18 05:42:30
PAY-O-00898,O2026091800898,C0047,8883.86,CARD,SUCCESS,2026-09-18 11:10:54
PAY-O-00899,O2026091800899,C0024,6184.96,CARD,SUCCESS,2026-09-18 18:22:26
PAY-O-00900,O2026091800900,C0015,1212.49,NET_BANKING,SUCCESS,2026-09-18 13:25:29
PAY-O-00901,O2026091800901,C0094,961.11,UPI,SUCCESS,2026-09-18 21:46:29
PAY-O-00902,O2026091800902,C0009,1922.22,UPI,SUCCESS,2026-09-18 15:00:55
PAY-O-00903,O2026091800903,C0069,15603.5,NET_BANKING,SUCCESS,2026-09-18 06:15:35
PAY-O-00904,O2026091800904,C0096,4513.08,WALLET,SUCCESS,2026-09-18 07:12:22
PAY-O-00905,O2026091800905,C0089,18949.12,CARD,SUCCESS,2026-09-18 13:02:45
PAY-O-00906,O2026091800906,C0049,1464.58,NET_BANKING,SUCCESS,2026-09-18 09:40:44
PAY-O-00907,O2026091800907,C0100,9764.42,WALLET,SUCCESS,2026-09-18 22:11:57
PAY-O-00908,O2026091800908,C0088,6604.14,WALLET,SUCCESS,2026-09-18 00:33:23
PAY-O-00909,O2026091800909,C0048,1254.27,UPI,SUCCESS,2026-09-18 14:56:12
PAY-O-00910,O2026091800910,C0033,6038.97,CARD,SUCCESS,2026-09-18 12:03:50
PAY-O-00911,O2026091800911,C0082,14072.24,UPI,SUCCESS,2026-09-18 02:34:59
PAY-O-00912,O2026091800912,C0056,7833.88,WALLET,SUCCESS,2026-09-18 03:27:41
PAY-O-00913,O2026091800913,C0045,7205.34,WALLET,SUCCESS,2026-09-18 22:11:46
PAY-O-00914,O2026091800914,C0071,7205.34,UPI,SUCCESS,2026-09-18 01:40:05
PAY-O-00915,O2026091800915,C0043,15352.2,CARD,SUCCESS,2026-09-18 01:51:50
PAY-O-00916,O2026091800916,C0081,1768.29,WALLET,SUCCESS,2026-09-18 06:21:14
PAY-O-00917,O2026091800917,C0096,738.42,WALLET,PENDING,2026-09-18 07:04:30
PAY-O-00918,O2026091800918,C0005,4100.7,WALLET,SUCCESS,2026-09-18 15:06:41
PAY-O-00919,O2026091800919,C0040,4441.93,CARD,SUCCESS,2026-09-18 10:23:11
PAY-O-00921,O2026091800921,C0069,11854.17,NET_BANKING,SUCCESS,2026-09-18 21:46:42
PAY-O-00922,O2026091800922,C0099,7216.66,UPI,SUCCESS,2026-09-18 20:53:10
PAY-O-00923,O2026091800923,C0052,11854.17,NET_BANKING,SUCCESS,2026-09-18 15:54:20
PAY-O-00924,O2026091800924,C0060,4337.99,UPI,SUCCESS,2026-09-18 01:17:16
PAY-O-00925,O2026091800925,C0049,1463.25,NET_BANKING,SUCCESS,2026-09-18 21:15:47
PAY-O-00926,O2026091800926,C0033,4067.59,WALLET,SUCCESS,2026-09-18 20:51:55
PAY-O-00927,O2026091800927,C0066,9764.42,NET_BANKING,SUCCESS,2026-09-18 16:57:31
PAY-O-00928,O2026091800928,C0031,758.65,WALLET,SUCCESS,2026-09-18 19:01:34
PAY-O-00929,O2026091800929,C0013,18163.24,NET_BANKING,SUCCESS,2026-09-18 01:01:19
PAY-O-00931,O2026091800931,C0024,24180.55,NET_BANKING,SUCCESS,2026-09-18 21:37:49
PAY-O-00932,O2026091800932,C0014,12209.79,CARD,SUCCESS,2026-09-18 22:50:46
PAY-O-00933,O2026091800933,C0036,748.31,WALLET,SUCCESS,2026-09-18 23:21:18
PAY-O-00934,O2026091800934,C0026,7381.74,NET_BANKING,SUCCESS,2026-09-18 07:50:14
PAY-O-00935,O2026091800935,C0037,2910.04,CARD,SUCCESS,2026-09-18 20:25:13
PAY-O-00936,O2026091800936,C0094,4805.55,WALLET,SUCCESS,2026-09-18 09:52:08
PAY-O-00937,O2026091800937,C0025,13667.36,NET_BANKING,SUCCESS,2026-09-18 12:25:26
PAY-O-00938,O2026091800938,C0050,4445.1,WALLET,SUCCESS,2026-09-18 07:50:31
PAY-O-00939,O2026091800939,C0011,10422.35,UPI,SUCCESS,2026-09-18 00:05:30
PAY-O-00940,O2026091800940,C0003,11201.68,UPI,PENDING,2026-09-18 15:43:49
PAY-O-00941,O2026091800941,C0057,3362.81,NET_BANKING,SUCCESS,2026-09-18 19:53:19
PAY-O-00942,O2026091800942,C0092,15045.36,CARD,SUCCESS,2026-09-18 00:21:58
PAY-O-00943,O2026091800943,C0053,13575.36,CARD,SUCCESS,2026-09-18 12:22:49
PAY-O-00944,O2026091800944,C0071,12209.79,NET_BANKING,SUCCESS,2026-09-18 12:10:23
PAY-O-00945,O2026091800945,C0066,4741.7,CARD,SUCCESS,2026-09-18 16:12:50
PAY-O-00946,O2026091800946,C0075,10824.99,CARD,SUCCESS,2026-09-18 17:21:04
PAY-O-00947,O2026091800947,C0085,2012.99,CARD,SUCCESS,2026-09-18 04:32:22
PAY-O-00948,O2026091800948,C0080,2872.75,NET_BANKING,SUCCESS,2026-09-18 16:58:58
PAY-O-00949,O2026091800949,C0042,2733.8,UPI,SUCCESS,2026-09-18 21:49:29
PAY-O-00950,O2026091800950,C0095,3807.03,UPI,SUCCESS,2026-09-18 18:53:25
PAY-O-00951,O2026091800951,C0077,10574.67,WALLET,SUCCESS,2026-09-18 15:28:28
PAY-O-00952,O2026091800952,C0059,13469.67,WALLET,SUCCESS,2026-09-18 12:27:26
PAY-O-00953,O2026091800953,C0073,3164.31,NET_BANKING,SUCCESS,2026-09-18 03:08:25
PAY-O-00954,O2026091800954,C0097,5847.8,NET_BANKING,SUCCESS,2026-09-18 21:17:01
PAY-O-00955,O2026091800955,C0021,9842.32,CARD,FAILED,2026-09-18 02:53:26
PAY-O-00956,O2026091800956,C0018,1689.0,WALLET,SUCCESS,2026-09-18 04:44:55
PAY-O-00957,O2026091800957,C0084,563.0,NET_BANKING,SUCCESS,2026-09-18 12:34:43
PAY-O-00958,O2026091800958,C0079,2721.87,WALLET,SUCCESS,2026-09-18 08:55:45
PAY-O-00959,O2026091800959,C0069,1366.9,NET_BANKING,SUCCESS,2026-09-18 04:04:29
PAY-O-00960,O2026091800960,C0078,2256.54,UPI,SUCCESS,2026-09-18 14:53:14
PAY-O-00961,O2026091800961,C0047,2414.56,UPI,SUCCESS,2026-09-18 04:56:32
PAY-O-00962,O2026091800962,C0044,3403.41,WALLET,SUCCESS,2026-09-18 06:51:39
PAY-O-00963,O2026091800963,C0017,6806.82,UPI,SUCCESS,2026-09-18 23:20:54
PAY-O-00964,O2026091800964,C0007,7036.12,CARD,SUCCESS,2026-09-18 06:41:45
PAY-O-00965,O2026091800965,C0021,899.17,NET_BANKING,SUCCESS,2026-09-18 16:52:20
PAY-O-00966,O2026091800966,C0065,9106.9,NET_BANKING,SUCCESS,2026-09-18 01:33:51
PAY-O-00967,O2026091800967,C0028,12542.43,UPI,SUCCESS,2026-09-18 13:21:37
PAY-O-00968,O2026091800968,C0075,16030.25,CARD,SUCCESS,2026-09-18 13:01:15
PAY-O-00969,O2026091800969,C0010,15447.1,NET_BANKING,SUCCESS,2026-09-18 09:31:49
PAY-O-00970,O2026091800970,C0030,3510.75,UPI,SUCCESS,2026-09-18 18:27:56
PAY-O-00971,O2026091800971,C0006,3120.7,UPI,SUCCESS,2026-09-18 00:09:49
PAY-O-00972,O2026091800972,C0051,5017.08,NET_BANKING,SUCCESS,2026-09-18 17:50:24
PAY-O-00973,O2026091800973,C0053,1236.42,UPI,SUCCESS,2026-09-18 07:49:04
PAY-O-00974,O2026091800974,C0078,6906.44,UPI,SUCCESS,2026-09-18 04:11:24
PAY-O-00975,O2026091800975,C0065,12828.03,UPI,SUCCESS,2026-09-18 20:36:45
PAY-O-00976,O2026091800976,C0087,3304.32,WALLET,SUCCESS,2026-09-18 22:15:50
PAY-O-00977,O2026091800977,C0042,3379.02,CARD,SUCCESS,2026-09-18 04:32:15
PAY-O-00978,O2026091800978,C0063,6625.6,UPI,SUCCESS,2026-09-18 07:52:22
PAY-O-00979,O2026091800979,C0080,5841.56,NET_BANKING,PENDING,2026-09-18 00:59:43
PAY-O-00980,O2026091800980,C0059,303.46,CARD,SUCCESS,2026-09-18 05:44:23
PAY-O-00981,O2026091800981,C0060,23161.15,NET_BANKING,SUCCESS,2026-09-18 01:22:22
PAY-O-00982,O2026091800982,C0093,20904.6,CARD,SUCCESS,2026-09-18 06:14:54
PAY-O-00983,O2026091800983,C0074,2845.02,UPI,PENDING,2026-09-18 11:36:58
PAY-O-00984,O2026091800984,C0079,652.45,WALLET,SUCCESS,2026-09-18 21:10:39
PAY-O-00985,O2026091800985,C0091,12699.99,CARD,SUCCESS,2026-09-18 15:55:05
PAY-O-00986,O2026091800986,C0035,577.43,NET_BANKING,SUCCESS,2026-09-18 03:42:29
PAY-O-00987,O2026091800987,C0044,4471.64,WALLET,SUCCESS,2026-09-18 17:35:17
PAY-O-00988,O2026091800988,C0085,4871.17,NET_BANKING,SUCCESS,2026-09-18 07:25:51
PAY-O-00989,O2026091800989,C0055,4441.93,UPI,SUCCESS,2026-09-18 21:22:34
PAY-O-00990,O2026091800990,C0096,2472.84,WALLET,SUCCESS,2026-09-18 20:21:27
PAY-O-00991,O2026091800991,C0076,16814.05,CARD,SUCCESS,2026-09-18 10:15:02
PAY-O-00992,O2026091800992,C0062,6241.4,CARD,SUCCESS,2026-09-18 20:50:15
PAY-O-00993,O2026091800993,C0027,16723.68,CARD,SUCCESS,2026-09-18 00:28:33
PAY-O-00994,O2026091800994,C0062,3379.02,UPI,SUCCESS,2026-09-18 18:22:16
PAY-O-00995,O2026091800995,C0093,6253.41,UPI,SUCCESS,2026-09-18 16:39:14
PAY-O-00996,O2026091800996,C0076,1662.56,CARD,SUCCESS,2026-09-18 02:33:36
PAY-O-00997,O2026091800997,C0087,8337.88,CARD,FAILED,2026-09-18 17:13:42
PAY-O-00998,O2026091800998,C0043,4280.3,NET_BANKING,SUCCESS,2026-09-18 01:43:47
PAY-O-00999,O2026091800999,C0079,4805.55,WALLET,SUCCESS,2026-09-18 22:07:09
PAY-O-01000,O2026091801000,C0001,13896.69,UPI,SUCCESS,2026-09-18 08:27:05
PAY-S-00001,,C0084,3960.05,NET_BANKING,SUCCESS,2026-09-18 23:50:49
PAY-S-00002,,C0007,17104.04,NET_BANKING,SUCCESS,2026-09-18 03:59:17
PAY-S-00003,,C0002,14410.68,UPI,SUCCESS,2026-09-18 03:54:20
PAY-S-00004,,C0086,10700.75,NET_BANKING,SUCCESS,2026-09-18 23:49:28
PAY-S-00005,,C0033,15352.2,CARD,SUCCESS,2026-09-18 05:04:54
PAY-S-00006,,C0046,13325.79,UPI,SUCCESS,2026-09-18 16:41:24
PAY-S-00007,,C0038,4100.7,CARD,SUCCESS,2026-09-18 08:44:55
PAY-S-00008,,C0001,2309.72,CASH,SUCCESS,2026-09-18 09:46:03
PAY-S-00009,,C0037,24943.15,CASH,SUCCESS,2026-09-18 09:18:32
PAY-S-00010,,C0085,24180.55,UPI,SUCCESS,2026-09-18 15:15:58
PAY-S-00011,,C0008,3892.85,UPI,SUCCESS,2026-09-18 19:52:11
PAY-S-00012,,C0062,11049.9,UPI,SUCCESS,2026-09-18 09:55:50
PAY-S-00013,,C0041,2920.78,WALLET,SUCCESS,2026-09-18 17:38:19
PAY-S-00014,,C0046,2695.48,NET_BANKING,SUCCESS,2026-09-18 08:36:49
PAY-S-00015,,C0006,1927.4,UPI,SUCCESS,2026-09-18 13:48:36
PAY-S-00016,,C0096,24943.15,CASH,SUCCESS,2026-09-18 14:13:49
PAY-S-00017,,C0070,20980.85,CASH,SUCCESS,2026-09-18 14:46:25
PAY-S-00018,,C0071,22704.05,CARD,SUCCESS,2026-09-18 12:17:37
PAY-S-00019,,C0083,6169.9,UPI,SUCCESS,2026-09-18 06:09:24
PAY-S-00020,,C0090,12542.43,CASH,SUCCESS,2026-09-18 01:01:58
PAY-S-00021,,C0062,3114.28,CASH,SUCCESS,2026-09-18 18:06:22
PAY-S-00022,,C0074,4836.11,CASH,SUCCESS,2026-09-18 00:48:00
PAY-S-00023,,C0074,11201.68,NET_BANKING,SUCCESS,2026-09-18 07:32:28
PAY-S-00024,,C0044,7398.32,UPI,SUCCESS,2026-09-18 03:24:25
PAY-S-00025,,C0061,18213.8,WALLET,SUCCESS,2026-09-18 10:31:24
PAY-S-00026,,C0036,1659.57,UPI,SUCCESS,2026-09-18 05:32:35
PAY-S-00027,,C0068,6412.1,NET_BANKING,SUCCESS,2026-09-18 01:35:04
PAY-S-00028,,C0001,10064.95,WALLET,SUCCESS,2026-09-18 10:39:22
PAY-S-00029,,C0024,3304.32,CASH,SUCCESS,2026-09-18 05:21:27
PAY-S-00030,,C0045,18041.65,CASH,SUCCESS,2026-09-18 06:38:40
PAY-S-00031,,C0060,9742.34,CASH,SUCCESS,2026-09-18 01:26:06
PAY-S-00032,,C0082,11514.15,NET_BANKING,SUCCESS,2026-09-18 05:41:54
PAY-S-00033,,C0059,13023.6,WALLET,SUCCESS,2026-09-18 13:37:00
PAY-S-00034,,C0092,14796.64,CARD,SUCCESS,2026-09-18 03:12:40
PAY-S-00035,,C0008,7381.74,WALLET,SUCCESS,2026-09-18 23:42:57
PAY-S-00036,,C0050,1149.1,WALLET,SUCCESS,2026-09-18 20:43:13
PAY-S-00037,,C0011,1149.1,CARD,SUCCESS,2026-09-18 02:22:07
PAY-S-00038,,C0069,22449.45,UPI,SUCCESS,2026-09-18 03:04:54
PAY-S-00039,,C0058,3416.84,CASH,SUCCESS,2026-09-18 00:28:36
PAY-S-00040,,C0007,292.65,CARD,SUCCESS,2026-09-18 19:10:38
PAY-S-00041,,C0082,10700.75,UPI,SUCCESS,2026-09-18 02:01:06
PAY-S-00042,,C0071,303.46,CASH,SUCCESS,2026-09-18 06:31:17
PAY-S-00043,,C0027,292.65,NET_BANKING,SUCCESS,2026-09-18 12:57:49
PAY-S-00044,,C0049,15435.85,CASH,SUCCESS,2026-09-18 17:38:15
PAY-S-00045,,C0014,5589.55,CARD,SUCCESS,2026-09-18 03:52:24
PAY-S-00046,,C0055,19484.68,NET_BANKING,SUCCESS,2026-09-18 04:37:00
PAY-S-00047,,C0025,10169.48,WALLET,SUCCESS,2026-09-18 02:30:19
PAY-S-00048,,C0043,3510.24,WALLET,SUCCESS,2026-09-18 00:25:31
PAY-S-00049,,C0058,2920.78,CARD,SUCCESS,2026-09-18 08:11:11
PAY-S-00050,,C0059,1732.29,CASH,SUCCESS,2026-09-18 12:15:47
PAY-S-00051,,C0076,11516.75,CASH,SUCCESS,2026-09-18 17:21:50
PAY-S-00052,,C0098,7301.95,NET_BANKING,SUCCESS,2026-09-18 00:31:27
PAY-S-00053,,C0057,4305.26,WALLET,SUCCESS,2026-09-18 15:07:22
PAY-S-00054,,C0033,2140.15,UPI,SUCCESS,2026-09-18 16:20:48
PAY-S-00055,,C0041,1579.54,UPI,SUCCESS,2026-09-18 08:28:33
PAY-S-00056,,C0082,11201.68,CARD,SUCCESS,2026-09-18 04:01:48
PAY-S-00057,,C0052,1236.42,CARD,SUCCESS,2026-09-18 18:55:42
PAY-S-00058,,C0006,1101.44,NET_BANKING,SUCCESS,2026-09-18 03:56:46
PAY-S-00059,,C0060,22209.65,CASH,SUCCESS,2026-09-18 10:53:31
PAY-S-00060,,C0007,14613.51,WALLET,SUCCESS,2026-09-18 20:55:04
PAY-S-00061,,C0005,2357.2,CASH,SUCCESS,2026-09-18 15:15:18
PAY-S-00062,,C0036,9106.9,NET_BANKING,SUCCESS,2026-09-18 16:29:16
PAY-S-00063,,C0092,1101.44,UPI,SUCCESS,2026-09-18 11:44:13
PAY-S-00064,,C0044,20971.3,WALLET,SUCCESS,2026-09-18 18:01:47
PAY-S-00065,,C0016,2095.2,NET_BANKING,SUCCESS,2026-09-18 05:38:31
PAY-S-00066,,C0001,11421.09,WALLET,SUCCESS,2026-09-18 00:22:33
PAY-S-00067,,C0032,5913.24,CARD,SUCCESS,2026-09-18 07:17:16
PAY-S-00068,,C0024,3304.32,WALLET,FAILED,2026-09-18 16:16:21
PAY-S-00069,,C0064,3164.31,CASH,SUCCESS,2026-09-18 19:48:56
PAY-S-00070,,C0083,13516.08,NET_BANKING,SUCCESS,2026-09-18 16:08:44
PAY-S-00071,,C0006,24943.15,UPI,SUCCESS,2026-09-18 16:00:04
PAY-S-00072,,C0013,8362.48,CASH,SUCCESS,2026-09-18 18:20:41
PAY-S-00073,,C0020,10169.48,NET_BANKING,SUCCESS,2026-09-18 16:23:47
PAY-S-00074,,C0055,4471.64,CARD,SUCCESS,2026-09-18 10:32:20
PAY-S-00075,,C0073,4731.06,UPI,SUCCESS,2026-09-18 17:35:44
PAY-S-00076,,C0028,141.06,CARD,SUCCESS,2026-09-18 20:46:35
PAY-S-00077,,C0096,2309.72,WALLET,SUCCESS,2026-09-18 05:45:33
PAY-S-00078,,C0041,1437.55,WALLET,SUCCESS,2026-09-18 06:17:42
PAY-S-00079,,C0058,8361.62,CASH,SUCCESS,2026-09-18 18:58:45
PAY-S-00080,,C0095,8552.02,CARD,SUCCESS,2026-09-18 01:58:22
PAY-S-00081,,C0029,17335.32,UPI,SUCCESS,2026-09-18 00:51:59
PAY-S-00082,,C0060,8841.45,CARD,SUCCESS,2026-09-18 13:08:44
PAY-S-00083,,C0055,6236.4,UPI,SUCCESS,2026-09-18 14:01:46
PAY-S-00084,,C0068,9076.56,CARD,SUCCESS,2026-09-18 21:36:00
PAY-S-00085,,C0035,14871.5,CARD,SUCCESS,2026-09-18 16:20:00
PAY-S-00086,,C0007,13477.52,NET_BANKING,SUCCESS,2026-09-18 23:18:52
PAY-S-00087,,C0060,1101.44,WALLET,SUCCESS,2026-09-18 12:49:12
PAY-S-00088,,C0099,12120.96,CARD,SUCCESS,2026-09-18 13:36:03
PAY-S-00089,,C0041,18992.56,CASH,SUCCESS,2026-09-18 03:49:56
PAY-S-00090,,C0036,20906.2,NET_BANKING,SUCCESS,2026-09-18 12:51:12
PAY-S-00091,,C0055,6174.34,CARD,SUCCESS,2026-09-18 17:53:52
PAY-S-00092,,C0046,2078.8,CASH,SUCCESS,2026-09-18 16:58:57
PAY-S-00093,,C0016,4419.96,WALLET,SUCCESS,2026-09-18 16:13:04
PAY-S-00094,,C0081,14626.15,UPI,SUCCESS,2026-09-18 20:31:13
PAY-S-00095,,C0027,8009.61,CARD,SUCCESS,2026-09-18 23:39:40
PAY-S-00096,,C0013,1478.31,UPI,SUCCESS,2026-09-18 20:51:09
PAY-S-00097,,C0097,3114.28,NET_BANKING,SUCCESS,2026-09-18 08:42:57
PAY-S-00098,,C0067,21496.5,UPI,SUCCESS,2026-09-18 20:00:08
PAY-S-00099,,C0035,6169.9,UPI,SUCCESS,2026-09-18 08:02:07
PAY-S-00100,,C0031,3345.36,WALLET,SUCCESS,2026-09-18 14:01:07
PAY-S-00101,,C0022,3154.04,WALLET,FAILED,2026-09-18 06:06:20
PAY-S-00102,,C0098,7897.7,CARD,SUCCESS,2026-09-18 08:33:47
PAY-S-00103,,C0018,7309.75,WALLET,SUCCESS,2026-09-18 14:23:41
PAY-S-00104,,C0003,3812.6,NET_BANKING,SUCCESS,2026-09-18 10:35:05
PAY-S-00105,,C0051,7109.28,UPI,SUCCESS,2026-09-18 09:01:10
PAY-S-00106,,C0045,7391.55,WALLET,SUCCESS,2026-09-18 03:56:07
PAY-S-00107,,C0041,6318.16,UPI,SUCCESS,2026-09-18 17:31:14
PAY-S-00108,,C0030,1957.35,UPI,SUCCESS,2026-09-18 05:54:33
PAY-S-00109,,C0064,19769.6,NET_BANKING,SUCCESS,2026-09-18 10:14:29
PAY-S-00110,,C0056,1922.22,WALLET,SUCCESS,2026-09-18 21:57:09
PAY-S-00111,,C0033,6834.5,WALLET,SUCCESS,2026-09-18 20:55:12
PAY-S-00112,,C0011,19344.44,NET_BANKING,SUCCESS,2026-09-18 21:19:04
PAY-S-00113,,C0056,6587.37,CASH,SUCCESS,2026-09-18 05:24:20
PAY-S-00114,,C0100,9076.56,UPI,SUCCESS,2026-09-18 14:50:14
PAY-S-00115,,C0086,7301.95,WALLET,SUCCESS,2026-09-18 05:47:12
PAY-S-00116,,C0068,1659.57,CARD,SUCCESS,2026-09-18 07:09:58
PAY-S-00117,,C0085,5847.8,UPI,SUCCESS,2026-09-18 14:51:13
PAY-S-00118,,C0070,14602.9,UPI,SUCCESS,2026-09-18 14:27:37
PAY-S-00119,,C0016,8466.66,NET_BANKING,SUCCESS,2026-09-18 03:36:02
PAY-S-00120,,C0012,11049.9,CARD,SUCCESS,2026-09-18 23:39:56
PAY-S-00121,,C0059,4419.96,WALLET,SUCCESS,2026-09-18 13:48:20
PAY-S-00122,,C0098,9261.51,CARD,SUCCESS,2026-09-18 15:57:49
PAY-S-00123,,C0062,1931.99,CASH,SUCCESS,2026-09-18 15:42:39
PAY-S-00124,,C0051,7309.75,CARD,SUCCESS,2026-09-18 02:49:20
PAY-S-00125,,C0006,9672.22,WALLET,SUCCESS,2026-09-18 08:18:19
PAY-S-00126,,C0040,18495.8,NET_BANKING,SUCCESS,2026-09-18 08:33:40
PAY-S-00127,,C0098,13349.35,UPI,SUCCESS,2026-09-18 19:14:03
PAY-S-00128,,C0062,5841.16,WALLET,SUCCESS,2026-09-18 02:24:27
PAY-S-00129,,C0036,24411.05,CARD,SUCCESS,2026-09-18 01:21:14
PAY-S-00130,,C0001,19344.44,UPI,SUCCESS,2026-09-18 13:37:35
PAY-S-00131,,C0030,689.36,CASH,SUCCESS,2026-09-18 22:54:07
PAY-S-00132,,C0023,4233.33,CARD,SUCCESS,2026-09-18 14:31:30
PAY-S-00133,,C0052,2196.87,UPI,SUCCESS,2026-09-18 17:18:33
PAY-S-00134,,C0054,14043.0,WALLET,SUCCESS,2026-09-18 19:22:53
PAY-S-00135,,C0046,3658.71,NET_BANKING,SUCCESS,2026-09-18 03:08:14
PAY-S-00136,,C0038,282.12,NET_BANKING,SUCCESS,2026-09-18 06:37:32
PAY-S-00137,,C0084,1676.16,CASH,SUCCESS,2026-09-18 02:32:35
PAY-S-00138,,C0033,5529.35,CARD,SUCCESS,2026-09-18 06:46:48
PAY-S-00139,,C0092,2182.53,CARD,SUCCESS,2026-09-18 12:32:15
PAY-S-00140,,C0094,8051.96,CARD,FAILED,2026-09-18 03:44:13
PAY-S-00141,,C0053,16279.72,NET_BANKING,SUCCESS,2026-09-18 20:00:28
PAY-S-00142,,C0067,1254.27,WALLET,SUCCESS,2026-09-18 17:00:55
PAY-S-00143,,C0008,583.4,CASH,SUCCESS,2026-09-18 20:23:22
PAY-S-00144,,C0090,14410.68,CARD,SUCCESS,2026-09-18 05:00:30
PAY-S-00145,,C0016,3701.94,UPI,SUCCESS,2026-09-18 00:50:54
PAY-S-00146,,C0089,8401.26,NET_BANKING,SUCCESS,2026-09-18 06:48:29
PAY-S-00147,,C0053,22625.6,NET_BANKING,SUCCESS,2026-09-18 19:17:30
PAY-S-00148,,C0056,11097.48,CASH,SUCCESS,2026-09-18 22:23:34
PAY-S-00149,,C0059,2084.47,UPI,SUCCESS,2026-09-18 01:18:23
PAY-S-00150,,C0065,3602.67,NET_BANKING,SUCCESS,2026-09-18 13:15:49
PAY-S-00151,,C0038,2335.71,CASH,SUCCESS,2026-09-18 23:09:39
PAY-S-00152,,C0005,8139.86,CASH,SUCCESS,2026-09-18 09:27:54
PAY-S-00153,,C0078,10181.55,UPI,SUCCESS,2026-09-18 22:23:22
PAY-S-00154,,C0071,2078.8,NET_BANKING,SUCCESS,2026-09-18 14:29:17
PAY-S-00155,,C0078,4281.5,WALLET,SUCCESS,2026-09-18 12:36:53
PAY-S-00156,,C0086,6420.45,WALLET,SUCCESS,2026-09-18 19:37:15
PAY-S-00157,,C0047,8361.62,UPI,SUCCESS,2026-09-18 02:06:31
PAY-S-00158,,C0018,4737.28,NET_BANKING,SUCCESS,2026-09-18 05:16:24
PAY-S-00159,,C0023,1460.39,WALLET,SUCCESS,2026-09-18 22:13:13
PAY-S-00160,,C0071,6184.96,UPI,SUCCESS,2026-09-18 03:38:41
PAY-S-00161,,C0002,7627.11,WALLET,SUCCESS,2026-09-18 02:44:24
PAY-S-00162,,C0008,2140.15,CASH,SUCCESS,2026-09-18 14:23:11
PAY-S-00163,,C0088,2883.33,NET_BANKING,SUCCESS,2026-09-18 00:32:05
PAY-S-00164,,C0029,17017.05,CASH,SUCCESS,2026-09-18 12:31:23
PAY-S-00165,,C0095,14244.42,UPI,SUCCESS,2026-09-18 21:39:18
PAY-S-00166,,C0084,2140.75,WALLET,SUCCESS,2026-09-18 10:51:23
PAY-S-00167,,C0048,11049.9,UPI,SUCCESS,2026-09-18 22:08:43
PAY-S-00168,,C0081,18213.8,UPI,SUCCESS,2026-09-18 09:47:24
PAY-S-00169,,C0015,9106.9,UPI,SUCCESS,2026-09-18 05:35:17
PAY-S-00170,,C0037,4731.06,WALLET,SUCCESS,2026-09-18 17:53:37
PAY-S-00171,,C0031,630.24,CARD,SUCCESS,2026-09-18 21:41:37
PAY-S-00172,,C0022,10108.14,CASH,SUCCESS,2026-09-18 08:01:29
PAY-S-00173,,C0043,583.4,CASH,SUCCESS,2026-09-18 15:53:41
PAY-S-00174,,C0016,18163.24,CASH,SUCCESS,2026-09-18 22:38:23
PAY-S-00175,,C0030,7251.7,WALLET,SUCCESS,2026-09-18 16:15:11
PAY-S-00176,,C0095,10808.01,CASH,SUCCESS,2026-09-18 17:44:57
PAY-S-00177,,C0068,17143.68,UPI,SUCCESS,2026-09-18 10:09:49
PAY-S-00178,,C0046,8841.45,WALLET,SUCCESS,2026-09-18 09:38:45
PAY-S-00179,,C0003,4299.3,NET_BANKING,SUCCESS,2026-09-18 06:44:45
PAY-S-00180,,C0082,4419.96,NET_BANKING,SUCCESS,2026-09-18 17:09:05
PAY-S-00181,,C0080,732.29,NET_BANKING,SUCCESS,2026-09-18 19:17:25
PAY-S-00182,,C0028,22704.05,NET_BANKING,SUCCESS,2026-09-18 14:25:06
PAY-S-00183,,C0010,3159.08,UPI,SUCCESS,2026-09-18 23:48:44
PAY-S-00184,,C0001,10181.55,CARD,SUCCESS,2026-09-18 12:07:56
PAY-S-00185,,C0099,2815.0,NET_BANKING,SUCCESS,2026-09-18 06:15:38
PAY-S-00186,,C0002,652.45,UPI,SUCCESS,2026-09-18 21:01:07
PAY-S-00187,,C0061,861.7,CASH,SUCCESS,2026-09-18 07:31:14
PAY-S-00188,,C0061,2460.58,NET_BANKING,SUCCESS,2026-09-18 11:48:04
PAY-S-00189,,C0008,6318.16,CASH,SUCCESS,2026-09-18 09:51:49
PAY-S-00190,,C0070,550.82,WALLET,SUCCESS,2026-09-18 04:59:26
PAY-S-00191,,C0020,18824.76,CARD,SUCCESS,2026-09-18 05:03:19
PAY-S-00192,,C0086,4737.28,NET_BANKING,SUCCESS,2026-09-18 05:05:38
PAY-S-00193,,C0099,5127.42,WALLET,SUCCESS,2026-09-18 06:50:33
PAY-S-00194,,C0082,12072.8,WALLET,SUCCESS,2026-09-18 09:07:23
PAY-S-00195,,C0053,16777.04,CARD,SUCCESS,2026-09-18 06:41:10
PAY-S-00196,,C0059,10679.48,UPI,SUCCESS,2026-09-18 12:36:37
PAY-S-00197,,C0096,9938.4,NET_BANKING,SUCCESS,2026-09-18 10:07:52
PAY-S-00198,,C0018,3467.13,WALLET,SUCCESS,2026-09-18 18:45:05
PAY-S-00199,,C0011,7205.34,NET_BANKING,SUCCESS,2026-09-18 09:37:13
PAY-S-00200,,C0080,8841.45,WALLET,SUCCESS,2026-09-18 11:15:16
PAY-S-00201,,C0073,11682.32,WALLET,SUCCESS,2026-09-18 16:00:24
PAY-S-00202,,C0059,11516.75,UPI,SUCCESS,2026-09-18 05:39:21
PAY-S-00203,,C0011,18528.92,CASH,SUCCESS,2026-09-18 13:03:18
PAY-S-00204,,C0043,12459.3,CARD,SUCCESS,2026-09-18 04:47:32
PAY-S-00205,,C0036,2201.38,CASH,SUCCESS,2026-09-18 19:40:24
PAY-S-00206,,C0010,2416.44,UPI,SUCCESS,2026-09-18 15:42:14
PAY-S-00207,,C0006,9261.51,WALLET,SUCCESS,2026-09-18 09:59:30
PAY-S-00208,,C0017,287.51,CARD,SUCCESS,2026-09-18 16:51:58
PAY-S-00209,,C0035,9618.15,UPI,SUCCESS,2026-09-18 20:36:39
PAY-S-00210,,C0069,4540.81,WALLET,SUCCESS,2026-09-18 23:47:09
PAY-S-00211,,C0100,12562.17,UPI,SUCCESS,2026-09-18 09:17:21
PAY-S-00212,,C0057,9050.24,CASH,SUCCESS,2026-09-18 21:11:44
PAY-S-00213,,C0033,6308.08,WALLET,SUCCESS,2026-09-18 06:24:09
PAY-S-00214,,C0037,12482.8,CASH,SUCCESS,2026-09-18 05:00:40
PAY-S-00215,,C0075,10574.67,UPI,SUCCESS,2026-09-18 20:55:40
PAY-S-00216,,C0077,6184.96,CARD,SUCCESS,2026-09-18 12:49:11
PAY-S-00217,,C0046,2516.28,UPI,SUCCESS,2026-09-18 13:03:22
PAY-S-00218,,C0093,8998.3,CARD,SUCCESS,2026-09-18 22:30:56
PAY-S-00219,,C0033,12824.2,CARD,SUCCESS,2026-09-18 23:10:08
PAY-S-00220,,C0064,11848.8,NET_BANKING,SUCCESS,2026-09-18 06:45:21
PAY-S-00221,,C0054,8563.0,WALLET,SUCCESS,2026-09-18 04:32:12
PAY-S-00222,,C0072,7833.88,CARD,SUCCESS,2026-09-18 16:26:53
PAY-S-00223,,C0087,1884.79,UPI,SUCCESS,2026-09-18 08:54:05
PAY-S-00224,,C0029,5273.85,CASH,FAILED,2026-09-18 08:02:29
PAY-S-00225,,C0003,141.06,UPI,SUCCESS,2026-09-18 12:05:07
PAY-S-00226,,C0047,10254.84,NET_BANKING,SUCCESS,2026-09-18 06:33:56
PAY-S-00227,,C0057,2252.0,UPI,SUCCESS,2026-09-18 17:57:37
PAY-S-00228,,C0092,5273.85,UPI,SUCCESS,2026-09-18 06:21:21
PAY-S-00229,,C0053,15805.56,CASH,SUCCESS,2026-09-18 00:26:38
PAY-S-00230,,C0036,1922.22,UPI,SUCCESS,2026-09-18 02:41:01
PAY-S-00231,,C0099,4157.6,CASH,SUCCESS,2026-09-18 01:16:02
PAY-S-00232,,C0007,4739.52,WALLET,SUCCESS,2026-09-18 09:03:55
PAY-S-00233,,C0011,10679.48,UPI,SUCCESS,2026-09-18 02:47:16
PAY-S-00234,,C0071,12202.77,CARD,SUCCESS,2026-09-18 19:13:54
PAY-S-00235,,C0016,1454.9,CASH,SUCCESS,2026-09-18 00:05:43
PAY-S-00236,,C0016,10700.75,NET_BANKING,SUCCESS,2026-09-18 10:57:00
PAY-S-00237,,C0041,10088.43,CARD,SUCCESS,2026-09-18 10:25:55
PAY-S-00238,,C0022,8297.85,WALLET,SUCCESS,2026-09-18 11:33:12
PAY-S-00239,,C0035,17143.68,NET_BANKING,SUCCESS,2026-09-18 05:24:07
PAY-S-00240,,C0066,7109.28,UPI,SUCCESS,2026-09-18 14:17:46
PAY-S-00241,,C0020,3206.05,WALLET,SUCCESS,2026-09-18 15:43:53
PAY-S-00242,,C0097,1815.86,WALLET,SUCCESS,2026-09-18 02:11:10
PAY-S-00243,,C0095,1496.62,NET_BANKING,SUCCESS,2026-09-18 00:25:33
PAY-S-00244,,C0042,6038.97,WALLET,SUCCESS,2026-09-18 12:14:06
PAY-S-00245,,C0008,9496.28,WALLET,SUCCESS,2026-09-18 14:59:46
PAY-S-00246,,C0078,4441.93,UPI,SUCCESS,2026-09-18 04:42:38
PAY-S-00247,,C0035,3863.98,WALLET,SUCCESS,2026-09-18 05:22:18
PAY-S-00248,,C0044,172.34,UPI,SUCCESS,2026-09-18 13:04:56
PAY-S-00249,,C0035,2642.58,CARD,SUCCESS,2026-09-18 21:04:30
PAY-S-00250,,C0085,2140.75,WALLET,SUCCESS,2026-09-18 04:35:54
PAY-S-00251,,C0071,1726.61,NET_BANKING,SUCCESS,2026-09-18 04:52:15
PAY-S-00252,,C0072,20971.3,CARD,SUCCESS,2026-09-18 05:45:02
PAY-S-00253,,C0091,1154.86,WALLET,SUCCESS,2026-09-18 07:17:46
PAY-S-00254,,C0022,20765.5,CARD,SUCCESS,2026-09-18 01:21:39
PAY-S-00255,,C0047,5398.98,NET_BANKING,SUCCESS,2026-09-18 21:03:06
PAY-S-00256,,C0036,1778.04,CARD,SUCCESS,2026-09-18 02:40:56
PAY-S-00257,,C0099,246.14,UPI,SUCCESS,2026-09-18 04:31:14
PAY-S-00258,,C0078,7539.16,WALLET,SUCCESS,2026-09-18 07:58:31
PAY-S-00259,,C0021,7727.96,NET_BANKING,SUCCESS,2026-09-18 17:51:50
PAY-S-00260,,C0032,1815.86,CASH,SUCCESS,2026-09-18 19:13:56
PAY-S-00261,,C0007,4684.88,NET_BANKING,SUCCESS,2026-09-18 04:47:13
PAY-S-00262,,C0084,6184.96,UPI,SUCCESS,2026-09-18 01:21:30
PAY-S-00263,,C0074,1461.95,NET_BANKING,FAILED,2026-09-18 22:27:56
PAY-S-00264,,C0055,7897.7,UPI,SUCCESS,2026-09-18 09:55:47
PAY-S-00265,,C0077,12302.9,CARD,SUCCESS,2026-09-18 17:55:47
PAY-S-00266,,C0079,22209.65,CARD,SUCCESS,2026-09-18 08:04:54
PAY-S-00267,,C0004,8775.69,WALLET,SUCCESS,2026-09-18 14:38:06
PAY-S-00268,,C0015,9423.95,WALLET,SUCCESS,2026-09-18 05:48:48
PAY-S-00269,,C0058,5782.2,UPI,SUCCESS,2026-09-18 08:31:16
PAY-S-00270,,C0022,7833.88,NET_BANKING,SUCCESS,2026-09-18 19:24:26
PAY-S-00271,,C0033,6758.04,WALLET,SUCCESS,2026-09-18 09:01:03
PAY-S-00272,,C0037,13251.2,CARD,SUCCESS,2026-09-18 20:49:02
PAY-S-00273,,C0029,8761.74,WALLET,SUCCESS,2026-09-18 08:43:17
PAY-S-00274,,C0081,4882.21,NET_BANKING,SUCCESS,2026-09-18 14:08:43
PAY-S-00275,,C0064,3164.31,UPI,SUCCESS,2026-09-18 02:50:43
PAY-S-00276,,C0004,9777.78,WALLET,SUCCESS,2026-09-18 00:24:00
PAY-S-00277,,C0033,6290.7,CARD,SUCCESS,2026-09-18 04:12:27
PAY-S-00278,,C0099,7833.88,NET_BANKING,SUCCESS,2026-09-18 23:02:11
PAY-S-00279,,C0035,1723.65,WALLET,SUCCESS,2026-09-18 08:25:25
PAY-S-00280,,C0075,1170.6,CARD,SUCCESS,2026-09-18 09:29:10
PAY-S-00281,,C0001,23530.95,UPI,SUCCESS,2026-09-18 13:29:51
PAY-S-00282,,C0022,7020.48,UPI,SUCCESS,2026-09-18 04:52:51
PAY-S-00283,,C0044,4280.3,NET_BANKING,SUCCESS,2026-09-18 19:47:29
PAY-S-00284,,C0069,517.02,CASH,SUCCESS,2026-09-18 02:55:33
PAY-S-00285,,C0038,1437.55,UPI,SUCCESS,2026-09-18 19:42:36
PAY-S-00286,,C0054,10700.75,NET_BANKING,SUCCESS,2026-09-18 17:40:54
PAY-S-00287,,C0070,14118.57,NET_BANKING,SUCCESS,2026-09-18 14:58:11
PAY-S-00288,,C0020,4404.3,NET_BANKING,SUCCESS,2026-09-18 19:27:00
PAY-S-00289,,C0047,652.45,UPI,SUCCESS,2026-09-18 07:47:12
PAY-S-00290,,C0010,4072.62,CASH,SUCCESS,2026-09-18 05:39:48
PAY-S-00291,,C0019,10250.52,CASH,SUCCESS,2026-09-18 21:16:10
PAY-S-00292,,C0036,5390.96,WALLET,SUCCESS,2026-09-18 19:21:15
PAY-S-00293,,C0018,17084.2,UPI,SUCCESS,2026-09-18 03:03:39
PAY-S-00294,,C0077,6725.62,WALLET,SUCCESS,2026-09-18 23:36:34
PAY-S-00295,,C0034,877.95,NET_BANKING,SUCCESS,2026-09-18 18:38:29
PAY-S-00296,,C0012,24943.15,NET_BANKING,SUCCESS,2026-09-18 14:13:54
PAY-S-00297,,C0093,4871.17,UPI,SUCCESS,2026-09-18 13:45:05
PAY-S-00298,,C0070,5304.87,WALLET,SUCCESS,2026-09-18 12:30:05
PAY-S-00299,,C0004,7614.06,CARD,SUCCESS,2026-09-18 07:17:37
PAY-S-00300,,C0047,838.08,CARD,SUCCESS,2026-09-18 15:13:14
PAY-S-00301,,C0018,3345.36,NET_BANKING,SUCCESS,2026-09-18 11:20:27
PAY-S-00302,,C0079,4748.14,UPI,SUCCESS,2026-09-18 03:52:38
PAY-S-00303,,C0036,2695.48,NET_BANKING,SUCCESS,2026-09-18 04:50:12
PAY-S-00304,,C0023,9665.76,WALLET,SUCCESS,2026-09-18 19:06:24
PAY-S-00305,,C0050,5847.8,UPI,SUCCESS,2026-09-18 20:20:26
PAY-S-00306,,C0018,10181.55,NET_BANKING,SUCCESS,2026-09-18 02:32:08
PAY-S-00307,,C0066,3709.26,UPI,SUCCESS,2026-09-18 18:22:23
PAY-S-00308,,C0073,1689.23,NET_BANKING,SUCCESS,2026-09-18 16:31:22
PAY-S-00309,,C0096,12348.68,CARD,SUCCESS,2026-09-18 01:37:29
PAY-S-00310,,C0047,4553.45,CASH,SUCCESS,2026-09-18 11:53:46
PAY-S-00311,,C0086,214.89,UPI,SUCCESS,2026-09-18 05:58:35
PAY-S-00312,,C0040,3518.06,CASH,SUCCESS,2026-09-18 20:35:34
PAY-S-00313,,C0079,1689.0,CARD,SUCCESS,2026-09-18 01:05:12
PAY-S-00314,,C0008,12482.8,WALLET,SUCCESS,2026-09-18 07:16:35
PAY-S-00315,,C0003,6833.68,UPI,SUCCESS,2026-09-18 23:37:05
PAY-S-00316,,C0038,6051.04,CASH,SUCCESS,2026-09-18 06:28:49
PAY-S-00317,,C0048,3596.68,NET_BANKING,SUCCESS,2026-09-18 01:10:11
PAY-S-00318,,C0094,738.42,WALLET,SUCCESS,2026-09-18 04:00:27
PAY-S-00319,,C0080,4978.71,CARD,SUCCESS,2026-09-18 02:50:11
PAY-S-00320,,C0037,4805.55,UPI,SUCCESS,2026-09-18 01:44:42
PAY-S-00321,,C0056,1048.75,NET_BANKING,SUCCESS,2026-09-18 08:46:21
PAY-S-00322,,C0037,517.02,CARD,SUCCESS,2026-09-18 12:02:38
PAY-S-00323,,C0066,3345.36,WALLET,SUCCESS,2026-09-18 04:18:44
PAY-S-00324,,C0068,13575.36,CASH,SUCCESS,2026-09-18 09:31:43
PAY-S-00325,,C0099,606.92,WALLET,SUCCESS,2026-09-18 09:53:08
PAY-S-00326,,C0052,8466.66,UPI,SUCCESS,2026-09-18 08:22:40
PAY-S-00327,,C0033,7709.6,CASH,SUCCESS,2026-09-18 02:44:52
PAY-S-00328,,C0025,1871.78,WALLET,SUCCESS,2026-09-18 20:17:19
PAY-S-00329,,C0038,1463.25,UPI,SUCCESS,2026-09-18 05:44:55
PAY-S-00330,,C0083,1219.57,CASH,SUCCESS,2026-09-18 01:35:50
PAY-S-00331,,C0063,787.8,CARD,SUCCESS,2026-09-18 18:22:41
PAY-S-00332,,C0086,7249.32,WALLET,FAILED,2026-09-18 08:55:07
PAY-S-00333,,C0089,19484.68,WALLET,SUCCESS,2026-09-18 12:12:07
PAY-S-00334,,C0030,5339.74,NET_BANKING,SUCCESS,2026-09-18 14:40:47
PAY-S-00335,,C0009,1805.68,UPI,SUCCESS,2026-09-18 16:23:56
PAY-S-00336,,C0098,1922.22,UPI,SUCCESS,2026-09-18 06:12:56
PAY-S-00337,,C0022,70.53,UPI,SUCCESS,2026-09-18 23:55:19
PAY-S-00338,,C0052,4871.17,CARD,SUCCESS,2026-09-18 04:25:18
PAY-S-00339,,C0045,12348.68,CARD,SUCCESS,2026-09-18 19:19:42
PAY-S-00340,,C0079,14211.84,WALLET,SUCCESS,2026-09-18 04:19:53
PAY-S-00341,,C0089,16161.28,UPI,SUCCESS,2026-09-18 05:09:25
PAY-S-00342,,C0045,8805.52,CARD,SUCCESS,2026-09-18 17:05:38
PAY-S-00343,,C0066,1461.95,CARD,SUCCESS,2026-09-18 07:23:58
PAY-S-00344,,C0087,5209.44,NET_BANKING,SUCCESS,2026-09-18 17:43:18
PAY-S-00345,,C0017,2036.31,NET_BANKING,SUCCESS,2026-09-18 14:32:52
PAY-S-00346,,C0039,3699.16,CASH,SUCCESS,2026-09-18 05:27:23
PAY-S-00347,,C0017,6178.84,CASH,SUCCESS,2026-09-18 05:56:51
PAY-S-00348,,C0048,6412.1,WALLET,SUCCESS,2026-09-18 21:09:39
PAY-S-00349,,C0083,4100.7,CASH,SUCCESS,2026-09-18 15:57:37
PAY-S-00350,,C0036,6515.22,WALLET,SUCCESS,2026-09-18 17:15:00
PAY-S-00351,,C0026,4040.32,CASH,SUCCESS,2026-09-18 15:33:19
PAY-S-00352,,C0071,3596.68,WALLET,SUCCESS,2026-09-18 23:10:21
PAY-S-00353,,C0089,7627.11,CASH,SUCCESS,2026-09-18 17:30:48
PAY-S-00354,,C0025,2909.8,CARD,SUCCESS,2026-09-18 18:10:45
PAY-S-00355,,C0055,859.56,CASH,SUCCESS,2026-09-18 14:26:40
PAY-S-00356,,C0058,4281.5,UPI,SUCCESS,2026-09-18 05:17:22
PAY-S-00357,,C0009,3353.73,NET_BANKING,FAILED,2026-09-18 08:10:59
PAY-S-00358,,C0088,3550.62,CARD,SUCCESS,2026-09-18 20:59:58
PAY-S-00359,,C0011,18100.48,WALLET,SUCCESS,2026-09-18 03:50:40
PAY-S-00360,,C0049,6910.05,CASH,SUCCESS,2026-09-18 01:23:48
PAY-S-00361,,C0005,15603.5,WALLET,SUCCESS,2026-09-18 23:45:57
PAY-S-00362,,C0030,4684.88,CARD,SUCCESS,2026-09-18 17:19:30
PAY-S-00363,,C0075,1101.64,NET_BANKING,SUCCESS,2026-09-18 16:25:38
PAY-S-00364,,C0064,19718.9,CASH,SUCCESS,2026-09-18 03:52:28
PAY-S-00365,,C0066,7676.1,NET_BANKING,SUCCESS,2026-09-18 17:47:35
PAY-S-00366,,C0062,7036.12,NET_BANKING,SUCCESS,2026-09-18 06:32:49
PAY-S-00367,,C0042,1260.36,UPI,SUCCESS,2026-09-18 07:22:05
PAY-S-00368,,C0054,8051.96,UPI,SUCCESS,2026-09-18 11:39:30
PAY-S-00369,,C0028,4935.92,NET_BANKING,SUCCESS,2026-09-18 18:47:34
PAY-S-00370,,C0055,3741.55,CARD,SUCCESS,2026-09-18 19:19:19
PAY-S-00371,,C0086,4040.32,WALLET,SUCCESS,2026-09-18 00:40:13
PAY-S-00372,,C0029,4805.55,UPI,SUCCESS,2026-09-18 12:24:30
PAY-S-00373,,C0023,3699.16,CARD,SUCCESS,2026-09-18 03:01:33
PAY-S-00374,,C0032,14099.56,WALLET,SUCCESS,2026-09-18 06:01:18
PAY-S-00375,,C0100,1659.57,WALLET,SUCCESS,2026-09-18 14:35:15
PAY-S-00376,,C0076,7398.32,CARD,SUCCESS,2026-09-18 11:35:21
PAY-S-00377,,C0055,8135.18,CARD,SUCCESS,2026-09-18 15:32:24
PAY-S-00378,,C0079,14871.5,UPI,SUCCESS,2026-09-18 20:08:44
PAY-S-00379,,C0098,9358.9,WALLET,SUCCESS,2026-09-18 06:18:27
PAY-S-00380,,C0035,6625.6,NET_BANKING,SUCCESS,2026-09-18 07:46:40
PAY-S-00381,,C0009,5507.2,CASH,SUCCESS,2026-09-18 15:28:52
PAY-S-00382,,C0099,10418.88,NET_BANKING,SUCCESS,2026-09-18 11:11:46
PAY-S-00383,,C0094,17221.04,WALLET,SUCCESS,2026-09-18 01:01:06
PAY-S-00384,,C0025,2910.04,CASH,SUCCESS,2026-09-18 17:20:02
PAY-S-00385,,C0039,1171.22,WALLET,SUCCESS,2026-09-18 04:41:53
PAY-S-00386,,C0080,8922.9,NET_BANKING,SUCCESS,2026-09-18 20:47:01
PAY-S-00387,,C0047,6422.25,WALLET,SUCCESS,2026-09-18 05:09:30
PAY-S-00388,,C0073,5273.85,WALLET,SUCCESS,2026-09-18 01:27:48
PAY-S-00389,,C0002,4219.08,CARD,SUCCESS,2026-09-18 17:53:32
PAY-S-00390,,C0046,6758.04,CASH,SUCCESS,2026-09-18 11:22:07
PAY-S-00391,,C0073,16933.32,UPI,SUCCESS,2026-09-18 20:56:42
PAY-S-00392,,C0100,14002.1,WALLET,SUCCESS,2026-09-18 11:39:24
PAY-S-00393,,C0088,5507.2,CARD,SUCCESS,2026-09-18 07:08:14
PAY-S-00394,,C0004,9412.38,WALLET,SUCCESS,2026-09-18 21:39:09
PAY-S-00395,,C0015,18213.8,CASH,SUCCESS,2026-09-18 13:51:41
PAY-S-00396,,C0035,15840.2,CARD,SUCCESS,2026-09-18 05:56:02
PAY-S-00397,,C0012,2508.54,UPI,SUCCESS,2026-09-18 10:15:33
PAY-S-00398,,C0023,689.36,UPI,SUCCESS,2026-09-18 10:00:22
PAY-S-00399,,C0004,4441.93,NET_BANKING,SUCCESS,2026-09-18 08:03:51
PAY-S-00400,,C0016,5209.44,WALLET,SUCCESS,2026-09-18 17:35:59
PAY-S-00401,,C0013,3960.05,UPI,SUCCESS,2026-09-18 01:44:07
PAY-S-00402,,C0088,13667.36,CARD,SUCCESS,2026-09-18 11:21:17
PAY-S-00403,,C0030,9423.95,UPI,SUCCESS,2026-09-18 17:25:10
PAY-S-00404,,C0071,3943.78,CASH,SUCCESS,2026-09-18 08:49:36
PAY-S-00405,,C0050,7814.16,WALLET,SUCCESS,2026-09-18 07:51:44
PAY-S-00406,,C0017,1115.12,CARD,SUCCESS,2026-09-18 06:57:47
PAY-S-00407,,C0037,8552.02,CASH,SUCCESS,2026-09-18 21:08:11
PAY-S-00408,,C0090,652.45,NET_BANKING,SUCCESS,2026-09-18 13:54:24
PAY-S-00409,,C0078,4632.23,CASH,SUCCESS,2026-09-18 08:56:26
PAY-S-00410,,C0053,1829.08,WALLET,SUCCESS,2026-09-18 15:49:37
PAY-S-00411,,C0083,8446.15,UPI,SUCCESS,2026-09-18 01:10:33
PAY-S-00412,,C0084,2733.8,CASH,SUCCESS,2026-09-18 13:26:30
PAY-S-00413,,C0004,16724.96,NET_BANKING,FAILED,2026-09-18 17:34:41
PAY-S-00414,,C0016,831.28,CARD,SUCCESS,2026-09-18 22:57:23
PAY-S-00415,,C0040,902.84,WALLET,SUCCESS,2026-09-18 16:49:18
PAY-S-00416,,C0018,3631.72,UPI,SUCCESS,2026-09-18 04:58:38
PAY-S-00417,,C0043,12582.78,WALLET,SUCCESS,2026-09-18 04:33:10
PAY-S-00418,,C0046,9618.15,WALLET,SUCCESS,2026-09-18 21:18:16
PAY-S-00419,,C0092,5304.87,NET_BANKING,SUCCESS,2026-09-18 04:51:04
PAY-S-00420,,C0090,2920.58,WALLET,SUCCESS,2026-09-18 20:51:52
PAY-S-00421,,C0099,9358.9,UPI,SUCCESS,2026-09-18 00:19:07
PAY-S-00422,,C0019,11282.7,CASH,SUCCESS,2026-09-18 11:47:04
PAY-S-00423,,C0068,3960.05,CASH,SUCCESS,2026-09-18 12:01:37
PAY-S-00424,,C0041,6318.16,CASH,SUCCESS,2026-09-18 14:52:49
PAY-S-00425,,C0037,861.7,CASH,SUCCESS,2026-09-18 14:23:37
PAY-S-00426,,C0070,1906.3,WALLET,SUCCESS,2026-09-18 08:11:14
PAY-S-00427,,C0008,1689.0,NET_BANKING,SUCCESS,2026-09-18 15:41:10
PAY-S-00428,,C0033,3304.32,UPI,SUCCESS,2026-09-18 14:27:43
PAY-S-00429,,C0054,7522.68,CARD,SUCCESS,2026-09-18 13:12:40
PAY-S-00430,,C0013,246.14,NET_BANKING,SUCCESS,2026-09-18 16:49:13
PAY-S-00431,,C0092,1799.66,CASH,SUCCESS,2026-09-18 09:21:18
PAY-S-00432,,C0018,1871.78,CASH,SUCCESS,2026-09-18 15:18:51
PAY-S-00433,,C0050,1126.0,NET_BANKING,SUCCESS,2026-09-18 19:02:06
PAY-S-00434,,C0037,8361.84,WALLET,SUCCESS,2026-09-18 15:12:37
PAY-S-00435,,C0035,5795.97,CASH,SUCCESS,2026-09-18 01:38:33
PAY-S-00436,,C0084,6182.1,NET_BANKING,FAILED,2026-09-18 16:02:10
PAY-S-00437,,C0095,12072.8,CARD,SUCCESS,2026-09-18 10:00:35
PAY-S-00438,,C0009,16270.36,NET_BANKING,SUCCESS,2026-09-18 05:46:56
PAY-S-00439,,C0044,18992.56,UPI,SUCCESS,2026-09-18 10:55:06
PAY-S-00440,,C0004,1884.79,CASH,SUCCESS,2026-09-18 02:36:43
PAY-S-00441,,C0022,4495.85,NET_BANKING,SUCCESS,2026-09-18 04:54:28
PAY-S-00442,,C0069,4196.17,WALLET,SUCCESS,2026-09-18 19:29:44
PAY-S-00443,,C0007,9358.9,NET_BANKING,SUCCESS,2026-09-18 00:37:39
PAY-S-00444,,C0011,2416.44,CASH,SUCCESS,2026-09-18 09:45:53
PAY-S-00445,,C0070,5179.83,CARD,SUCCESS,2026-09-18 05:00:25
PAY-S-00446,,C0093,644.67,CARD,SUCCESS,2026-09-18 15:31:26
PAY-S-00447,,C0031,429.78,WALLET,SUCCESS,2026-09-18 15:35:55
PAY-S-00448,,C0080,630.24,WALLET,FAILED,2026-09-18 05:02:05
PAY-S-00449,,C0055,1799.66,CASH,SUCCESS,2026-09-18 21:44:53
PAY-S-00450,,C0030,1778.04,CASH,SUCCESS,2026-09-18 17:20:56
PAY-S-00451,,C0089,4233.33,CASH,SUCCESS,2026-09-18 02:21:07
PAY-S-00452,,C0078,1149.1,CARD,SUCCESS,2026-09-18 00:49:45
PAY-S-00453,,C0016,20904.6,UPI,SUCCESS,2026-09-18 03:35:44
PAY-S-00454,,C0015,3699.16,NET_BANKING,SUCCESS,2026-09-18 14:50:35
PAY-S-00455,,C0043,17017.05,CASH,SUCCESS,2026-09-18 18:26:26
PAY-S-00456,,C0087,7049.78,WALLET,SUCCESS,2026-09-18 14:23:12
PAY-S-00457,,C0076,3319.14,CASH,SUCCESS,2026-09-18 12:17:06
PAY-S-00458,,C0040,3319.14,CARD,SUCCESS,2026-09-18 03:20:43
PAY-S-00459,,C0067,1236.42,WALLET,SUCCESS,2026-09-18 18:52:57
PAY-S-00460,,C0020,14796.64,WALLET,FAILED,2026-09-18 02:09:02
PAY-S-00461,,C0075,17017.05,WALLET,SUCCESS,2026-09-18 15:10:30
PAY-S-00462,,C0005,3602.67,WALLET,SUCCESS,2026-09-18 05:18:57
PAY-S-00463,,C0004,20906.2,CARD,SUCCESS,2026-09-18 10:26:09
PAY-S-00464,,C0057,2667.06,CARD,SUCCESS,2026-09-18 08:41:10
PAY-S-00465,,C0008,5507.2,UPI,SUCCESS,2026-09-18 14:52:59
PAY-S-00466,,C0060,10254.84,CARD,SUCCESS,2026-09-18 11:03:53
PAY-S-00467,,C0019,7020.48,CARD,SUCCESS,2026-09-18 02:20:43
PAY-S-00468,,C0020,11284.02,CARD,SUCCESS,2026-09-18 00:46:26
PAY-S-00469,,C0068,8009.61,WALLET,SUCCESS,2026-09-18 16:56:20
PAY-S-00470,,C0009,20904.6,CARD,SUCCESS,2026-09-18 12:17:09
PAY-S-00471,,C0082,14433.32,WALLET,SUCCESS,2026-09-18 21:44:24
PAY-S-00472,,C0022,7049.78,CARD,SUCCESS,2026-09-18 01:24:51
PAY-S-00473,,C0050,8610.52,WALLET,SUCCESS,2026-09-18 05:01:28
PAY-S-00474,,C0023,961.11,WALLET,SUCCESS,2026-09-18 06:40:35
PAY-S-00475,,C0009,2084.47,UPI,SUCCESS,2026-09-18 03:22:53
PAY-S-00476,,C0061,4632.23,WALLET,SUCCESS,2026-09-18 19:31:24
PAY-S-00477,,C0029,2078.8,CASH,SUCCESS,2026-09-18 01:05:34
PAY-S-00478,,C0019,3556.08,NET_BANKING,SUCCESS,2026-09-18 16:30:27
PAY-S-00479,,C0031,3661.45,NET_BANKING,SUCCESS,2026-09-18 11:50:26
PAY-S-00480,,C0020,19800.25,WALLET,SUCCESS,2026-09-18 21:36:35
PAY-S-00481,,C0043,16270.36,UPI,SUCCESS,2026-09-18 13:08:05
PAY-S-00482,,C0059,10679.48,WALLET,SUCCESS,2026-09-18 15:09:33
PAY-S-00483,,C0100,4445.1,CARD,SUCCESS,2026-09-18 02:52:16
PAY-S-00484,,C0048,344.68,CARD,SUCCESS,2026-09-18 03:07:39
PAY-S-00485,,C0085,585.3,NET_BANKING,SUCCESS,2026-09-18 14:24:41
PAY-S-00486,,C0055,14613.51,CARD,SUCCESS,2026-09-18 21:07:30
PAY-S-00487,,C0028,1579.54,NET_BANKING,SUCCESS,2026-09-18 00:09:48
PAY-S-00488,,C0077,24355.85,CASH,SUCCESS,2026-09-18 05:06:05
PAY-S-00489,,C0010,4069.93,CASH,SUCCESS,2026-09-18 06:19:26
PAY-S-00490,,C0077,4181.24,WALLET,SUCCESS,2026-09-18 03:57:06
PAY-S-00491,,C0049,3812.6,CASH,SUCCESS,2026-09-18 02:24:46
PAY-S-00492,,C0055,1798.34,WALLET,SUCCESS,2026-09-18 15:45:54
PAY-S-00493,,C0075,1922.22,CASH,SUCCESS,2026-09-18 02:32:50
PAY-S-00494,,C0080,630.24,UPI,SUCCESS,2026-09-18 01:11:24
PAY-S-00495,,C0044,11880.15,WALLET,FAILED,2026-09-18 08:43:42
PAY-S-00496,,C0080,13575.36,UPI,SUCCESS,2026-09-18 16:35:07
PAY-S-00497,,C0073,3943.78,CARD,SUCCESS,2026-09-18 08:09:47
PAY-S-00498,,C0025,3257.61,CASH,SUCCESS,2026-09-18 09:43:51
PAY-S-00499,,C0045,9106.9,CARD,SUCCESS,2026-09-18 03:26:29
PAY-S-00500,,C0047,652.45,WALLET,SUCCESS,2026-09-18 18:11:17
PAY-S-00501,,C0071,21429.6,UPI,SUCCESS,2026-09-18 03:41:08
PAY-S-00502,,C0056,2303.35,WALLET,SUCCESS,2026-09-18 23:27:34
PAY-S-00503,,C0061,4882.21,CASH,SUCCESS,2026-09-18 16:52:28
PAY-S-00504,,C0057,3741.55,NET_BANKING,SUCCESS,2026-09-18 07:46:25
PAY-S-00505,,C0031,2439.14,NET_BANKING,SUCCESS,2026-09-18 21:10:44
PAY-S-00506,,C0094,4025.98,WALLET,SUCCESS,2026-09-18 21:50:51
PAY-S-00507,,C0049,7814.16,WALLET,SUCCESS,2026-09-18 10:39:51
PAY-S-00508,,C0001,9362.1,WALLET,SUCCESS,2026-09-18 06:59:09
PAY-S-00509,,C0086,880.86,CASH,SUCCESS,2026-09-18 20:19:46
PAY-S-00510,,C0033,4419.96,CASH,SUCCESS,2026-09-18 01:12:15
PAY-S-00511,,C0031,2182.35,CASH,SUCCESS,2026-09-18 22:40:14
PAY-S-00512,,C0083,2956.62,WALLET,SUCCESS,2026-09-18 03:43:45
PAY-S-00513,,C0070,1496.62,CASH,SUCCESS,2026-09-18 10:59:08
PAY-S-00514,,C0074,2845.02,CASH,SUCCESS,2026-09-18 23:47:24
PAY-S-00515,,C0021,3523.44,NET_BANKING,SUCCESS,2026-09-18 04:25:13
PAY-S-00516,,C0055,5243.75,CARD,SUCCESS,2026-09-18 05:27:38
PAY-S-00517,,C0007,3943.78,UPI,SUCCESS,2026-09-18 14:09:08
PAY-S-00518,,C0020,16030.25,WALLET,SUCCESS,2026-09-18 11:06:18
PAY-S-00519,,C0049,9792.35,CARD,SUCCESS,2026-09-18 01:51:04
PAY-S-00520,,C0058,4731.06,CASH,SUCCESS,2026-09-18 10:05:23
PAY-S-00521,,C0100,2303.35,UPI,SUCCESS,2026-09-18 12:00:07
PAY-S-00522,,C0004,3892.85,NET_BANKING,SUCCESS,2026-09-18 01:28:43
PAY-S-00523,,C0015,5273.85,CASH,SUCCESS,2026-09-18 00:35:40
PAY-S-00524,,C0062,10088.43,UPI,SUCCESS,2026-09-18 23:06:16
PAY-S-00525,,C0015,16749.56,UPI,FAILED,2026-09-18 18:13:57
PAY-S-00526,,C0093,7251.7,NET_BANKING,SUCCESS,2026-09-18 11:52:53
PAY-S-00527,,C0065,1906.3,CARD,SUCCESS,2026-09-18 21:40:27
PAY-S-00528,,C0035,5390.96,UPI,SUCCESS,2026-09-18 03:24:02
PAY-S-00529,,C0044,4460.48,CARD,SUCCESS,2026-09-18 20:18:33
PAY-S-00530,,C0072,2695.48,CASH,SUCCESS,2026-09-18 02:31:10
PAY-S-00531,,C0017,942.88,CASH,SUCCESS,2026-09-18 12:28:49
PAY-S-00532,,C0062,2182.35,CARD,SUCCESS,2026-09-18 18:47:02
PAY-S-00533,,C0051,13013.97,UPI,SUCCESS,2026-09-18 15:04:51
PAY-S-00534,,C0042,2642.58,CASH,SUCCESS,2026-09-18 10:36:20
PAY-S-00535,,C0061,415.64,WALLET,FAILED,2026-09-18 08:55:08
PAY-S-00536,,C0076,12542.43,CARD,SUCCESS,2026-09-18 13:48:53
PAY-S-00537,,C0004,2872.75,CASH,SUCCESS,2026-09-18 21:56:58
PAY-S-00538,,C0033,8401.26,WALLET,SUCCESS,2026-09-18 19:24:09
PAY-S-00539,,C0041,3362.81,NET_BANKING,SUCCESS,2026-09-18 20:05:50
PAY-S-00540,,C0021,2095.2,UPI,SUCCESS,2026-09-18 00:26:26
PAY-S-00541,,C0003,22625.6,NET_BANKING,SUCCESS,2026-09-18 15:22:51
PAY-S-00542,,C0055,5847.8,CASH,SUCCESS,2026-09-18 21:39:40
PAY-S-00543,,C0034,3971.12,CASH,SUCCESS,2026-09-18 11:05:40
PAY-S-00544,,C0084,9496.28,NET_BANKING,SUCCESS,2026-09-18 02:26:50
PAY-S-00545,,C0016,7216.66,CASH,SUCCESS,2026-09-18 14:34:16
PAY-S-00546,,C0067,10808.01,CARD,SUCCESS,2026-09-18 23:22:06
PAY-S-00547,,C0033,16895.1,NET_BANKING,SUCCESS,2026-09-18 20:23:33
PAY-S-00548,,C0014,4381.17,CARD,SUCCESS,2026-09-18 12:49:04
PAY-S-00549,,C0066,1171.22,NET_BANKING,SUCCESS,2026-09-18 15:05:04
PAY-S-00550,,C0056,5615.34,CARD,SUCCESS,2026-09-18 11:48:03
PAY-S-00551,,C0015,3916.94,CARD,SUCCESS,2026-09-18 15:19:36
PAY-S-00552,,C0070,3916.94,CASH,SUCCESS,2026-09-18 18:37:37
PAY-S-00553,,C0038,12542.76,CARD,SUCCESS,2026-09-18 11:37:09
PAY-S-00554,,C0094,914.54,CASH,SUCCESS,2026-09-18 18:57:21
PAY-S-00555,,C0070,12897.9,NET_BANKING,SUCCESS,2026-09-18 14:59:40
PAY-S-00556,,C0058,7833.88,UPI,SUCCESS,2026-09-18 03:38:59
PAY-S-00557,,C0094,19954.52,CASH,SUCCESS,2026-09-18 18:48:32
PAY-S-00558,,C0046,914.54,CARD,FAILED,2026-09-18 03:24:48
PAY-S-00559,,C0004,1377.05,UPI,SUCCESS,2026-09-18 17:39:25
PAY-S-00560,,C0084,11831.34,UPI,FAILED,2026-09-18 23:53:11
PAY-S-00561,,C0063,11282.7,UPI,SUCCESS,2026-09-18 17:58:39
PAY-S-00562,,C0054,3378.46,CARD,SUCCESS,2026-09-18 11:27:44
PAY-S-00563,,C0038,1246.92,UPI,SUCCESS,2026-09-18 02:25:10
PAY-S-00564,,C0081,17590.3,CARD,SUCCESS,2026-09-18 07:40:06
PAY-S-00565,,C0052,3416.84,UPI,SUCCESS,2026-09-18 14:18:44
PAY-S-00566,,C0085,2414.56,NET_BANKING,SUCCESS,2026-09-18 03:40:39
PAY-S-00567,,C0083,315.12,NET_BANKING,SUCCESS,2026-09-18 09:58:43
PAY-S-00568,,C0047,7539.16,NET_BANKING,SUCCESS,2026-09-18 22:50:15
PAY-S-00569,,C0010,17084.2,UPI,SUCCESS,2026-09-18 13:40:46
PAY-S-00570,,C0074,859.56,WALLET,SUCCESS,2026-09-18 07:43:02
PAY-S-00571,,C0017,1236.42,CASH,SUCCESS,2026-09-18 17:02:00
PAY-S-00572,,C0056,22704.05,CARD,SUCCESS,2026-09-18 14:23:50
PAY-S-00573,,C0017,8361.84,CARD,SUCCESS,2026-09-18 13:20:21
PAY-S-00574,,C0064,1155.71,NET_BANKING,SUCCESS,2026-09-18 19:18:40
PAY-S-00575,,C0003,11854.17,CASH,SUCCESS,2026-09-18 09:39:34
PAY-S-00576,,C0081,9742.34,CARD,SUCCESS,2026-09-18 13:47:38
PAY-S-00577,,C0026,2367.08,CARD,FAILED,2026-09-18 11:55:34
PAY-S-00578,,C0037,4684.88,WALLET,SUCCESS,2026-09-18 20:09:55
PAY-S-00579,,C0032,8761.74,NET_BANKING,SUCCESS,2026-09-18 22:28:40
PAY-S-00580,,C0063,1726.61,UPI,SUCCESS,2026-09-18 09:33:49
PAY-S-00581,,C0062,22704.05,UPI,SUCCESS,2026-09-18 23:57:16
PAY-S-00582,,C0058,11897.2,WALLET,SUCCESS,2026-09-18 06:54:18
PAY-S-00583,,C0092,457.27,NET_BANKING,SUCCESS,2026-09-18 16:45:03
PAY-S-00584,,C0003,10210.23,WALLET,SUCCESS,2026-09-18 13:27:03
PAY-S-00585,,C0005,13667.36,CASH,SUCCESS,2026-09-18 16:54:38
PAY-S-00586,,C0006,1258.14,CASH,SUCCESS,2026-09-18 17:06:56
PAY-S-00587,,C0098,3741.55,NET_BANKING,SUCCESS,2026-09-18 08:54:01
PAY-S-00588,,C0029,12857.76,CARD,SUCCESS,2026-09-18 21:10:00
PAY-S-00589,,C0081,4100.7,WALLET,SUCCESS,2026-09-18 00:45:08
PAY-S-00590,,C0021,9672.22,CASH,SUCCESS,2026-09-18 17:19:49
PAY-S-00591,,C0068,3761.34,WALLET,SUCCESS,2026-09-18 12:53:10
PAY-S-00592,,C0086,5841.16,UPI,SUCCESS,2026-09-18 17:36:59
PAY-S-00593,,C0021,11626.6,UPI,SUCCESS,2026-09-18 14:34:07
PAY-S-00594,,C0037,6301.8,CASH,SUCCESS,2026-09-18 21:33:59
PAY-S-00595,,C0052,12209.79,UPI,SUCCESS,2026-09-18 02:08:53
PAY-S-00596,,C0053,7676.1,CASH,SUCCESS,2026-09-18 04:46:01
PAY-S-00597,,C0032,13037.04,WALLET,SUCCESS,2026-09-18 09:42:08
PAY-S-00598,,C0077,1577.02,NET_BANKING,SUCCESS,2026-09-18 15:35:38
PAY-S-00599,,C0036,7887.56,CARD,SUCCESS,2026-09-18 17:21:40
PAY-S-00600,,C0028,4805.55,CASH,SUCCESS,2026-09-18 07:20:32
PAY-S-00601,,C0016,778.57,CASH,SUCCESS,2026-09-18 04:39:53
PAY-S-00602,,C0014,8374.78,CARD,SUCCESS,2026-09-18 16:33:25
PAY-S-00603,,C0090,2357.2,NET_BANKING,SUCCESS,2026-09-18 10:44:18
PAY-S-00604,,C0084,1230.7,WALLET,SUCCESS,2026-09-18 20:25:47
PAY-S-00605,,C0017,13037.04,UPI,SUCCESS,2026-09-18 22:16:45
PAY-S-00606,,C0031,630.24,WALLET,SUCCESS,2026-09-18 11:33:46
PAY-S-00607,,C0027,6271.35,CARD,SUCCESS,2026-09-18 21:28:21
PAY-S-00608,,C0039,2084.47,NET_BANKING,SUCCESS,2026-09-18 03:14:38
PAY-S-00609,,C0084,14433.32,CASH,SUCCESS,2026-09-18 23:01:09
PAY-S-00610,,C0027,14211.84,UPI,SUCCESS,2026-09-18 22:35:03
PAY-S-00611,,C0016,6910.05,WALLET,SUCCESS,2026-09-18 18:36:59
PAY-S-00612,,C0081,4540.81,NET_BANKING,SUCCESS,2026-09-18 19:59:46
PAY-S-00613,,C0030,10394.0,CASH,SUCCESS,2026-09-18 00:05:11
PAY-S-00614,,C0083,15840.2,CARD,SUCCESS,2026-09-18 10:43:48
PAY-S-00615,,C0053,6241.4,UPI,SUCCESS,2026-09-18 01:10:02
PAY-S-00616,,C0094,10554.18,CARD,SUCCESS,2026-09-18 16:15:06
PAY-S-00617,,C0090,4734.16,UPI,SUCCESS,2026-09-18 23:16:44
PAY-S-00618,,C0100,3319.14,WALLET,SUCCESS,2026-09-18 09:26:00
PAY-S-00619,,C0026,2604.72,NET_BANKING,SUCCESS,2026-09-18 23:59:59
PAY-S-00620,,C0031,18992.56,WALLET,SUCCESS,2026-09-18 01:13:13
PAY-S-00621,,C0065,574.55,WALLET,SUCCESS,2026-09-18 17:51:14
PAY-S-00622,,C0013,4285.92,CARD,SUCCESS,2026-09-18 03:52:35
PAY-S-00623,,C0063,24943.15,CASH,SUCCESS,2026-09-18 10:17:18
PAY-S-00624,,C0001,2414.56,CARD,SUCCESS,2026-09-18 03:10:56
PAY-S-00625,,C0085,4935.92,NET_BANKING,SUCCESS,2026-09-18 07:43:28
PAY-S-00626,,C0012,14244.42,CARD,SUCCESS,2026-09-18 02:52:09
PAY-S-00627,,C0012,3353.73,CARD,SUCCESS,2026-09-18 14:02:55
PAY-S-00628,,C0006,1101.64,CARD,SUCCESS,2026-09-18 15:51:08
PAY-S-00629,,C0066,9777.78,NET_BANKING,SUCCESS,2026-09-18 17:20:51
PAY-S-00630,,C0043,20349.65,NET_BANKING,FAILED,2026-09-18 17:03:21
PAY-S-00631,,C0046,14965.89,UPI,SUCCESS,2026-09-18 18:12:16
PAY-S-00632,,C0056,3518.06,CASH,SUCCESS,2026-09-18 15:26:47
PAY-S-00633,,C0091,2095.2,UPI,SUCCESS,2026-09-18 01:54:11
PAY-S-00634,,C0043,575.02,WALLET,SUCCESS,2026-09-18 19:35:05
PAY-S-00635,,C0074,14965.89,WALLET,SUCCESS,2026-09-18 16:38:52
PAY-S-00636,,C0099,7109.28,CASH,SUCCESS,2026-09-18 08:49:24
PAY-S-00637,,C0033,2182.35,UPI,SUCCESS,2026-09-18 06:41:04
PAY-S-00638,,C0090,914.54,NET_BANKING,SUCCESS,2026-09-18 16:18:53
PAY-S-00639,,C0093,7522.68,UPI,SUCCESS,2026-09-18 08:20:03
PAY-S-00640,,C0015,2925.23,CARD,SUCCESS,2026-09-18 17:59:54
PAY-S-00641,,C0003,1233.98,WALLET,SUCCESS,2026-09-18 21:38:46
PAY-S-00642,,C0004,577.43,NET_BANKING,SUCCESS,2026-09-18 00:15:52
PAY-S-00643,,C0012,8362.48,UPI,SUCCESS,2026-09-18 14:34:06
PAY-S-00644,,C0094,4419.96,CASH,SUCCESS,2026-09-18 14:41:08
PAY-S-00645,,C0043,12857.76,CARD,SUCCESS,2026-09-18 05:19:22
PAY-S-00646,,C0093,1183.54,NET_BANKING,SUCCESS,2026-09-18 15:08:22
PAY-S-00647,,C0082,3120.7,WALLET,SUCCESS,2026-09-18 23:27:50
PAY-S-00648,,C0044,9081.62,CASH,SUCCESS,2026-09-18 09:36:38
PAY-S-00649,,C0011,2460.58,UPI,SUCCESS,2026-09-18 04:15:58
PAY-S-00650,,C0068,8805.52,WALLET,SUCCESS,2026-09-18 09:11:40
PAY-S-00651,,C0087,4168.94,CARD,SUCCESS,2026-09-18 21:46:40
PAY-S-00652,,C0003,12915.78,NET_BANKING,SUCCESS,2026-09-18 13:20:42
PAY-S-00653,,C0082,3164.31,CARD,SUCCESS,2026-09-18 04:19:34
PAY-S-00654,,C0035,2604.72,NET_BANKING,FAILED,2026-09-18 15:17:49
PAY-S-00655,,C0008,11284.02,NET_BANKING,FAILED,2026-09-18 20:31:56
PAY-S-00656,,C0055,13037.04,NET_BANKING,SUCCESS,2026-09-18 13:11:41
PAY-S-00657,,C0008,1171.22,NET_BANKING,SUCCESS,2026-09-18 17:17:11
PAY-S-00658,,C0100,2140.15,CASH,SUCCESS,2026-09-18 12:21:27
PAY-S-00659,,C0097,14099.56,CARD,SUCCESS,2026-09-18 21:56:05
PAY-S-00660,,C0097,2256.54,UPI,SUCCESS,2026-09-18 12:38:54
PAY-S-00661,,C0099,7539.16,NET_BANKING,SUCCESS,2026-09-18 00:59:57
PAY-S-00662,,C0093,4405.76,CARD,SUCCESS,2026-09-18 06:31:09
PAY-S-00663,,C0098,1805.68,CASH,SUCCESS,2026-09-18 03:37:22
PAY-S-00664,,C0070,13013.97,UPI,SUCCESS,2026-09-18 05:40:27
PAY-S-00665,,C0058,8466.66,CASH,SUCCESS,2026-09-18 22:18:47
PAY-S-00666,,C0010,16279.72,NET_BANKING,SUCCESS,2026-09-18 16:35:09
PAY-S-00667,,C0073,21669.15,CASH,SUCCESS,2026-09-18 16:59:28
PAY-S-00668,,C0036,3960.05,WALLET,SUCCESS,2026-09-18 11:35:34
PAY-S-00669,,C0031,13622.43,CARD,SUCCESS,2026-09-18 09:18:58
PAY-S-00670,,C0067,8783.16,WALLET,SUCCESS,2026-09-18 05:36:12
PAY-S-00671,,C0017,11700.92,WALLET,SUCCESS,2026-09-18 14:36:50
PAY-S-00672,,C0075,151.73,CASH,SUCCESS,2026-09-18 16:18:55
PAY-S-00673,,C0052,1219.57,CASH,SUCCESS,2026-09-18 19:45:30
PAY-S-00674,,C0052,2800.42,CARD,SUCCESS,2026-09-18 00:26:34
PAY-S-00675,,C0065,4219.08,NET_BANKING,SUCCESS,2026-09-18 22:52:51
PAY-S-00676,,C0045,4180.92,NET_BANKING,SUCCESS,2026-09-18 22:05:53
PAY-S-00677,,C0085,9742.34,UPI,SUCCESS,2026-09-18 18:33:03
PAY-S-00678,,C0041,7625.2,WALLET,SUCCESS,2026-09-18 13:29:43
PAY-S-00679,,C0032,2923.9,NET_BANKING,SUCCESS,2026-09-18 01:17:21
PAY-S-00680,,C0005,6062.45,WALLET,SUCCESS,2026-09-18 19:36:06
PAY-S-00681,,C0059,3658.71,CASH,SUCCESS,2026-09-18 09:40:46
PAY-S-00682,,C0018,6604.14,NET_BANKING,SUCCESS,2026-09-18 10:00:46
PAY-S-00683,,C0067,2697.51,NET_BANKING,SUCCESS,2026-09-18 03:17:49
PAY-S-00684,,C0079,2084.47,CARD,SUCCESS,2026-09-18 16:34:51
PAY-S-00685,,C0019,12357.68,WALLET,SUCCESS,2026-09-18 19:32:57
PAY-S-00686,,C0060,2333.6,WALLET,SUCCESS,2026-09-18 14:47:58
PAY-S-00687,,C0025,1750.2,CARD,SUCCESS,2026-09-18 19:47:08
PAY-S-00688,,C0046,10250.52,UPI,SUCCESS,2026-09-18 05:30:42
PAY-S-00689,,C0070,3971.12,WALLET,SUCCESS,2026-09-18 05:06:16
PAY-S-00690,,C0001,5575.6,CARD,SUCCESS,2026-09-18 11:54:56
PAY-S-00691,,C0056,8401.26,WALLET,SUCCESS,2026-09-18 02:12:23
PAY-S-00692,,C0030,22449.45,WALLET,SUCCESS,2026-09-18 15:50:26
PAY-S-00693,,C0033,4737.28,CASH,SUCCESS,2026-09-18 19:44:02
PAY-S-00694,,C0078,3699.16,CARD,SUCCESS,2026-09-18 19:06:09
PAY-S-00695,,C0007,9474.56,NET_BANKING,SUCCESS,2026-09-18 15:17:58
PAY-S-00696,,C0067,2309.72,UPI,SUCCESS,2026-09-18 16:56:26
PAY-S-00697,,C0028,2357.2,CASH,SUCCESS,2026-09-18 06:41:29
PAY-S-00698,,C0007,1212.49,CASH,SUCCESS,2026-09-18 10:21:14
PAY-S-00699,,C0063,2311.42,CASH,SUCCESS,2026-09-18 17:20:54
PAY-S-00700,,C0031,3661.45,NET_BANKING,SUCCESS,2026-09-18 06:57:22
PAY-S-00701,,C0051,12357.68,CASH,SUCCESS,2026-09-18 18:09:56
PAY-S-00702,,C0002,859.56,CASH,SUCCESS,2026-09-18 06:17:33
PAY-S-00703,,C0029,4181.24,WALLET,SUCCESS,2026-09-18 21:26:16
PAY-S-00704,,C0054,1258.14,UPI,SUCCESS,2026-09-18 22:06:17
PAY-S-00705,,C0017,11682.32,NET_BANKING,SUCCESS,2026-09-18 04:54:20
PAY-S-00706,,C0029,24355.85,CARD,SUCCESS,2026-09-18 01:31:23
PAY-S-00707,,C0037,2202.88,CASH,SUCCESS,2026-09-18 01:24:05
PAY-S-00708,,C0085,5507.2,CARD,SUCCESS,2026-09-18 00:35:02
PAY-S-00709,,C0071,11880.15,CASH,SUCCESS,2026-09-18 11:19:46
PAY-S-00710,,C0042,2920.78,NET_BANKING,SUCCESS,2026-09-18 13:45:40
PAY-S-00711,,C0061,315.12,CARD,SUCCESS,2026-09-18 11:19:47
PAY-S-00712,,C0063,3631.72,CARD,SUCCESS,2026-09-18 02:02:52
PAY-S-00713,,C0042,1689.0,CASH,SUCCESS,2026-09-18 01:26:49
PAY-S-00714,,C0030,6738.76,CARD,SUCCESS,2026-09-18 14:06:19
PAY-S-00715,,C0006,17104.04,CARD,SUCCESS,2026-09-18 04:05:51
PAY-S-00716,,C0097,12915.78,WALLET,SUCCESS,2026-09-18 15:55:15
PAY-S-00717,,C0021,12209.79,CARD,SUCCESS,2026-09-18 23:19:31
PAY-S-00718,,C0079,6420.45,UPI,SUCCESS,2026-09-18 16:59:45
PAY-S-00719,,C0036,7522.68,CARD,SUCCESS,2026-09-18 22:56:50
PAY-S-00720,,C0002,6725.62,UPI,SUCCESS,2026-09-18 18:22:11
PAY-S-00721,,C0013,5801.36,UPI,SUCCESS,2026-09-18 09:05:02
PAY-S-00722,,C0066,914.54,CASH,SUCCESS,2026-09-18 22:05:49
PAY-S-00723,,C0016,3769.58,WALLET,SUCCESS,2026-09-18 17:06:09
PAY-S-00724,,C0100,838.08,UPI,SUCCESS,2026-09-18 10:18:59
PAY-S-00725,,C0047,1662.56,CARD,SUCCESS,2026-09-18 05:14:06
PAY-S-00726,,C0007,6097.85,NET_BANKING,SUCCESS,2026-09-18 02:04:52
PAY-S-00727,,C0013,17197.2,UPI,SUCCESS,2026-09-18 16:13:47
PAY-S-00728,,C0033,11854.17,WALLET,SUCCESS,2026-09-18 17:53:01
PAY-S-00729,,C0087,9659.95,CASH,SUCCESS,2026-09-18 09:26:32
PAY-S-00730,,C0097,1460.39,WALLET,SUCCESS,2026-09-18 13:43:04
PAY-S-00731,,C0047,748.31,CASH,SUCCESS,2026-09-18 12:09:15
PAY-S-00732,,C0028,14099.56,WALLET,SUCCESS,2026-09-18 16:28:30
PAY-S-00733,,C0043,6738.76,UPI,SUCCESS,2026-09-18 21:08:21
PAY-S-00734,,C0004,13613.64,NET_BANKING,SUCCESS,2026-09-18 08:01:34
PAY-S-00735,,C0037,11897.2,NET_BANKING,SUCCESS,2026-09-18 17:24:04
PAY-S-00736,,C0021,4978.71,CASH,SUCCESS,2026-09-18 08:38:54
PAY-S-00737,,C0075,2252.0,CARD,SUCCESS,2026-09-18 19:12:32
PAY-S-00738,,C0057,3661.45,NET_BANKING,SUCCESS,2026-09-18 05:12:38
PAY-S-00739,,C0062,3416.84,UPI,SUCCESS,2026-09-18 05:33:40
PAY-S-00740,,C0092,2342.44,UPI,SUCCESS,2026-09-18 21:49:12
PAY-S-00741,,C0036,10554.18,NET_BANKING,SUCCESS,2026-09-18 15:46:48
PAY-S-00742,,C0011,2097.5,UPI,SUCCESS,2026-09-18 22:22:22
PAY-S-00743,,C0067,3631.72,CARD,SUCCESS,2026-09-18 13:47:35
PAY-S-00744,,C0013,18824.76,CASH,SUCCESS,2026-09-18 15:08:06
PAY-S-00745,,C0004,1377.05,UPI,SUCCESS,2026-09-18 22:24:01
PAY-S-00746,,C0080,7731.2,WALLET,SUCCESS,2026-09-18 11:56:01
PAY-S-00747,,C0091,550.82,CARD,SUCCESS,2026-09-18 06:44:42
PAY-S-00748,,C0076,9842.32,WALLET,SUCCESS,2026-09-18 05:59:50
PAY-S-00749,,C0048,574.55,NET_BANKING,SUCCESS,2026-09-18 09:06:12
PAY-S-00750,,C0023,10530.72,CASH,SUCCESS,2026-09-18 22:21:09
PAY-S-00751,,C0028,15840.2,NET_BANKING,SUCCESS,2026-09-18 18:33:39
PAY-S-00752,,C0082,1726.61,WALLET,SUCCESS,2026-09-18 17:31:25
PAY-S-00753,,C0092,2182.35,CASH,SUCCESS,2026-09-18 13:38:16
PAY-S-00754,,C0093,1927.4,WALLET,SUCCESS,2026-09-18 17:37:32
PAY-S-00755,,C0089,13037.04,CARD,SUCCESS,2026-09-18 22:20:41
PAY-S-00756,,C0052,151.73,CARD,SUCCESS,2026-09-18 14:19:29
PAY-S-00757,,C0097,9742.34,UPI,SUCCESS,2026-09-18 17:31:57
PAY-S-00758,,C0037,1461.95,NET_BANKING,SUCCESS,2026-09-18 15:38:44
PAY-S-00759,,C0024,10418.88,UPI,SUCCESS,2026-09-18 08:33:23
PAY-S-00760,,C0096,16723.24,NET_BANKING,SUCCESS,2026-09-18 11:15:39
PAY-S-00761,,C0017,4445.1,UPI,SUCCESS,2026-09-18 21:11:39
PAY-S-00762,,C0011,2078.2,NET_BANKING,SUCCESS,2026-09-18 02:04:39
PAY-S-00763,,C0057,6806.82,UPI,SUCCESS,2026-09-18 09:31:46
PAY-S-00764,,C0057,4333.83,WALLET,SUCCESS,2026-09-18 10:30:55
PAY-S-00765,,C0025,2697.51,WALLET,SUCCESS,2026-09-18 05:13:22
PAY-S-00766,,C0004,1689.23,NET_BANKING,SUCCESS,2026-09-18 11:26:42
PAY-S-00767,,C0078,3709.26,UPI,SUCCESS,2026-09-18 10:27:48
PAY-S-00768,,C0012,4381.17,UPI,SUCCESS,2026-09-18 14:17:03
PAY-S-00769,,C0063,4921.16,CARD,SUCCESS,2026-09-18 03:43:58
PAY-S-00770,,C0030,4069.93,CARD,SUCCESS,2026-09-18 04:53:30
PAY-S-00771,,C0078,2140.75,CARD,SUCCESS,2026-09-18 08:45:46
PAY-S-00772,,C0038,9261.51,CASH,SUCCESS,2026-09-18 00:15:32
PAY-S-00773,,C0003,1931.99,CASH,SUCCESS,2026-09-18 07:40:16
PAY-S-00774,,C0016,4219.08,UPI,SUCCESS,2026-09-18 16:02:41
PAY-S-00775,,C0055,12857.76,WALLET,SUCCESS,2026-09-18 01:36:20
PAY-S-00776,,C0088,9659.95,CASH,SUCCESS,2026-09-18 17:03:02
PAY-S-00777,,C0051,4878.28,NET_BANKING,SUCCESS,2026-09-18 20:40:31
PAY-S-00778,,C0009,13030.44,CARD,SUCCESS,2026-09-18 14:11:38
PAY-S-00779,,C0053,4988.63,WALLET,SUCCESS,2026-09-18 15:55:52
PAY-S-00780,,C0039,10088.43,UPI,SUCCESS,2026-09-18 02:57:04
PAY-S-00781,,C0046,12915.78,CARD,SUCCESS,2026-09-18 23:39:02
PAY-S-00782,,C0099,2414.56,WALLET,SUCCESS,2026-09-18 18:39:06
PAY-S-00783,,C0098,471.44,UPI,SUCCESS,2026-09-18 15:09:42
PAY-S-00784,,C0004,3523.44,UPI,SUCCESS,2026-09-18 14:54:36
PAY-S-00785,,C0071,5841.16,CASH,SUCCESS,2026-09-18 16:05:35
PAY-S-00786,,C0098,9977.26,NET_BANKING,SUCCESS,2026-09-18 23:04:18
PAY-S-00787,,C0034,21166.65,NET_BANKING,SUCCESS,2026-09-18 00:50:56
PAY-S-00788,,C0012,2211.74,UPI,SUCCESS,2026-09-18 06:23:26
PAY-S-00789,,C0089,19190.25,NET_BANKING,SUCCESS,2026-09-18 05:05:27
PAY-S-00790,,C0071,11880.15,CARD,SUCCESS,2026-09-18 08:09:21
PAY-S-00791,,C0096,4921.16,UPI,SUCCESS,2026-09-18 19:41:21
PAY-S-00792,,C0019,3353.73,WALLET,SUCCESS,2026-09-18 07:09:15
PAY-S-00793,,C0011,7522.68,CARD,SUCCESS,2026-09-18 05:13:50
PAY-S-00794,,C0062,18100.48,CARD,SUCCESS,2026-09-18 11:08:22
PAY-S-00795,,C0090,352.65,CARD,SUCCESS,2026-09-18 11:42:59
PAY-S-00796,,C0065,18992.56,CASH,SUCCESS,2026-09-18 08:36:08
PAY-S-00797,,C0053,948.34,CARD,SUCCESS,2026-09-18 01:10:23
PAY-S-00798,,C0076,5654.37,CASH,SUCCESS,2026-09-18 19:43:30
PAY-S-00799,,C0088,4040.32,WALLET,SUCCESS,2026-09-18 14:25:30
PAY-S-00800,,C0046,1798.34,NET_BANKING,SUCCESS,2026-09-18 14:20:19
PAY-S-00801,,C0012,21669.15,CASH,SUCCESS,2026-09-18 13:49:09
PAY-S-00802,,C0006,211.59,UPI,SUCCESS,2026-09-18 22:21:13
PAY-S-00803,,C0086,18528.92,CARD,SUCCESS,2026-09-18 00:45:59
PAY-S-00804,,C0028,2309.72,CASH,SUCCESS,2026-09-18 17:57:07
PAY-S-00805,,C0069,10254.84,NET_BANKING,SUCCESS,2026-09-18 04:49:25
PAY-S-00806,,C0098,6910.05,CASH,SUCCESS,2026-09-18 05:34:51
PAY-S-00807,,C0064,20349.65,CARD,FAILED,2026-09-18 12:26:04
PAY-S-00808,,C0040,15228.12,WALLET,SUCCESS,2026-09-18 18:37:15
PAY-S-00809,,C0048,7727.96,WALLET,SUCCESS,2026-09-18 02:31:52
PAY-S-00810,,C0050,7709.6,WALLET,SUCCESS,2026-09-18 13:31:54
PAY-S-00811,,C0046,2667.06,UPI,SUCCESS,2026-09-18 19:56:26
PAY-S-00812,,C0041,15045.36,WALLET,SUCCESS,2026-09-18 22:43:03
PAY-S-00813,,C0043,23686.4,CASH,SUCCESS,2026-09-18 12:15:33
PAY-S-00814,,C0049,17624.45,CASH,SUCCESS,2026-09-18 05:06:01
PAY-S-00815,,C0027,6910.05,CASH,SUCCESS,2026-09-18 03:19:47
PAY-S-00816,,C0054,12072.8,CASH,SUCCESS,2026-09-18 13:25:05
PAY-S-00817,,C0084,4737.28,UPI,SUCCESS,2026-09-18 16:50:47
PAY-S-00818,,C0020,2974.3,WALLET,SUCCESS,2026-09-18 11:15:24
PAY-S-00819,,C0011,4157.6,NET_BANKING,SUCCESS,2026-09-18 14:54:39
PAY-S-00820,,C0059,9358.9,WALLET,SUCCESS,2026-09-18 22:47:31
PAY-S-00821,,C0045,5782.2,NET_BANKING,SUCCESS,2026-09-18 16:20:53
PAY-S-00822,,C0099,3631.72,CARD,SUCCESS,2026-09-18 01:35:14
PAY-S-00823,,C0098,6253.41,UPI,SUCCESS,2026-09-18 02:58:59
PAY-S-00824,,C0011,9665.76,NET_BANKING,SUCCESS,2026-09-18 13:40:32
PAY-S-00825,,C0099,2642.58,UPI,SUCCESS,2026-09-18 17:08:41
PAY-S-00826,,C0014,2845.02,CASH,SUCCESS,2026-09-18 10:29:15
PAY-S-00827,,C0081,2800.42,UPI,SUCCESS,2026-09-18 12:54:42
PAY-S-00828,,C0089,7381.74,WALLET,FAILED,2026-09-18 22:13:20
PAY-S-00829,,C0020,16777.04,UPI,SUCCESS,2026-09-18 10:30:42
PAY-S-00830,,C0019,8571.84,WALLET,SUCCESS,2026-09-18 20:57:12
PAY-S-00831,,C0079,3631.72,CARD,SUCCESS,2026-09-18 15:13:50
PAY-S-00832,,C0063,1885.76,UPI,SUCCESS,2026-09-18 21:27:20
PAY-S-00833,,C0056,652.45,UPI,FAILED,2026-09-18 07:13:05
PAY-S-00834,,C0088,5856.1,WALLET,SUCCESS,2026-09-18 19:07:14
PAY-S-00835,,C0026,4963.9,WALLET,SUCCESS,2026-09-18 11:46:35
PAY-S-00836,,C0054,1154.86,WALLET,SUCCESS,2026-09-18 19:07:34
PAY-S-00837,,C0031,472.68,CASH,FAILED,2026-09-18 03:27:10
PAY-S-00838,,C0006,4513.08,UPI,SUCCESS,2026-09-18 16:15:35
PAY-S-00839,,C0042,2095.2,NET_BANKING,SUCCESS,2026-09-18 06:05:11
PAY-S-00840,,C0074,3025.52,CASH,SUCCESS,2026-09-18 13:21:42
PAY-S-00841,,C0069,8374.78,CASH,SUCCESS,2026-09-18 06:25:52
PAY-S-00842,,C0015,11514.15,NET_BANKING,SUCCESS,2026-09-18 04:08:00
PAY-S-00843,,C0001,8362.48,WALLET,SUCCESS,2026-09-18 11:28:25
PAY-S-00844,,C0096,4219.08,NET_BANKING,SUCCESS,2026-09-18 12:45:09
PAY-S-00845,,C0021,2335.71,CARD,SUCCESS,2026-09-18 21:41:43
PAY-S-00846,,C0028,10137.06,UPI,SUCCESS,2026-09-18 01:54:25
PAY-S-00847,,C0010,1871.78,NET_BANKING,SUCCESS,2026-09-18 22:24:20
PAY-S-00848,,C0051,3536.58,UPI,SUCCESS,2026-09-18 09:17:44
PAY-S-00849,,C0091,6422.25,UPI,SUCCESS,2026-09-18 06:18:34
PAY-S-00850,,C0080,14508.33,CARD,SUCCESS,2026-09-18 02:12:35
PAY-S-00851,,C0024,606.92,WALLET,SUCCESS,2026-09-18 18:53:36
PAY-S-00852,,C0015,4921.16,WALLET,SUCCESS,2026-09-18 03:57:35
PAY-S-00853,,C0092,1985.56,UPI,SUCCESS,2026-09-18 20:25:53
PAY-S-00854,,C0026,2974.3,CARD,SUCCESS,2026-09-18 07:41:34
PAY-S-00855,,C0078,9938.4,CARD,SUCCESS,2026-09-18 09:14:23
PAY-S-00856,,C0009,18806.7,CARD,SUCCESS,2026-09-18 11:09:57
PAY-S-00857,,C0092,19800.25,CASH,SUCCESS,2026-09-18 04:58:22
PAY-S-00858,,C0040,8719.95,CARD,SUCCESS,2026-09-18 07:22:58
PAY-S-00859,,C0084,18992.56,WALLET,SUCCESS,2026-09-18 17:33:10
PAY-S-00860,,C0090,8306.2,CARD,SUCCESS,2026-09-18 11:33:23
PAY-S-00861,,C0036,517.02,CARD,SUCCESS,2026-09-18 13:28:52
PAY-S-00862,,C0040,11897.2,NET_BANKING,SUCCESS,2026-09-18 07:29:39
PAY-S-00863,,C0010,8446.15,CASH,SUCCESS,2026-09-18 19:28:34
PAY-S-00864,,C0063,826.23,CASH,SUCCESS,2026-09-18 15:36:31
PAY-S-00865,,C0038,12459.3,CASH,SUCCESS,2026-09-18 22:07:34
PAY-S-00866,,C0046,7309.75,UPI,SUCCESS,2026-09-18 15:03:14
PAY-S-00867,,C0015,457.27,WALLET,FAILED,2026-09-18 13:50:05
PAY-S-00868,,C0035,6725.62,WALLET,SUCCESS,2026-09-18 21:49:27
PAY-S-00869,,C0007,23686.4,WALLET,SUCCESS,2026-09-18 12:38:59
PAY-S-00870,,C0072,1219.57,CARD,SUCCESS,2026-09-18 09:37:21
PAY-S-00871,,C0034,9268.26,CASH,SUCCESS,2026-09-18 15:39:34
PAY-S-00872,,C0062,1884.79,WALLET,SUCCESS,2026-09-18 08:26:21
PAY-S-00873,,C0030,13896.69,UPI,SUCCESS,2026-09-18 10:34:08
PAY-S-00874,,C0050,8726.43,WALLET,SUCCESS,2026-09-18 21:49:13
PAY-S-00875,,C0085,11848.8,NET_BANKING,SUCCESS,2026-09-18 23:59:59
PAY-S-00876,,C0003,1048.75,WALLET,FAILED,2026-09-18 15:52:31
PAY-S-00877,,C0090,1155.71,WALLET,SUCCESS,2026-09-18 07:10:30
PAY-S-00878,,C0097,2369.76,WALLET,SUCCESS,2026-09-18 10:54:48
PAY-S-00879,,C0053,3812.6,CARD,SUCCESS,2026-09-18 17:16:06
PAY-S-00880,,C0074,826.23,CARD,SUCCESS,2026-09-18 16:18:58
PAY-S-00881,,C0010,2609.8,NET_BANKING,SUCCESS,2026-09-18 17:12:36
PAY-S-00882,,C0074,7897.7,CARD,SUCCESS,2026-09-18 19:44:28
PAY-S-00883,,C0004,12542.76,NET_BANKING,SUCCESS,2026-09-18 19:48:17
PAY-S-00884,,C0064,2244.93,CARD,SUCCESS,2026-09-18 23:39:46
PAY-S-00885,,C0032,20765.5,NET_BANKING,SUCCESS,2026-09-18 04:47:36
PAY-S-00886,,C0048,12897.9,NET_BANKING,SUCCESS,2026-09-18 16:50:25
PAY-S-00887,,C0071,13575.36,NET_BANKING,SUCCESS,2026-09-18 05:41:41
PAY-S-00888,,C0091,8761.74,WALLET,SUCCESS,2026-09-18 02:48:30
PAY-S-00889,,C0005,344.68,UPI,SUCCESS,2026-09-18 22:17:03
PAY-S-00890,,C0066,3206.05,WALLET,SUCCESS,2026-09-18 18:39:37
PAY-S-00891,,C0023,352.65,UPI,SUCCESS,2026-09-18 16:22:52
PAY-S-00892,,C0014,2439.14,NET_BANKING,SUCCESS,2026-09-18 17:44:12
PAY-S-00893,,C0090,2872.75,NET_BANKING,SUCCESS,2026-09-18 10:44:43
PAY-S-00894,,C0045,8297.85,CASH,SUCCESS,2026-09-18 08:06:22
PAY-S-00895,,C0040,4734.16,NET_BANKING,SUCCESS,2026-09-18 01:56:11
PAY-S-00896,,C0053,246.14,NET_BANKING,SUCCESS,2026-09-18 01:37:01
PAY-S-00897,,C0087,652.45,UPI,SUCCESS,2026-09-18 19:20:11
PAY-S-00898,,C0084,1048.75,CASH,SUCCESS,2026-09-18 19:35:12
PAY-S-00899,,C0018,9261.51,WALLET,SUCCESS,2026-09-18 14:44:40
PAY-S-00900,,C0022,4495.85,WALLET,FAILED,2026-09-18 09:34:57
PAY-S-00901,,C0061,5917.7,UPI,SUCCESS,2026-09-18 23:10:13
PAY-S-00902,,C0039,1105.87,CARD,SUCCESS,2026-09-18 18:57:32
PAY-S-00903,,C0054,14099.56,CARD,SUCCESS,2026-09-18 16:33:55
PAY-S-00904,,C0094,9764.42,NET_BANKING,SUCCESS,2026-09-18 21:12:38
PAY-S-00905,,C0069,5529.35,WALLET,SUCCESS,2026-09-18 05:10:26
PAY-S-00906,,C0066,471.44,WALLET,SUCCESS,2026-09-18 22:04:34
PAY-S-00907,,C0055,18213.8,CARD,SUCCESS,2026-09-18 05:26:00
PAY-S-00908,,C0069,7021.5,NET_BANKING,SUCCESS,2026-09-18 09:28:27
PAY-S-00909,,C0002,8571.84,UPI,SUCCESS,2026-09-18 15:52:20
PAY-S-00910,,C0038,2667.06,UPI,SUCCESS,2026-09-18 00:35:13
PAY-S-00911,,C0080,5304.87,UPI,SUCCESS,2026-09-18 03:07:05
PAY-S-00912,,C0063,727.51,NET_BANKING,SUCCESS,2026-09-18 12:50:16
PAY-S-00913,,C0034,12818.55,WALLET,SUCCESS,2026-09-18 12:28:12
PAY-S-00914,,C0060,9938.4,NET_BANKING,SUCCESS,2026-09-18 15:16:05
PAY-S-00915,,C0016,9777.78,NET_BANKING,SUCCESS,2026-09-18 10:52:02
PAY-S-00916,,C0090,21429.6,CASH,SUCCESS,2026-09-18 13:46:41
PAY-S-00917,,C0030,2256.54,UPI,SUCCESS,2026-09-18 20:51:24
PAY-S-00918,,C0014,419.04,CARD,SUCCESS,2026-09-18 07:25:36
PAY-S-00919,,C0089,22449.45,UPI,SUCCESS,2026-09-18 05:45:22
PAY-S-00920,,C0022,1557.14,CARD,SUCCESS,2026-09-18 07:41:44
PAY-S-00921,,C0015,22767.25,CASH,SUCCESS,2026-09-18 03:31:39
PAY-S-00922,,C0028,4194.26,CASH,SUCCESS,2026-09-18 22:47:41
PAY-S-00923,,C0028,11049.9,UPI,SUCCESS,2026-09-18 09:01:49
PAY-S-00924,,C0021,8306.2,CARD,SUCCESS,2026-09-18 00:12:34
PAY-S-00925,,C0059,2667.06,WALLET,SUCCESS,2026-09-18 17:44:22
PAY-S-00926,,C0099,16270.36,CARD,SUCCESS,2026-09-18 02:41:25
PAY-S-00927,,C0070,9106.9,UPI,SUCCESS,2026-09-18 01:15:54
PAY-S-00928,,C0044,2252.0,CASH,SUCCESS,2026-09-18 07:14:26
PAY-S-00929,,C0045,1377.05,CARD,SUCCESS,2026-09-18 15:28:10
PAY-S-00930,,C0001,492.28,WALLET,SUCCESS,2026-09-18 16:42:12
PAY-S-00931,,C0044,20765.5,NET_BANKING,SUCCESS,2026-09-18 15:40:22
PAY-S-00932,,C0092,8839.92,CASH,SUCCESS,2026-09-18 21:32:12
PAY-S-00933,,C0027,3403.41,CASH,SUCCESS,2026-09-18 01:46:31
PAY-S-00934,,C0069,2201.38,NET_BANKING,SUCCESS,2026-09-18 14:25:25
PAY-S-00935,,C0009,21669.15,CARD,SUCCESS,2026-09-18 02:36:44
PAY-S-00936,,C0052,10781.92,CARD,SUCCESS,2026-09-18 17:13:40
PAY-S-00937,,C0040,1931.99,WALLET,SUCCESS,2026-09-18 07:11:17
PAY-S-00938,,C0069,6515.22,UPI,SUCCESS,2026-09-18 06:54:36
PAY-S-00939,,C0075,517.02,CARD,SUCCESS,2026-09-18 00:43:49
PAY-S-00940,,C0040,9496.28,NET_BANKING,SUCCESS,2026-09-18 18:42:07
PAY-S-00941,,C0070,17959.56,CASH,SUCCESS,2026-09-18 12:21:14
PAY-S-00942,,C0064,18213.8,CARD,SUCCESS,2026-09-18 16:14:23
PAY-S-00943,,C0007,1054.77,WALLET,SUCCESS,2026-09-18 20:07:52
PAY-S-00944,,C0023,10137.06,NET_BANKING,SUCCESS,2026-09-18 09:31:21
PAY-S-00945,,C0082,2209.98,CARD,SUCCESS,2026-09-18 12:12:53
PAY-S-00946,,C0067,9531.5,UPI,SUCCESS,2026-09-18 19:41:42
PAY-S-00947,,C0060,19954.52,UPI,SUCCESS,2026-09-18 01:42:39
PAY-S-00948,,C0100,1219.57,NET_BANKING,SUCCESS,2026-09-18 22:11:49
PAY-S-00949,,C0033,961.11,NET_BANKING,SUCCESS,2026-09-18 16:40:22
PAY-S-00950,,C0010,11049.9,CARD,SUCCESS,2026-09-18 10:22:51
PAY-S-00951,,C0016,9938.4,CASH,SUCCESS,2026-09-18 00:17:41
PAY-S-00952,,C0082,19769.6,NET_BANKING,SUCCESS,2026-09-18 09:53:19
PAY-S-00953,,C0097,748.31,UPI,SUCCESS,2026-09-18 19:51:53
PAY-S-00954,,C0032,7398.32,WALLET,SUCCESS,2026-09-18 05:31:26
PAY-S-00955,,C0030,3513.66,NET_BANKING,SUCCESS,2026-09-18 14:46:39
PAY-S-00956,,C0035,4187.39,NET_BANKING,SUCCESS,2026-09-18 05:19:29
PAY-S-00957,,C0023,8560.6,WALLET,SUCCESS,2026-09-18 16:22:54
PAY-S-00958,,C0056,1732.29,WALLET,SUCCESS,2026-09-18 12:29:27
PAY-S-00959,,C0064,1260.36,NET_BANKING,SUCCESS,2026-09-18 23:22:10
PAY-S-00960,,C0023,14072.24,WALLET,SUCCESS,2026-09-18 19:02:33
PAY-S-00961,,C0022,6769.62,WALLET,SUCCESS,2026-09-18 20:44:35
PAY-S-00962,,C0037,7522.68,UPI,SUCCESS,2026-09-18 16:13:20
PAY-S-00963,,C0066,1726.61,CARD,SUCCESS,2026-09-18 22:47:52
PAY-S-00964,,C0070,11700.92,CASH,SUCCESS,2026-09-18 10:45:09
PAY-S-00965,,C0054,3453.22,WALLET,SUCCESS,2026-09-18 16:27:40
PAY-S-00966,,C0021,13660.35,UPI,SUCCESS,2026-09-18 07:45:55
PAY-S-00967,,C0036,14211.84,NET_BANKING,SUCCESS,2026-09-18 23:28:39
PAY-S-00968,,C0067,6108.93,UPI,SUCCESS,2026-09-18 07:34:31
PAY-S-00969,,C0087,5575.6,WALLET,SUCCESS,2026-09-18 02:59:57
PAY-S-00970,,C0026,1115.12,UPI,SUCCESS,2026-09-18 06:52:47
PAY-S-00971,,C0094,8306.2,CASH,SUCCESS,2026-09-18 03:26:43
PAY-S-00972,,C0044,8337.88,CARD,SUCCESS,2026-09-18 00:44:24
PAY-S-00973,,C0089,2078.8,NET_BANKING,SUCCESS,2026-09-18 15:40:50
PAY-S-00974,,C0059,17335.32,CASH,SUCCESS,2026-09-18 23:41:01
PAY-S-00975,,C0057,9358.9,NET_BANKING,SUCCESS,2026-09-18 10:35:45
PAY-S-00976,,C0063,2956.62,NET_BANKING,SUCCESS,2026-09-18 16:57:21
PAY-S-00977,,C0042,16296.3,CASH,SUCCESS,2026-09-18 14:46:00
PAY-S-00978,,C0037,15045.36,CARD,SUCCESS,2026-09-18 14:32:08
PAY-S-00979,,C0077,6769.62,CASH,SUCCESS,2026-09-18 11:38:40
PAY-S-00980,,C0073,8361.84,UPI,SUCCESS,2026-09-18 17:25:38
PAY-S-00981,,C0046,2883.33,CASH,SUCCESS,2026-09-18 07:46:47
PAY-S-00982,,C0062,992.78,WALLET,SUCCESS,2026-09-18 02:14:36
PAY-S-00983,,C0092,9213.4,NET_BANKING,SUCCESS,2026-09-18 02:05:02
PAY-S-00984,,C0017,877.95,CARD,SUCCESS,2026-09-18 14:29:11
PAY-S-00985,,C0039,14871.5,CASH,SUCCESS,2026-09-18 00:14:33
PAY-S-00986,,C0030,8783.16,WALLET,SUCCESS,2026-09-18 05:54:52
PAY-S-00987,,C0100,9106.9,CASH,SUCCESS,2026-09-18 00:03:05
PAY-S-00988,,C0023,8998.3,NET_BANKING,SUCCESS,2026-09-18 15:36:11
PAY-S-00989,,C0074,10554.18,NET_BANKING,SUCCESS,2026-09-18 00:06:58
PAY-S-00990,,C0046,2956.62,WALLET,SUCCESS,2026-09-18 00:16:17
PAY-S-00991,,C0037,9081.62,CARD,FAILED,2026-09-18 23:08:24
PAY-S-00992,,C0083,10887.48,NET_BANKING,SUCCESS,2026-09-18 21:03:26
PAY-S-00993,,C0016,2298.2,UPI,SUCCESS,2026-09-18 01:45:52
PAY-S-00994,,C0074,2414.56,CASH,SUCCESS,2026-09-18 23:06:34
PAY-S-00995,,C0011,2993.24,CASH,SUCCESS,2026-09-18 22:34:51
PAY-S-00996,,C0042,6518.52,UPI,SUCCESS,2026-09-18 09:55:22
PAY-S-00997,,C0051,1149.1,CARD,SUCCESS,2026-09-18 04:21:08
PAY-S-00998,,C0025,6174.34,CASH,SUCCESS,2026-09-18 05:08:06
PAY-S-00999,,C0079,8315.2,CASH,SUCCESS,2026-09-18 06:00:47
PAY-S-01000,,C0083,4219.08,CARD,SUCCESS,2026-09-18 19:54:03
